This is pdfTeX, Version 3.141592653-2.6-1.40.27 (TeX Live 2025) (preloaded format=pdflatex 2025.3.8)  21 MAY 2026 14:43
entering extended mode
 \write18 enabled.
 file:line:error style messages enabled.
 %&-line parsing enabled.
**main.tex
(./main.tex
LaTeX2e <2024-11-01> patch level 2
L3 programming layer <2025-01-18>
(/usr/local/texlive/2025/texmf-dist/tex/latex/base/book.cls
Document Class: book 2024/06/29 v1.4n Standard LaTeX document class
(/usr/local/texlive/2025/texmf-dist/tex/latex/base/bk10.clo
File: bk10.clo 2024/06/29 v1.4n Standard LaTeX file (size option)
)
\c@part=\count196
\c@chapter=\count197
\c@section=\count198
\c@subsection=\count199
\c@subsubsection=\count266
\c@paragraph=\count267
\c@subparagraph=\count268
\c@figure=\count269
\c@table=\count270
\abovecaptionskip=\skip49
\belowcaptionskip=\skip50
\bibindent=\dimen141
)
(/usr/local/texlive/2025/texmf-dist/tex/latex/xcolor/xcolor.sty
Package: xcolor 2024/09/29 v3.02 LaTeX color extensions (UK)

(/usr/local/texlive/2025/texmf-dist/tex/latex/graphics-cfg/color.cfg
File: color.cfg 2016/01/02 v1.6 sample color configuration
)
Package xcolor Info: Driver file: pdftex.def on input line 274.

(/usr/local/texlive/2025/texmf-dist/tex/latex/graphics-def/pdftex.def
File: pdftex.def 2024/04/13 v1.2c Graphics/color driver for pdftex
)
(/usr/local/texlive/2025/texmf-dist/tex/latex/graphics/mathcolor.ltx)
Package xcolor Info: Model `cmy' substituted by `cmy0' on input line 1349.
Package xcolor Info: Model `hsb' substituted by `rgb' on input line 1353.
Package xcolor Info: Model `RGB' extended on input line 1365.
Package xcolor Info: Model `HTML' substituted by `rgb' on input line 1367.
Package xcolor Info: Model `Hsb' substituted by `hsb' on input line 1368.
Package xcolor Info: Model `tHsb' substituted by `hsb' on input line 1369.
Package xcolor Info: Model `HSB' substituted by `hsb' on input line 1370.
Package xcolor Info: Model `Gray' substituted by `gray' on input line 1371.
Package xcolor Info: Model `wave' substituted by `hsb' on input line 1372.
)
(/usr/local/texlive/2025/texmf-dist/tex/latex/xcolor/svgnam.def
File: svgnam.def 2024/09/29 v3.02 Predefined colors according to SVG 1.1 (UK)
)
(/usr/local/texlive/2025/texmf-dist/tex/latex/colortbl/colortbl.sty
Package: colortbl 2024/07/06 v1.0i Color table columns (DPC)

(/usr/local/texlive/2025/texmf-dist/tex/latex/tools/array.sty
Package: array 2024/10/17 v2.6g Tabular extension package (FMi)
\col@sep=\dimen142
\ar@mcellbox=\box52
\extrarowheight=\dimen143
\NC@list=\toks17
\extratabsurround=\skip51
\backup@length=\skip52
\ar@cellbox=\box53
)
\everycr=\toks18
\minrowclearance=\skip53
\rownum=\count271
)
(/usr/local/texlive/2025/texmf-dist/tex/latex/xcolor/x11nam.def
File: x11nam.def 2024/09/29 v3.02 Predefined colors according to Unix/X11 (UK)
)
(/usr/local/texlive/2025/texmf-dist/tex/latex/graphics/lscape.sty
Package: lscape 2020/05/28 v3.02 Landscape Pages (DPC)

(/usr/local/texlive/2025/texmf-dist/tex/latex/graphics/graphics.sty
Package: graphics 2024/08/06 v1.4g Standard LaTeX Graphics (DPC,SPQR)

(/usr/local/texlive/2025/texmf-dist/tex/latex/graphics/trig.sty
Package: trig 2023/12/02 v1.11 sin cos tan (DPC)
)
(/usr/local/texlive/2025/texmf-dist/tex/latex/graphics-cfg/graphics.cfg
File: graphics.cfg 2016/06/04 v1.11 sample graphics configuration
)
Package graphics Info: Driver file: pdftex.def on input line 106.
))
(/usr/local/texlive/2025/texmf-dist/tex/latex/graphics/graphicx.sty
Package: graphicx 2021/09/16 v1.2d Enhanced LaTeX Graphics (DPC,SPQR)

(/usr/local/texlive/2025/texmf-dist/tex/latex/graphics/keyval.sty
Package: keyval 2022/05/29 v1.15 key=value parser (DPC)
\KV@toks@=\toks19
)
\Gin@req@height=\dimen144
\Gin@req@width=\dimen145
)
(/usr/local/texlive/2025/texmf-dist/tex/latex/lm/lmodern.sty
Package: lmodern 2015/05/01 v1.6.1 Latin Modern Fonts
LaTeX Font Info:    Overwriting symbol font `operators' in version `normal'
(Font)                  OT1/cmr/m/n --> OT1/lmr/m/n on input line 22.
LaTeX Font Info:    Overwriting symbol font `letters' in version `normal'
(Font)                  OML/cmm/m/it --> OML/lmm/m/it on input line 23.
LaTeX Font Info:    Overwriting symbol font `symbols' in version `normal'
(Font)                  OMS/cmsy/m/n --> OMS/lmsy/m/n on input line 24.
LaTeX Font Info:    Overwriting symbol font `largesymbols' in version `normal'
(Font)                  OMX/cmex/m/n --> OMX/lmex/m/n on input line 25.
LaTeX Font Info:    Overwriting symbol font `operators' in version `bold'
(Font)                  OT1/cmr/bx/n --> OT1/lmr/bx/n on input line 26.
LaTeX Font Info:    Overwriting symbol font `letters' in version `bold'
(Font)                  OML/cmm/b/it --> OML/lmm/b/it on input line 27.
LaTeX Font Info:    Overwriting symbol font `symbols' in version `bold'
(Font)                  OMS/cmsy/b/n --> OMS/lmsy/b/n on input line 28.
LaTeX Font Info:    Overwriting symbol font `largesymbols' in version `bold'
(Font)                  OMX/cmex/m/n --> OMX/lmex/m/n on input line 29.
LaTeX Font Info:    Overwriting math alphabet `\mathbf' in version `normal'
(Font)                  OT1/cmr/bx/n --> OT1/lmr/bx/n on input line 31.
LaTeX Font Info:    Overwriting math alphabet `\mathsf' in version `normal'
(Font)                  OT1/cmss/m/n --> OT1/lmss/m/n on input line 32.
LaTeX Font Info:    Overwriting math alphabet `\mathit' in version `normal'
(Font)                  OT1/cmr/m/it --> OT1/lmr/m/it on input line 33.
LaTeX Font Info:    Overwriting math alphabet `\mathtt' in version `normal'
(Font)                  OT1/cmtt/m/n --> OT1/lmtt/m/n on input line 34.
LaTeX Font Info:    Overwriting math alphabet `\mathbf' in version `bold'
(Font)                  OT1/cmr/bx/n --> OT1/lmr/bx/n on input line 35.
LaTeX Font Info:    Overwriting math alphabet `\mathsf' in version `bold'
(Font)                  OT1/cmss/bx/n --> OT1/lmss/bx/n on input line 36.
LaTeX Font Info:    Overwriting math alphabet `\mathit' in version `bold'
(Font)                  OT1/cmr/bx/it --> OT1/lmr/bx/it on input line 37.
LaTeX Font Info:    Overwriting math alphabet `\mathtt' in version `bold'
(Font)                  OT1/cmtt/m/n --> OT1/lmtt/m/n on input line 38.
)
(/usr/local/texlive/2025/texmf-dist/tex/latex/incgraph/incgraph.sty
Package: incgraph 2024/03/14 v1.3.0 LaTeX special graphics inclusion

(/usr/local/texlive/2025/texmf-dist/tex/latex/pgf/basiclayer/pgf.sty
(/usr/local/texlive/2025/texmf-dist/tex/latex/pgf/utilities/pgfrcs.sty
(/usr/local/texlive/2025/texmf-dist/tex/generic/pgf/utilities/pgfutil-common.te
x
\pgfutil@everybye=\toks20
\pgfutil@tempdima=\dimen146
\pgfutil@tempdimb=\dimen147
)
(/usr/local/texlive/2025/texmf-dist/tex/generic/pgf/utilities/pgfutil-latex.def
\pgfutil@abb=\box54
) (/usr/local/texlive/2025/texmf-dist/tex/generic/pgf/utilities/pgfrcs.code.tex
(/usr/local/texlive/2025/texmf-dist/tex/generic/pgf/pgf.revision.tex)
Package: pgfrcs 2023-01-15 v3.1.10 (3.1.10)
))
Package: pgf 2023-01-15 v3.1.10 (3.1.10)

(/usr/local/texlive/2025/texmf-dist/tex/latex/pgf/basiclayer/pgfcore.sty
(/usr/local/texlive/2025/texmf-dist/tex/latex/pgf/systemlayer/pgfsys.sty
(/usr/local/texlive/2025/texmf-dist/tex/generic/pgf/systemlayer/pgfsys.code.tex
Package: pgfsys 2023-01-15 v3.1.10 (3.1.10)
(/usr/local/texlive/2025/texmf-dist/tex/generic/pgf/utilities/pgfkeys.code.tex
\pgfkeys@pathtoks=\toks21
\pgfkeys@temptoks=\toks22

(/usr/local/texlive/2025/texmf-dist/tex/generic/pgf/utilities/pgfkeyslibraryfil
tered.code.tex
\pgfkeys@tmptoks=\toks23
))
\pgf@x=\dimen148
\pgf@y=\dimen149
\pgf@xa=\dimen150
\pgf@ya=\dimen151
\pgf@xb=\dimen152
\pgf@yb=\dimen153
\pgf@xc=\dimen154
\pgf@yc=\dimen155
\pgf@xd=\dimen156
\pgf@yd=\dimen157
\w@pgf@writea=\write3
\r@pgf@reada=\read2
\c@pgf@counta=\count272
\c@pgf@countb=\count273
\c@pgf@countc=\count274
\c@pgf@countd=\count275
\t@pgf@toka=\toks24
\t@pgf@tokb=\toks25
\t@pgf@tokc=\toks26
\pgf@sys@id@count=\count276

(/usr/local/texlive/2025/texmf-dist/tex/generic/pgf/systemlayer/pgf.cfg
File: pgf.cfg 2023-01-15 v3.1.10 (3.1.10)
)
Driver file for pgf: pgfsys-pdftex.def

(/usr/local/texlive/2025/texmf-dist/tex/generic/pgf/systemlayer/pgfsys-pdftex.d
ef
File: pgfsys-pdftex.def 2023-01-15 v3.1.10 (3.1.10)

(/usr/local/texlive/2025/texmf-dist/tex/generic/pgf/systemlayer/pgfsys-common-p
df.def
File: pgfsys-common-pdf.def 2023-01-15 v3.1.10 (3.1.10)
)))
(/usr/local/texlive/2025/texmf-dist/tex/generic/pgf/systemlayer/pgfsyssoftpath.
code.tex
File: pgfsyssoftpath.code.tex 2023-01-15 v3.1.10 (3.1.10)
\pgfsyssoftpath@smallbuffer@items=\count277
\pgfsyssoftpath@bigbuffer@items=\count278
)
(/usr/local/texlive/2025/texmf-dist/tex/generic/pgf/systemlayer/pgfsysprotocol.
code.tex
File: pgfsysprotocol.code.tex 2023-01-15 v3.1.10 (3.1.10)
))
(/usr/local/texlive/2025/texmf-dist/tex/generic/pgf/basiclayer/pgfcore.code.tex
Package: pgfcore 2023-01-15 v3.1.10 (3.1.10)
(/usr/local/texlive/2025/texmf-dist/tex/generic/pgf/math/pgfmath.code.tex
(/usr/local/texlive/2025/texmf-dist/tex/generic/pgf/math/pgfmathutil.code.tex)
(/usr/local/texlive/2025/texmf-dist/tex/generic/pgf/math/pgfmathparser.code.tex
\pgfmath@dimen=\dimen158
\pgfmath@count=\count279
\pgfmath@box=\box55
\pgfmath@toks=\toks27
\pgfmath@stack@operand=\toks28
\pgfmath@stack@operation=\toks29
)
(/usr/local/texlive/2025/texmf-dist/tex/generic/pgf/math/pgfmathfunctions.code.
tex)
(/usr/local/texlive/2025/texmf-dist/tex/generic/pgf/math/pgfmathfunctions.basic
.code.tex)
(/usr/local/texlive/2025/texmf-dist/tex/generic/pgf/math/pgfmathfunctions.trigo
nometric.code.tex)
(/usr/local/texlive/2025/texmf-dist/tex/generic/pgf/math/pgfmathfunctions.rando
m.code.tex)
(/usr/local/texlive/2025/texmf-dist/tex/generic/pgf/math/pgfmathfunctions.compa
rison.code.tex)
(/usr/local/texlive/2025/texmf-dist/tex/generic/pgf/math/pgfmathfunctions.base.
code.tex)
(/usr/local/texlive/2025/texmf-dist/tex/generic/pgf/math/pgfmathfunctions.round
.code.tex)
(/usr/local/texlive/2025/texmf-dist/tex/generic/pgf/math/pgfmathfunctions.misc.
code.tex)
(/usr/local/texlive/2025/texmf-dist/tex/generic/pgf/math/pgfmathfunctions.integ
erarithmetics.code.tex)
(/usr/local/texlive/2025/texmf-dist/tex/generic/pgf/math/pgfmathcalc.code.tex)
(/usr/local/texlive/2025/texmf-dist/tex/generic/pgf/math/pgfmathfloat.code.tex
\c@pgfmathroundto@lastzeros=\count280
)) (/usr/local/texlive/2025/texmf-dist/tex/generic/pgf/math/pgfint.code.tex)
(/usr/local/texlive/2025/texmf-dist/tex/generic/pgf/basiclayer/pgfcorepoints.co
de.tex
File: pgfcorepoints.code.tex 2023-01-15 v3.1.10 (3.1.10)
\pgf@picminx=\dimen159
\pgf@picmaxx=\dimen160
\pgf@picminy=\dimen161
\pgf@picmaxy=\dimen162
\pgf@pathminx=\dimen163
\pgf@pathmaxx=\dimen164
\pgf@pathminy=\dimen165
\pgf@pathmaxy=\dimen166
\pgf@xx=\dimen167
\pgf@xy=\dimen168
\pgf@yx=\dimen169
\pgf@yy=\dimen170
\pgf@zx=\dimen171
\pgf@zy=\dimen172
)
(/usr/local/texlive/2025/texmf-dist/tex/generic/pgf/basiclayer/pgfcorepathconst
ruct.code.tex
File: pgfcorepathconstruct.code.tex 2023-01-15 v3.1.10 (3.1.10)
\pgf@path@lastx=\dimen173
\pgf@path@lasty=\dimen174
)
(/usr/local/texlive/2025/texmf-dist/tex/generic/pgf/basiclayer/pgfcorepathusage
.code.tex
File: pgfcorepathusage.code.tex 2023-01-15 v3.1.10 (3.1.10)
\pgf@shorten@end@additional=\dimen175
\pgf@shorten@start@additional=\dimen176
)
(/usr/local/texlive/2025/texmf-dist/tex/generic/pgf/basiclayer/pgfcorescopes.co
de.tex
File: pgfcorescopes.code.tex 2023-01-15 v3.1.10 (3.1.10)
\pgfpic=\box56
\pgf@hbox=\box57
\pgf@layerbox@main=\box58
\pgf@picture@serial@count=\count281
)
(/usr/local/texlive/2025/texmf-dist/tex/generic/pgf/basiclayer/pgfcoregraphicst
ate.code.tex
File: pgfcoregraphicstate.code.tex 2023-01-15 v3.1.10 (3.1.10)
\pgflinewidth=\dimen177
)
(/usr/local/texlive/2025/texmf-dist/tex/generic/pgf/basiclayer/pgfcoretransform
ations.code.tex
File: pgfcoretransformations.code.tex 2023-01-15 v3.1.10 (3.1.10)
\pgf@pt@x=\dimen178
\pgf@pt@y=\dimen179
\pgf@pt@temp=\dimen180
)
(/usr/local/texlive/2025/texmf-dist/tex/generic/pgf/basiclayer/pgfcorequick.cod
e.tex
File: pgfcorequick.code.tex 2023-01-15 v3.1.10 (3.1.10)
)
(/usr/local/texlive/2025/texmf-dist/tex/generic/pgf/basiclayer/pgfcoreobjects.c
ode.tex
File: pgfcoreobjects.code.tex 2023-01-15 v3.1.10 (3.1.10)
)
(/usr/local/texlive/2025/texmf-dist/tex/generic/pgf/basiclayer/pgfcorepathproce
ssing.code.tex
File: pgfcorepathprocessing.code.tex 2023-01-15 v3.1.10 (3.1.10)
)
(/usr/local/texlive/2025/texmf-dist/tex/generic/pgf/basiclayer/pgfcorearrows.co
de.tex
File: pgfcorearrows.code.tex 2023-01-15 v3.1.10 (3.1.10)
\pgfarrowsep=\dimen181
)
(/usr/local/texlive/2025/texmf-dist/tex/generic/pgf/basiclayer/pgfcoreshade.cod
e.tex
File: pgfcoreshade.code.tex 2023-01-15 v3.1.10 (3.1.10)
\pgf@max=\dimen182
\pgf@sys@shading@range@num=\count282
\pgf@shadingcount=\count283
)
(/usr/local/texlive/2025/texmf-dist/tex/generic/pgf/basiclayer/pgfcoreimage.cod
e.tex
File: pgfcoreimage.code.tex 2023-01-15 v3.1.10 (3.1.10)
)
(/usr/local/texlive/2025/texmf-dist/tex/generic/pgf/basiclayer/pgfcoreexternal.
code.tex
File: pgfcoreexternal.code.tex 2023-01-15 v3.1.10 (3.1.10)
\pgfexternal@startupbox=\box59
)
(/usr/local/texlive/2025/texmf-dist/tex/generic/pgf/basiclayer/pgfcorelayers.co
de.tex
File: pgfcorelayers.code.tex 2023-01-15 v3.1.10 (3.1.10)
)
(/usr/local/texlive/2025/texmf-dist/tex/generic/pgf/basiclayer/pgfcoretranspare
ncy.code.tex
File: pgfcoretransparency.code.tex 2023-01-15 v3.1.10 (3.1.10)
)
(/usr/local/texlive/2025/texmf-dist/tex/generic/pgf/basiclayer/pgfcorepatterns.
code.tex
File: pgfcorepatterns.code.tex 2023-01-15 v3.1.10 (3.1.10)
)
(/usr/local/texlive/2025/texmf-dist/tex/generic/pgf/basiclayer/pgfcorerdf.code.
tex
File: pgfcorerdf.code.tex 2023-01-15 v3.1.10 (3.1.10)
)))
(/usr/local/texlive/2025/texmf-dist/tex/generic/pgf/modules/pgfmoduleshapes.cod
e.tex
File: pgfmoduleshapes.code.tex 2023-01-15 v3.1.10 (3.1.10)
\pgfnodeparttextbox=\box60
)
(/usr/local/texlive/2025/texmf-dist/tex/generic/pgf/modules/pgfmoduleplot.code.
tex
File: pgfmoduleplot.code.tex 2023-01-15 v3.1.10 (3.1.10)
)
(/usr/local/texlive/2025/texmf-dist/tex/latex/pgf/compatibility/pgfcomp-version
-0-65.sty
Package: pgfcomp-version-0-65 2023-01-15 v3.1.10 (3.1.10)
\pgf@nodesepstart=\dimen183
\pgf@nodesepend=\dimen184
)
(/usr/local/texlive/2025/texmf-dist/tex/latex/pgf/compatibility/pgfcomp-version
-1-18.sty
Package: pgfcomp-version-1-18 2023-01-15 v3.1.10 (3.1.10)
))
(/usr/local/texlive/2025/texmf-dist/tex/latex/pgf/utilities/pgffor.sty
(/usr/local/texlive/2025/texmf-dist/tex/latex/pgf/utilities/pgfkeys.sty
(/usr/local/texlive/2025/texmf-dist/tex/generic/pgf/utilities/pgfkeys.code.tex)
) (/usr/local/texlive/2025/texmf-dist/tex/latex/pgf/math/pgfmath.sty
(/usr/local/texlive/2025/texmf-dist/tex/generic/pgf/math/pgfmath.code.tex))
(/usr/local/texlive/2025/texmf-dist/tex/generic/pgf/utilities/pgffor.code.tex
Package: pgffor 2023-01-15 v3.1.10 (3.1.10)
\pgffor@iter=\dimen185
\pgffor@skip=\dimen186
\pgffor@stack=\toks30
\pgffor@toks=\toks31
)) (/usr/local/texlive/2025/texmf-dist/tex/latex/bookmark/bookmark.sty
Package: bookmark 2023-12-10 v1.31 PDF bookmarks (HO)

(/usr/local/texlive/2025/texmf-dist/tex/latex/hyperref/hyperref.sty
Package: hyperref 2024-11-05 v7.01l Hypertext links for LaTeX

(/usr/local/texlive/2025/texmf-dist/tex/generic/iftex/iftex.sty
Package: iftex 2024/12/12 v1.0g TeX engine tests
)
(/usr/local/texlive/2025/texmf-dist/tex/latex/kvsetkeys/kvsetkeys.sty
Package: kvsetkeys 2022-10-05 v1.19 Key value parser (HO)
)
(/usr/local/texlive/2025/texmf-dist/tex/generic/kvdefinekeys/kvdefinekeys.sty
Package: kvdefinekeys 2019-12-19 v1.6 Define keys (HO)
)
(/usr/local/texlive/2025/texmf-dist/tex/generic/pdfescape/pdfescape.sty
Package: pdfescape 2019/12/09 v1.15 Implements pdfTeX's escape features (HO)

(/usr/local/texlive/2025/texmf-dist/tex/generic/ltxcmds/ltxcmds.sty
Package: ltxcmds 2023-12-04 v1.26 LaTeX kernel commands for general use (HO)
)
(/usr/local/texlive/2025/texmf-dist/tex/generic/pdftexcmds/pdftexcmds.sty
Package: pdftexcmds 2020-06-27 v0.33 Utility functions of pdfTeX for LuaTeX (HO
)

(/usr/local/texlive/2025/texmf-dist/tex/generic/infwarerr/infwarerr.sty
Package: infwarerr 2019/12/03 v1.5 Providing info/warning/error messages (HO)
)
Package pdftexcmds Info: \pdf@primitive is available.
Package pdftexcmds Info: \pdf@ifprimitive is available.
Package pdftexcmds Info: \pdfdraftmode found.
))
(/usr/local/texlive/2025/texmf-dist/tex/latex/hycolor/hycolor.sty
Package: hycolor 2020-01-27 v1.10 Color options for hyperref/bookmark (HO)
)
(/usr/local/texlive/2025/texmf-dist/tex/latex/hyperref/nameref.sty
Package: nameref 2023-11-26 v2.56 Cross-referencing by name of section

(/usr/local/texlive/2025/texmf-dist/tex/latex/refcount/refcount.sty
Package: refcount 2019/12/15 v3.6 Data extraction from label references (HO)
)
(/usr/local/texlive/2025/texmf-dist/tex/generic/gettitlestring/gettitlestring.s
ty
Package: gettitlestring 2019/12/15 v1.6 Cleanup title references (HO)
 (/usr/local/texlive/2025/texmf-dist/tex/latex/kvoptions/kvoptions.sty
Package: kvoptions 2022-06-15 v3.15 Key value format for package options (HO)
))
\c@section@level=\count284
)
(/usr/local/texlive/2025/texmf-dist/tex/latex/etoolbox/etoolbox.sty
Package: etoolbox 2025/02/11 v2.5l e-TeX tools for LaTeX (JAW)
\etb@tempcnta=\count285
)
(/usr/local/texlive/2025/texmf-dist/tex/generic/stringenc/stringenc.sty
Package: stringenc 2019/11/29 v1.12 Convert strings between diff. encodings (HO
)
)
\@linkdim=\dimen187
\Hy@linkcounter=\count286
\Hy@pagecounter=\count287

(/usr/local/texlive/2025/texmf-dist/tex/latex/hyperref/pd1enc.def
File: pd1enc.def 2024-11-05 v7.01l Hyperref: PDFDocEncoding definition (HO)
Now handling font encoding PD1 ...
... no UTF-8 mapping file for font encoding PD1
)
(/usr/local/texlive/2025/texmf-dist/tex/generic/intcalc/intcalc.sty
Package: intcalc 2019/12/15 v1.3 Expandable calculations with integers (HO)
)
\Hy@SavedSpaceFactor=\count288

(/usr/local/texlive/2025/texmf-dist/tex/latex/hyperref/puenc.def
File: puenc.def 2024-11-05 v7.01l Hyperref: PDF Unicode definition (HO)
Now handling font encoding PU ...
... no UTF-8 mapping file for font encoding PU
)
Package hyperref Info: Hyper figures OFF on input line 4157.
Package hyperref Info: Link nesting OFF on input line 4162.
Package hyperref Info: Hyper index ON on input line 4165.
Package hyperref Info: Plain pages OFF on input line 4172.
Package hyperref Info: Backreferencing OFF on input line 4177.
Package hyperref Info: Implicit mode ON; LaTeX internals redefined.
Package hyperref Info: Bookmarks ON on input line 4424.
\c@Hy@tempcnt=\count289

(/usr/local/texlive/2025/texmf-dist/tex/latex/url/url.sty
\Urlmuskip=\muskip17
Package: url 2013/09/16  ver 3.4  Verb mode for urls, etc.
)
LaTeX Info: Redefining \url on input line 4763.
\XeTeXLinkMargin=\dimen188

(/usr/local/texlive/2025/texmf-dist/tex/generic/bitset/bitset.sty
Package: bitset 2019/12/09 v1.3 Handle bit-vector datatype (HO)

(/usr/local/texlive/2025/texmf-dist/tex/generic/bigintcalc/bigintcalc.sty
Package: bigintcalc 2019/12/15 v1.5 Expandable calculations on big integers (HO
)
))
\Fld@menulength=\count290
\Field@Width=\dimen189
\Fld@charsize=\dimen190
Package hyperref Info: Hyper figures OFF on input line 6042.
Package hyperref Info: Link nesting OFF on input line 6047.
Package hyperref Info: Hyper index ON on input line 6050.
Package hyperref Info: backreferencing OFF on input line 6057.
Package hyperref Info: Link coloring OFF on input line 6062.
Package hyperref Info: Link coloring with OCG OFF on input line 6067.
Package hyperref Info: PDF/A mode OFF on input line 6072.

(/usr/local/texlive/2025/texmf-dist/tex/latex/base/atbegshi-ltx.sty
Package: atbegshi-ltx 2021/01/10 v1.0c Emulation of the original atbegshi
package with kernel methods
)
\Hy@abspage=\count291
\c@Item=\count292
\c@Hfootnote=\count293
)
Package hyperref Info: Driver (autodetected): hpdftex.

(/usr/local/texlive/2025/texmf-dist/tex/latex/hyperref/hpdftex.def
File: hpdftex.def 2024-11-05 v7.01l Hyperref driver for pdfTeX

(/usr/local/texlive/2025/texmf-dist/tex/latex/base/atveryend-ltx.sty
Package: atveryend-ltx 2020/08/19 v1.0a Emulation of the original atveryend pac
kage
with kernel methods
)
\Fld@listcount=\count294
\c@bookmark@seq@number=\count295

(/usr/local/texlive/2025/texmf-dist/tex/latex/rerunfilecheck/rerunfilecheck.sty
Package: rerunfilecheck 2022-07-10 v1.10 Rerun checks for auxiliary files (HO)

(/usr/local/texlive/2025/texmf-dist/tex/generic/uniquecounter/uniquecounter.sty
Package: uniquecounter 2019/12/15 v1.4 Provide unlimited unique counter (HO)
)
Package uniquecounter Info: New unique counter `rerunfilecheck' on input line 2
85.
)
\Hy@SectionHShift=\skip54
) (/usr/local/texlive/2025/texmf-dist/tex/latex/bookmark/bkm-pdftex.def
File: bkm-pdftex.def 2023-12-10 v1.31 bookmark driver for pdfTeX and luaTeX (HO
)
\BKM@id=\count296
))
\igrbox=\box61
\c@igrtarget=\count297
\l__incgra_offx_left_dim=\dimen191
)
(/usr/local/texlive/2025/texmf-dist/tex/latex/diagbox/diagbox.sty
Package: diagbox 2020/02/09 v2.3 Making table heads with diagonal lines

(/usr/local/texlive/2025/texmf-dist/tex/latex/pict2e/pict2e.sty
Package: pict2e 2020/09/30 v0.4b Improved picture commands (HjG,RN,JT)

(/usr/local/texlive/2025/texmf-dist/tex/latex/pict2e/pict2e.cfg
File: pict2e.cfg 2016/02/05 v0.1u pict2e configuration for teTeX/TeXLive
)
Package pict2e Info: Driver file: pdftex.def on input line 112.
Package pict2e Info: Driver file for pict2e: p2e-pdftex.def on input line 114.

(/usr/local/texlive/2025/texmf-dist/tex/latex/pict2e/p2e-pdftex.def
File: p2e-pdftex.def 2016/02/05 v0.1u Driver-dependant file (RN,HjG,JT)
)
\pIIe@GRAPH=\toks32
\@arclen=\dimen192
\@arcrad=\dimen193
\pIIe@tempdima=\dimen194
\pIIe@tempdimb=\dimen195
\pIIe@tempdimc=\dimen196
\pIIe@tempdimd=\dimen197
\pIIe@tempdime=\dimen198
\pIIe@tempdimf=\dimen199
)
(/usr/local/texlive/2025/texmf-dist/tex/latex/tools/calc.sty
Package: calc 2023/07/08 v4.3 Infix arithmetic (KKT,FJ)
\calc@Acount=\count298
\calc@Bcount=\count299
\calc@Adimen=\dimen256
\calc@Bdimen=\dimen257
\calc@Askip=\skip55
\calc@Bskip=\skip56
LaTeX Info: Redefining \setlength on input line 80.
LaTeX Info: Redefining \addtolength on input line 81.
\calc@Ccount=\count300
\calc@Cskip=\skip57
)
\diagbox@boxa=\box62
\diagbox@boxb=\box63
\diagbox@boxm=\box64
\diagbox@wd=\dimen258
\diagbox@ht=\dimen259
\diagbox@insepl=\dimen260
\diagbox@insepr=\dimen261
\diagbox@outsepl=\dimen262
\diagbox@outsepr=\dimen263
)
(/usr/local/texlive/2025/texmf-dist/tex/latex/ifsym/ifsym.sty
Package: ifsym 2000/04/18 I.Kloeckl
\c@ifsymcnt=\count301
)
(/usr/local/texlive/2025/texmf-dist/tex/latex/placeins/placeins.sty
Package: placeins 2005/04/18  v 2.2
)
(/usr/local/texlive/2025/texmf-dist/tex/latex/pgf/frontendlayer/tikz.sty
(/usr/local/texlive/2025/texmf-dist/tex/generic/pgf/frontendlayer/tikz/tikz.cod
e.tex
Package: tikz 2023-01-15 v3.1.10 (3.1.10)

(/usr/local/texlive/2025/texmf-dist/tex/generic/pgf/libraries/pgflibraryplothan
dlers.code.tex
File: pgflibraryplothandlers.code.tex 2023-01-15 v3.1.10 (3.1.10)
\pgf@plot@mark@count=\count302
\pgfplotmarksize=\dimen264
)
\tikz@lastx=\dimen265
\tikz@lasty=\dimen266
\tikz@lastxsaved=\dimen267
\tikz@lastysaved=\dimen268
\tikz@lastmovetox=\dimen269
\tikz@lastmovetoy=\dimen270
\tikzleveldistance=\dimen271
\tikzsiblingdistance=\dimen272
\tikz@figbox=\box65
\tikz@figbox@bg=\box66
\tikz@tempbox=\box67
\tikz@tempbox@bg=\box68
\tikztreelevel=\count303
\tikznumberofchildren=\count304
\tikznumberofcurrentchild=\count305
\tikz@fig@count=\count306

(/usr/local/texlive/2025/texmf-dist/tex/generic/pgf/modules/pgfmodulematrix.cod
e.tex
File: pgfmodulematrix.code.tex 2023-01-15 v3.1.10 (3.1.10)
\pgfmatrixcurrentrow=\count307
\pgfmatrixcurrentcolumn=\count308
\pgf@matrix@numberofcolumns=\count309
)
\tikz@expandcount=\count310

(/usr/local/texlive/2025/texmf-dist/tex/generic/pgf/frontendlayer/tikz/librarie
s/tikzlibrarytopaths.code.tex
File: tikzlibrarytopaths.code.tex 2023-01-15 v3.1.10 (3.1.10)
)))
(/usr/local/texlive/2025/texmf-dist/tex/latex/paralist/paralist.sty
Package: paralist 2017/01/22 v2.7 Extended list environments
\pltopsep=\skip58
\plpartopsep=\skip59
\plitemsep=\skip60
\plparsep=\skip61
\pl@lab=\toks33
)
(/usr/local/texlive/2025/texmf-dist/tex/generic/pgf/frontendlayer/tikz/librarie
s/tikzlibraryplotmarks.code.tex
File: tikzlibraryplotmarks.code.tex 2023-01-15 v3.1.10 (3.1.10)

(/usr/local/texlive/2025/texmf-dist/tex/generic/pgf/libraries/pgflibraryplotmar
ks.code.tex
File: pgflibraryplotmarks.code.tex 2023-01-15 v3.1.10 (3.1.10)
))

LaTeX Info: File `calor' already exists on the system.
            Not generating it from this source.

(/usr/local/texlive/2025/texmf-dist/tex/latex/float/float.sty
Package: float 2001/11/08 v1.3d Float enhancements (AL)
\c@float@type=\count311
\float@exts=\toks34
\float@box=\box69
\@float@everytoks=\toks35
\@floatcapt=\box70
)
(/usr/local/texlive/2025/texmf-dist/tex/latex/subfiles/subfiles.sty
Package: subfiles 2020/11/14 v2.2 Multi-file projects (package)

(/usr/local/texlive/2025/texmf-dist/tex/latex/import/import.sty
Package: import 2020/04/01  v 6.2
))
(/usr/local/texlive/2025/texmf-dist/tex/generic/babel/babel.sty
Package: babel 2025/02/14 v25.4 The multilingual framework for pdfLaTeX, LuaLaT
eX and XeLaTeX
\babel@savecnt=\count312
\U@D=\dimen273
\l@unhyphenated=\language90

(/usr/local/texlive/2025/texmf-dist/tex/generic/babel/txtbabel.def)
\bbl@readstream=\read3
\bbl@dirlevel=\count313

(/usr/local/texlive/2025/texmf-dist/tex/generic/babel-english/english.ldf
Language: english 2017/06/06 v3.3r English support from the babel system
Package babel Info: Hyphen rules for 'canadian' set to \l@english
(babel)             (\language0). Reported on input line 102.
Package babel Info: Hyphen rules for 'australian' set to \l@ukenglish
(babel)             (\language22). Reported on input line 105.
Package babel Info: Hyphen rules for 'newzealand' set to \l@ukenglish
(babel)             (\language22). Reported on input line 108.
))
(/usr/local/texlive/2025/texmf-dist/tex/generic/babel/locale/en/babel-english.t
ex
Package babel Info: Importing font and identification data for english
(babel)             from babel-en.ini. Reported on input line 11.
) (/usr/local/texlive/2025/texmf-dist/tex/latex/lastpage/lastpage.sty
Package: lastpage 2025/01/27 v2.1e lastpage: 2.09 or 2e? (HMM)

(/usr/local/texlive/2025/texmf-dist/tex/latex/lastpage/lastpage2e.sty
Package: lastpage2e 2025/01/27 v2.1e Decide which 2e lastpage version to use (H
MM)

(/usr/local/texlive/2025/texmf-dist/tex/latex/lastpage/lastpagemodern.sty
Package: lastpagemodern 2025-01-27 v2.1e Refers to last page's name (HMM; JPG)
\c@lastpagecount=\count314
) 
)) (/usr/local/texlive/2025/texmf-dist/tex/generic/ulem/ulem.sty
\UL@box=\box71
\UL@hyphenbox=\box72
\UL@skip=\skip62
\UL@hook=\toks36
\UL@height=\dimen274
\UL@pe=\count315
\UL@pixel=\dimen275
\ULC@box=\box73
Package: ulem 2019/11/18
\ULdepth=\dimen276
)
(/usr/local/texlive/2025/texmf-dist/tex/latex/layouts/layouts.sty
Package: layouts 2009/09/02 v2.6d graphical depiction of document elements
\l@ylen=\skip63
\layoutsbox=\box74
\l@youtunitlength=\skip64
\l@youtlinethick=\skip65
\l@youtlinethickii=\skip66
\l@ysetupparskip=\skip67
\l@ysetupbaselineskip=\skip68
\l@yonem=\skip69
\l@yonex=\skip70
\l@ylmarg=\skip71
\l@yrmarg=\skip72
\l@yitmindent=\skip73
\l@ylblwidth=\skip74
\l@ylblsep=\skip75
\l@ylparindent=\skip76
\l@ytsep=\skip77
\l@ypskip=\skip78
\l@yptsep=\skip79
\l@ypsep=\skip80
\l@yitmsep=\skip81
\l@ytok=\toks37
\l@youtpw=\count316
\l@youtph=\count317
\l@youthpi=\count318
\l@youthpii=\count319
\l@youthpiii=\count320
\l@youthpiv=\count321
\l@youthpv=\count322
\l@youthpvi=\count323
\l@youthpvii=\count324
\l@youtparskip=\count325
\l@youtvpi=\count326
\l@youtvpii=\count327
\l@youtvpiii=\count328
\l@youtvpiv=\count329
\l@youtvpv=\count330
\l@youtvpvi=\count331
\l@youtvpvii=\count332
\l@youthdo=\count333
\l@youthdi=\count334
\l@youthdii=\count335
\l@youthdiii=\count336
\l@youthdiv=\count337
\l@youthdv=\count338
\l@youthdvi=\count339
\l@youthdvii=\count340
\l@youtvdo=\count341
\l@youtvdi=\count342
\l@youtvdii=\count343
\l@youtvdiii=\count344
\l@youtvdiv=\count345
\l@youtvdv=\count346
\l@youtvdvi=\count347
\l@youtvdvii=\count348
\l@youtvdviii=\count349
\l@youtxci=\count350
\l@youtxcii=\count351
\l@youtxciii=\count352
\l@youtxciv=\count353
\l@youtxcv=\count354
\l@youtxcvi=\count355
\l@youtyci=\count356
\l@youtycii=\count357
\l@youtyciii=\count358
\l@youtyciv=\count359
\l@youtycv=\count360
\l@youtycvi=\count361
\l@youtycvii=\count362
\l@youtycviii=\count363
\l@youtxco=\count364
\l@youtyco=\count365
\l@ytempdima=\skip82
\trimedge=\skip83
\trimtop=\skip84
\uppermargin=\skip85
\spinemargin=\skip86
)
(/usr/local/texlive/2025/texmf-dist/tex/latex/geometry/geometry.sty
Package: geometry 2020/01/02 v5.9 Page Geometry

(/usr/local/texlive/2025/texmf-dist/tex/generic/iftex/ifvtex.sty
Package: ifvtex 2019/10/25 v1.7 ifvtex legacy package. Use iftex instead.
)
\Gm@cnth=\count366
\Gm@cntv=\count367
\c@Gm@tempcnt=\count368
\Gm@bindingoffset=\dimen277
\Gm@wd@mp=\dimen278
\Gm@odd@mp=\dimen279
\Gm@even@mp=\dimen280
\Gm@layoutwidth=\dimen281
\Gm@layoutheight=\dimen282
\Gm@layouthoffset=\dimen283
\Gm@layoutvoffset=\dimen284
\Gm@dimlist=\toks38
)
(/usr/local/texlive/2025/texmf-dist/tex/latex/mdframed/mdframed.sty
Package: mdframed 2013/07/01 1.9b: mdframed

(/usr/local/texlive/2025/texmf-dist/tex/latex/l3packages/xparse/xparse.sty
(/usr/local/texlive/2025/texmf-dist/tex/latex/l3kernel/expl3.sty
Package: expl3 2025-01-18 L3 programming layer (loader) 

(/usr/local/texlive/2025/texmf-dist/tex/latex/l3backend/l3backend-pdftex.def
File: l3backend-pdftex.def 2024-05-08 L3 backend support: PDF output (pdfTeX)
\l__color_backend_stack_int=\count369
\l__pdf_internal_box=\box75
))
Package: xparse 2024-08-16 L3 Experimental document command parser
) (/usr/local/texlive/2025/texmf-dist/tex/latex/zref/zref-abspage.sty
Package: zref-abspage 2023-09-14 v2.35 Module abspage for zref (HO)

(/usr/local/texlive/2025/texmf-dist/tex/latex/zref/zref-base.sty
Package: zref-base 2023-09-14 v2.35 Module base for zref (HO)

(/usr/local/texlive/2025/texmf-dist/tex/generic/etexcmds/etexcmds.sty
Package: etexcmds 2019/12/15 v1.7 Avoid name clashes with e-TeX commands (HO)
)
(/usr/local/texlive/2025/texmf-dist/tex/latex/auxhook/auxhook.sty
Package: auxhook 2019-12-17 v1.6 Hooks for auxiliary files (HO)
)
Package zref Info: New property list: main on input line 767.
Package zref Info: New property: default on input line 768.
Package zref Info: New property: page on input line 769.
)
\c@abspage=\count370
Package zref Info: New property: abspage on input line 67.
)
(/usr/local/texlive/2025/texmf-dist/tex/latex/needspace/needspace.sty
Package: needspace 2010/09/12 v1.3d reserve vertical space
)
\mdf@templength=\skip87
\c@mdf@globalstyle@cnt=\count371
\mdf@skipabove@length=\skip88
\mdf@skipbelow@length=\skip89
\mdf@leftmargin@length=\skip90
\mdf@rightmargin@length=\skip91
\mdf@innerleftmargin@length=\skip92
\mdf@innerrightmargin@length=\skip93
\mdf@innertopmargin@length=\skip94
\mdf@innerbottommargin@length=\skip95
\mdf@splittopskip@length=\skip96
\mdf@splitbottomskip@length=\skip97
\mdf@outermargin@length=\skip98
\mdf@innermargin@length=\skip99
\mdf@linewidth@length=\skip100
\mdf@innerlinewidth@length=\skip101
\mdf@middlelinewidth@length=\skip102
\mdf@outerlinewidth@length=\skip103
\mdf@roundcorner@length=\skip104
\mdf@footenotedistance@length=\skip105
\mdf@userdefinedwidth@length=\skip106
\mdf@needspace@length=\skip107
\mdf@frametitleaboveskip@length=\skip108
\mdf@frametitlebelowskip@length=\skip109
\mdf@frametitlerulewidth@length=\skip110
\mdf@frametitleleftmargin@length=\skip111
\mdf@frametitlerightmargin@length=\skip112
\mdf@shadowsize@length=\skip113
\mdf@extratopheight@length=\skip114
\mdf@subtitleabovelinewidth@length=\skip115
\mdf@subtitlebelowlinewidth@length=\skip116
\mdf@subtitleaboveskip@length=\skip117
\mdf@subtitlebelowskip@length=\skip118
\mdf@subtitleinneraboveskip@length=\skip119
\mdf@subtitleinnerbelowskip@length=\skip120
\mdf@subsubtitleabovelinewidth@length=\skip121
\mdf@subsubtitlebelowlinewidth@length=\skip122
\mdf@subsubtitleaboveskip@length=\skip123
\mdf@subsubtitlebelowskip@length=\skip124
\mdf@subsubtitleinneraboveskip@length=\skip125
\mdf@subsubtitleinnerbelowskip@length=\skip126

(/usr/local/texlive/2025/texmf-dist/tex/latex/mdframed/md-frame-1.mdf
File: md-frame-1.mdf 2013/07/01\ 1.9b: md-frame-1
)
\mdf@frametitlebox=\box76
\mdf@footnotebox=\box77
\mdf@splitbox@one=\box78
\mdf@splitbox@two=\box79
\mdf@splitbox@save=\box80
\mdfsplitboxwidth=\skip127
\mdfsplitboxtotalwidth=\skip128
\mdfsplitboxheight=\skip129
\mdfsplitboxdepth=\skip130
\mdfsplitboxtotalheight=\skip131
\mdfframetitleboxwidth=\skip132
\mdfframetitleboxtotalwidth=\skip133
\mdfframetitleboxheight=\skip134
\mdfframetitleboxdepth=\skip135
\mdfframetitleboxtotalheight=\skip136
\mdffootnoteboxwidth=\skip137
\mdffootnoteboxtotalwidth=\skip138
\mdffootnoteboxheight=\skip139
\mdffootnoteboxdepth=\skip140
\mdffootnoteboxtotalheight=\skip141
\mdftotallinewidth=\skip142
\mdfboundingboxwidth=\skip143
\mdfboundingboxtotalwidth=\skip144
\mdfboundingboxheight=\skip145
\mdfboundingboxdepth=\skip146
\mdfboundingboxtotalheight=\skip147
\mdf@freevspace@length=\skip148
\mdf@horizontalwidthofbox@length=\skip149
\mdf@verticalmarginwhole@length=\skip150
\mdf@horizontalspaceofbox=\skip151
\mdfsubtitleheight=\skip152
\mdfsubsubtitleheight=\skip153
\c@mdfcountframes=\count372

****** mdframed patching \endmdf@trivlist

****** -- success******

\mdf@envdepth=\count373
\c@mdf@env@i=\count374
\c@mdf@env@ii=\count375
\c@mdf@zref@counter=\count376
Package zref Info: New property: mdf@pagevalue on input line 895.
)
(/usr/local/texlive/2025/texmf-dist/tex/latex/lipsum/lipsum.sty
(/usr/local/texlive/2025/texmf-dist/tex/latex/l3packages/l3keys2e/l3keys2e.sty
Package: l3keys2e 2024-08-16 LaTeX2e option processing using LaTeX3 keys
)
Package: lipsum 2021-09-20 v2.7 150 paragraphs of Lorem Ipsum dummy text
\g__lipsum_par_int=\count377
\l__lipsum_a_int=\count378
\l__lipsum_b_int=\count379
(/usr/local/texlive/2025/texmf-dist/tex/latex/lipsum/lipsum.ltd.tex))
(/usr/local/texlive/2025/texmf-dist/tex/latex/tcolorbox/tcolorbox.sty
Package: tcolorbox 2024/10/22 version 6.4.1 text color boxes

(/usr/local/texlive/2025/texmf-dist/tex/latex/tools/verbatim.sty
Package: verbatim 2024-01-22 v1.5x LaTeX2e package for verbatim enhancements
\every@verbatim=\toks39
\verbatim@line=\toks40
\verbatim@in@stream=\read4
)
(/usr/local/texlive/2025/texmf-dist/tex/latex/environ/environ.sty
Package: environ 2014/05/04 v0.3 A new way to define environments

(/usr/local/texlive/2025/texmf-dist/tex/latex/trimspaces/trimspaces.sty
Package: trimspaces 2009/09/17 v1.1 Trim spaces around a token list
)
\@envbody=\toks41
)
\tcb@titlebox=\box81
\tcb@upperbox=\box82
\tcb@lowerbox=\box83
\tcb@phantombox=\box84
\c@tcbbreakpart=\count380
\c@tcblayer=\count381
\c@tcolorbox@number=\count382
\l__tcobox_tmpa_box=\box85
\l__tcobox_tmpa_dim=\dimen285
\tcb@temp=\box86
\tcb@temp=\box87
\tcb@temp=\box88
\tcb@temp=\box89

(/usr/local/texlive/2025/texmf-dist/tex/latex/tcolorbox/tcbraster.code.tex
Library (tcolorbox): 'tcbraster.code.tex' version '6.4.1'
\c@tcbrastercolumn=\count383
\c@tcbrasterrow=\count384
\c@tcbrasternum=\count385
\c@tcbraster=\count386
) (/usr/local/texlive/2025/texmf-dist/tex/latex/tcolorbox/tcbskins.code.tex
Library (tcolorbox): 'tcbskins.code.tex' version '6.4.1'
(/usr/local/texlive/2025/texmf-dist/tex/latex/tikzfill/tikzfill.image.sty
Package: tikzfill.image 2023/08/08 v1.0.1 Image filling library for TikZ

(/usr/local/texlive/2025/texmf-dist/tex/latex/tikzfill/tikzfill-common.sty
Package: tikzfill-common 2023/08/08 v1.0.1 Auxiliary code for tikzfill
)
(/usr/local/texlive/2025/texmf-dist/tex/latex/tikzfill/tikzlibraryfill.image.co
de.tex
File: tikzlibraryfill.image.code.tex 2023/08/08 v1.0.1 Image filling library
\l__tikzfill_img_box=\box90
))
(/usr/local/texlive/2025/texmf-dist/tex/latex/tcolorbox/tcbskinsjigsaw.code.tex
Library (tcolorbox): 'tcbskinsjigsaw.code.tex' version '6.4.1'
))
(/usr/local/texlive/2025/texmf-dist/tex/latex/tcolorbox/tcbbreakable.code.tex
Library (tcolorbox): 'tcbbreakable.code.tex' version '6.4.1'
(/usr/local/texlive/2025/texmf-dist/tex/latex/pdfcol/pdfcol.sty
Package: pdfcol 2022-09-21 v1.7 Handle new color stacks for pdfTeX (HO)
)
Package pdfcol Info: New color stack `tcb@breakable' = 1 on input line 23.
\tcb@testbox=\box91
\tcb@totalupperbox=\box92
\tcb@totallowerbox=\box93
)
(/usr/local/texlive/2025/texmf-dist/tex/latex/tcolorbox/tcbhooks.code.tex
Library (tcolorbox): 'tcbhooks.code.tex' version '6.4.1'
) (/usr/local/texlive/2025/texmf-dist/tex/latex/tcolorbox/tcbtheorems.code.tex
Library (tcolorbox): 'tcbtheorems.code.tex' version '6.4.1'
(/usr/local/texlive/2025/texmf-dist/tex/latex/amsmath/amsmath.sty
Package: amsmath 2024/11/05 v2.17t AMS math features
\@mathmargin=\skip154

For additional information on amsmath, use the `?' option.
(/usr/local/texlive/2025/texmf-dist/tex/latex/amsmath/amstext.sty
Package: amstext 2021/08/26 v2.01 AMS text

(/usr/local/texlive/2025/texmf-dist/tex/latex/amsmath/amsgen.sty
File: amsgen.sty 1999/11/30 v2.0 generic functions
\@emptytoks=\toks42
\ex@=\dimen286
))
(/usr/local/texlive/2025/texmf-dist/tex/latex/amsmath/amsbsy.sty
Package: amsbsy 1999/11/29 v1.2d Bold Symbols
\pmbraise@=\dimen287
)
(/usr/local/texlive/2025/texmf-dist/tex/latex/amsmath/amsopn.sty
Package: amsopn 2022/04/08 v2.04 operator names
)
\inf@bad=\count387
LaTeX Info: Redefining \frac on input line 233.
\uproot@=\count388
\leftroot@=\count389
LaTeX Info: Redefining \overline on input line 398.
LaTeX Info: Redefining \colon on input line 409.
\classnum@=\count390
\DOTSCASE@=\count391
LaTeX Info: Redefining \ldots on input line 495.
LaTeX Info: Redefining \dots on input line 498.
LaTeX Info: Redefining \cdots on input line 619.
\Mathstrutbox@=\box94
\strutbox@=\box95
LaTeX Info: Redefining \big on input line 721.
LaTeX Info: Redefining \Big on input line 722.
LaTeX Info: Redefining \bigg on input line 723.
LaTeX Info: Redefining \Bigg on input line 724.
\big@size=\dimen288
LaTeX Font Info:    Redeclaring font encoding OML on input line 742.
LaTeX Font Info:    Redeclaring font encoding OMS on input line 743.
\macc@depth=\count392
LaTeX Info: Redefining \bmod on input line 904.
LaTeX Info: Redefining \pmod on input line 909.
LaTeX Info: Redefining \smash on input line 939.
LaTeX Info: Redefining \relbar on input line 969.
LaTeX Info: Redefining \Relbar on input line 970.
\c@MaxMatrixCols=\count393
\dotsspace@=\muskip18
\c@parentequation=\count394
\dspbrk@lvl=\count395
\tag@help=\toks43
\row@=\count396
\column@=\count397
\maxfields@=\count398
\andhelp@=\toks44
\eqnshift@=\dimen289
\alignsep@=\dimen290
\tagshift@=\dimen291
\tagwidth@=\dimen292
\totwidth@=\dimen293
\lineht@=\dimen294
\@envbody=\toks45
\multlinegap=\skip155
\multlinetaggap=\skip156
\mathdisplay@stack=\toks46
LaTeX Info: Redefining \[ on input line 2953.
LaTeX Info: Redefining \] on input line 2954.
))
(/usr/local/texlive/2025/texmf-dist/tex/latex/tcolorbox/tcbfitting.code.tex
Library (tcolorbox): 'tcbfitting.code.tex' version '6.4.1'
\tcbfitdim=\dimen295
\tcb@lowerfitdim=\dimen296
\tcb@upperfitdim=\dimen297
\tcb@cur@hbadness=\count399
)
(/usr/local/texlive/2025/texmf-dist/tex/latex/tcolorbox/tcblistingsutf8.code.te
x
Library (tcolorbox): 'tcblistingsutf8.code.tex' version '6.4.1'
(/usr/local/texlive/2025/texmf-dist/tex/latex/tcolorbox/tcblistings.code.tex
Library (tcolorbox): 'tcblistings.code.tex' version '6.4.1'
(/usr/local/texlive/2025/texmf-dist/tex/latex/listings/listings.sty
\lst@mode=\count400
\lst@gtempboxa=\box96
\lst@token=\toks47
\lst@length=\count401
\lst@currlwidth=\dimen298
\lst@column=\count402
\lst@pos=\count403
\lst@lostspace=\dimen299
\lst@width=\dimen300
\lst@newlines=\count404
\lst@lineno=\count405
\lst@maxwidth=\dimen301

(/usr/local/texlive/2025/texmf-dist/tex/latex/listings/lstpatch.sty
File: lstpatch.sty 2024/09/23 1.10c (Carsten Heinz)
)
(/usr/local/texlive/2025/texmf-dist/tex/latex/listings/lstmisc.sty
File: lstmisc.sty 2024/09/23 1.10c (Carsten Heinz)
\c@lstnumber=\count406
\lst@skipnumbers=\count407
\lst@framebox=\box97
)
(/usr/local/texlive/2025/texmf-dist/tex/latex/listings/listings.cfg
File: listings.cfg 2024/09/23 1.10c listings configuration
))
Package: listings 2024/09/23 1.10c (Carsten Heinz)

(/usr/local/texlive/2025/texmf-dist/tex/latex/tcolorbox/tcblistingscore.code.te
x
Library (tcolorbox): 'tcblistingscore.code.tex' version '6.4.1'
(/usr/local/texlive/2025/texmf-dist/tex/latex/tcolorbox/tcbprocessing.code.tex
Library (tcolorbox): 'tcbprocessing.code.tex' version '6.4.1'
)
\c@tcblisting=\count408
)) (/usr/local/texlive/2025/texmf-dist/tex/latex/listingsutf8/listingsutf8.sty
Package: listingsutf8 2019-12-10 v1.5 Allow UTF-8 in listings input (HO)
)) (/usr/local/texlive/2025/texmf-dist/tex/latex/tcolorbox/tcbexternal.code.tex
Library (tcolorbox): 'tcbexternal.code.tex' version '6.4.1'
) (/usr/local/texlive/2025/texmf-dist/tex/latex/tcolorbox/tcbmagazine.code.tex
Library (tcolorbox): 'tcbmagazine.code.tex' version '6.4.1'
) (/usr/local/texlive/2025/texmf-dist/tex/latex/tcolorbox/tcbvignette.code.tex
Library (tcolorbox): 'tcbvignette.code.tex' version '6.4.1'

(/usr/local/texlive/2025/texmf-dist/tex/generic/pgf/frontendlayer/tikz/librarie
s/tikzlibraryfadings.code.tex
File: tikzlibraryfadings.code.tex 2023-01-15 v3.1.10 (3.1.10)

(/usr/local/texlive/2025/texmf-dist/tex/generic/pgf/libraries/pgflibraryfadings
.code.tex
File: pgflibraryfadings.code.tex 2023-01-15 v3.1.10 (3.1.10)
)))
(/usr/local/texlive/2025/texmf-dist/tex/latex/tcolorbox/tcbposter.code.tex
Library (tcolorbox): 'tcbposter.code.tex' version '6.4.1'
)) (/usr/local/texlive/2025/texmf-dist/tex/latex/tools/multicol.sty
Package: multicol 2024/09/14 v1.9i multicolumn formatting (FMi)
\c@tracingmulticols=\count409
\mult@box=\box98
\multicol@leftmargin=\dimen302
\c@unbalance=\count410
\c@collectmore=\count411
\doublecol@number=\count412
\multicoltolerance=\count413
\multicolpretolerance=\count414
\full@width=\dimen303
\page@free=\dimen304
\premulticols=\dimen305
\postmulticols=\dimen306
\multicolsep=\skip157
\multicolbaselineskip=\skip158
\partial@page=\box99
\last@line=\box100
\mc@boxedresult=\box101
\maxbalancingoverflow=\dimen307
\mult@rightbox=\box102
\mult@grightbox=\box103
\mult@firstbox=\box104
\mult@gfirstbox=\box105
\@tempa=\box106
\@tempa=\box107
\@tempa=\box108
\@tempa=\box109
\@tempa=\box110
\@tempa=\box111
\@tempa=\box112
\@tempa=\box113
\@tempa=\box114
\@tempa=\box115
\@tempa=\box116
\@tempa=\box117
\@tempa=\box118
\@tempa=\box119
\@tempa=\box120
\@tempa=\box121
\@tempa=\box122
\@tempa=\box123
\@tempa=\box124
\@tempa=\box125
\@tempa=\box126
\@tempa=\box127
\@tempa=\box128
\@tempa=\box129
\@tempa=\box130
\@tempa=\box131
\@tempa=\box132
\@tempa=\box133
\@tempa=\box134
\@tempa=\box135
\@tempa=\box136
\@tempa=\box137
\@tempa=\box138
\@tempa=\box139
\@tempa=\box140
\@tempa=\box141
\c@minrows=\count415
\c@columnbadness=\count416
\c@finalcolumnbadness=\count417
\last@try=\dimen308
\multicolovershoot=\dimen309
\multicolundershoot=\dimen310
\mult@nat@firstbox=\box142
\colbreak@box=\box143
\mc@col@check@num=\count418
)
(/usr/local/texlive/2025/texmf-dist/tex/latex/enumitem/enumitem.sty
Package: enumitem 2025/02/06 v3.11 Customized lists
\labelindent=\skip159
\enit@outerparindent=\dimen311
\enit@toks=\toks48
\enit@inbox=\box144
\enit@count@id=\count419
\enitdp@description=\count420
)
(/usr/local/texlive/2025/texmf-dist/tex/latex/amsfonts/amsfonts.sty
Package: amsfonts 2013/01/14 v3.01 Basic AMSFonts support
\symAMSa=\mathgroup4
\symAMSb=\mathgroup5
LaTeX Font Info:    Redeclaring math symbol \hbar on input line 98.
LaTeX Font Info:    Overwriting math alphabet `\mathfrak' in version `bold'
(Font)                  U/euf/m/n --> U/euf/b/n on input line 106.
)
(/usr/local/texlive/2025/texmf-dist/tex/latex/adjustbox/adjustbox.sty
Package: adjustbox 2025/02/26 v1.3c Adjusting TeX boxes (trim, clip, ...)

(/usr/local/texlive/2025/texmf-dist/tex/latex/xkeyval/xkeyval.sty
Package: xkeyval 2022/06/16 v2.9 package option processing (HA)

(/usr/local/texlive/2025/texmf-dist/tex/generic/xkeyval/xkeyval.tex
(/usr/local/texlive/2025/texmf-dist/tex/generic/xkeyval/xkvutils.tex
\XKV@toks=\toks49
\XKV@tempa@toks=\toks50
)
\XKV@depth=\count421
File: xkeyval.tex 2014/12/03 v2.7a key=value parser (HA)
))
(/usr/local/texlive/2025/texmf-dist/tex/latex/adjustbox/adjcalc.sty
Package: adjcalc 2012/05/16 v1.1 Provides advanced setlength with multiple back
-ends (calc, etex, pgfmath)
)
(/usr/local/texlive/2025/texmf-dist/tex/latex/adjustbox/trimclip.sty
Package: trimclip 2025/02/21 v1.2a Trim and clip general TeX material

(/usr/local/texlive/2025/texmf-dist/tex/latex/collectbox/collectbox.sty
Package: collectbox 2022/10/17 v0.4c Collect macro arguments as boxes
\collectedbox=\box145
)
\tc@llx=\dimen312
\tc@lly=\dimen313
\tc@urx=\dimen314
\tc@ury=\dimen315
Package trimclip Info: Using driver 'tc-pdftex.def'.

(/usr/local/texlive/2025/texmf-dist/tex/latex/adjustbox/tc-pdftex.def
File: tc-pdftex.def 2025/02/26 v2.3 Clipping driver for pdftex
))
\adjbox@Width=\dimen316
\adjbox@Height=\dimen317
\adjbox@Depth=\dimen318
\adjbox@Totalheight=\dimen319
\adjbox@pwidth=\dimen320
\adjbox@pheight=\dimen321
\adjbox@pdepth=\dimen322
\adjbox@ptotalheight=\dimen323

(/usr/local/texlive/2025/texmf-dist/tex/latex/ifoddpage/ifoddpage.sty
Package: ifoddpage 2022/10/18 v1.2 Conditionals for odd/even page detection
\c@checkoddpage=\count422
)
(/usr/local/texlive/2025/texmf-dist/tex/latex/varwidth/varwidth.sty
Package: varwidth 2009/03/30 ver 0.92;  Variable-width minipages
\@vwid@box=\box146
\sift@deathcycles=\count423
\@vwid@loff=\dimen324
\@vwid@roff=\dimen325
))
(/usr/local/texlive/2025/texmf-dist/tex/generic/pgf/frontendlayer/tikz/librarie
s/tikzlibraryshapes.code.tex
File: tikzlibraryshapes.code.tex 2023-01-15 v3.1.10 (3.1.10)

(/usr/local/texlive/2025/texmf-dist/tex/generic/pgf/frontendlayer/tikz/librarie
s/tikzlibraryshapes.geometric.code.tex
File: tikzlibraryshapes.geometric.code.tex 2023-01-15 v3.1.10 (3.1.10)

(/usr/local/texlive/2025/texmf-dist/tex/generic/pgf/libraries/shapes/pgflibrary
shapes.geometric.code.tex
File: pgflibraryshapes.geometric.code.tex 2023-01-15 v3.1.10 (3.1.10)
))
(/usr/local/texlive/2025/texmf-dist/tex/generic/pgf/frontendlayer/tikz/librarie
s/tikzlibraryshapes.misc.code.tex
File: tikzlibraryshapes.misc.code.tex 2023-01-15 v3.1.10 (3.1.10)

(/usr/local/texlive/2025/texmf-dist/tex/generic/pgf/libraries/shapes/pgflibrary
shapes.misc.code.tex
File: pgflibraryshapes.misc.code.tex 2023-01-15 v3.1.10 (3.1.10)
))
(/usr/local/texlive/2025/texmf-dist/tex/generic/pgf/frontendlayer/tikz/librarie
s/tikzlibraryshapes.symbols.code.tex
File: tikzlibraryshapes.symbols.code.tex 2023-01-15 v3.1.10 (3.1.10)

(/usr/local/texlive/2025/texmf-dist/tex/generic/pgf/libraries/shapes/pgflibrary
shapes.symbols.code.tex
File: pgflibraryshapes.symbols.code.tex 2023-01-15 v3.1.10 (3.1.10)
))
(/usr/local/texlive/2025/texmf-dist/tex/generic/pgf/frontendlayer/tikz/librarie
s/tikzlibraryshapes.arrows.code.tex
File: tikzlibraryshapes.arrows.code.tex 2023-01-15 v3.1.10 (3.1.10)

(/usr/local/texlive/2025/texmf-dist/tex/generic/pgf/libraries/shapes/pgflibrary
shapes.arrows.code.tex
File: pgflibraryshapes.arrows.code.tex 2023-01-15 v3.1.10 (3.1.10)
))
(/usr/local/texlive/2025/texmf-dist/tex/generic/pgf/frontendlayer/tikz/librarie
s/tikzlibraryshapes.callouts.code.tex
(/usr/local/texlive/2025/texmf-dist/tex/generic/pgf/libraries/shapes/pgflibrary
shapes.callouts.code.tex))
(/usr/local/texlive/2025/texmf-dist/tex/generic/pgf/frontendlayer/tikz/librarie
s/tikzlibraryshapes.multipart.code.tex
File: tikzlibraryshapes.multipart.code.tex 2023-01-15 v3.1.10 (3.1.10)

(/usr/local/texlive/2025/texmf-dist/tex/generic/pgf/libraries/shapes/pgflibrary
shapes.multipart.code.tex
File: pgflibraryshapes.multipart.code.tex 2023-01-15 v3.1.10 (3.1.10)
\pgfnodepartlowerbox=\box147
\pgfnodeparttwobox=\box148
\pgfnodepartthreebox=\box149
\pgfnodepartfourbox=\box150
\pgfnodeparttwentybox=\box151
\pgfnodepartnineteenbox=\box152
\pgfnodeparteighteenbox=\box153
\pgfnodepartseventeenbox=\box154
\pgfnodepartsixteenbox=\box155
\pgfnodepartfifteenbox=\box156
\pgfnodepartfourteenbox=\box157
\pgfnodepartthirteenbox=\box158
\pgfnodeparttwelvebox=\box159
\pgfnodepartelevenbox=\box160
\pgfnodeparttenbox=\box161
\pgfnodepartninebox=\box162
\pgfnodeparteightbox=\box163
\pgfnodepartsevenbox=\box164
\pgfnodepartsixbox=\box165
\pgfnodepartfivebox=\box166
)))
(/usr/local/texlive/2025/texmf-dist/tex/generic/pgf/frontendlayer/tikz/librarie
s/tikzlibrarysnakes.code.tex
File: tikzlibrarysnakes.code.tex 2023-01-15 v3.1.10 (3.1.10)


Package pgf Warning: Snakes have been superseded by decorations. Please use the
 decoration libraries instead of the snakes library on input line 14.


(/usr/local/texlive/2025/texmf-dist/tex/generic/pgf/frontendlayer/tikz/librarie
s/tikzlibrarydecorations.pathmorphing.code.tex
(/usr/local/texlive/2025/texmf-dist/tex/generic/pgf/frontendlayer/tikz/librarie
s/tikzlibrarydecorations.code.tex
(/usr/local/texlive/2025/texmf-dist/tex/generic/pgf/modules/pgfmoduledecoration
s.code.tex
\pgfdecoratedcompleteddistance=\dimen326
\pgfdecoratedremainingdistance=\dimen327
\pgfdecoratedinputsegmentcompleteddistance=\dimen328
\pgfdecoratedinputsegmentremainingdistance=\dimen329
\pgf@decorate@distancetomove=\dimen330
\pgf@decorate@repeatstate=\count424
\pgfdecorationsegmentamplitude=\dimen331
\pgfdecorationsegmentlength=\dimen332
)
\tikz@lib@dec@box=\box167
)
(/usr/local/texlive/2025/texmf-dist/tex/generic/pgf/libraries/decorations/pgfli
brarydecorations.pathmorphing.code.tex))
(/usr/local/texlive/2025/texmf-dist/tex/generic/pgf/frontendlayer/tikz/librarie
s/tikzlibrarydecorations.pathreplacing.code.tex
(/usr/local/texlive/2025/texmf-dist/tex/generic/pgf/libraries/decorations/pgfli
brarydecorations.pathreplacing.code.tex))
(/usr/local/texlive/2025/texmf-dist/tex/generic/pgf/frontendlayer/tikz/librarie
s/tikzlibrarydecorations.shapes.code.tex
(/usr/local/texlive/2025/texmf-dist/tex/generic/pgf/libraries/decorations/pgfli
brarydecorations.shapes.code.tex)))
(/usr/local/texlive/2025/texmf-dist/tex/latex/amsfonts/amssymb.sty
Package: amssymb 2013/01/14 v3.01 AMS font symbols
)
(/usr/local/texlive/2025/texmf-dist/tex/latex/cleveref/cleveref.sty
Package: cleveref 2018/03/27 v0.21.4 Intelligent cross-referencing
Package cleveref Info: `hyperref' support loaded on input line 2370.
LaTeX Info: Redefining \cref on input line 2370.
LaTeX Info: Redefining \Cref on input line 2370.
LaTeX Info: Redefining \crefrange on input line 2370.
LaTeX Info: Redefining \Crefrange on input line 2370.
LaTeX Info: Redefining \cpageref on input line 2370.
LaTeX Info: Redefining \Cpageref on input line 2370.
LaTeX Info: Redefining \cpagerefrange on input line 2370.
LaTeX Info: Redefining \Cpagerefrange on input line 2370.
LaTeX Info: Redefining \labelcref on input line 2370.
LaTeX Info: Redefining \labelcpageref on input line 2370.
Package cleveref Info: `listings' support loaded on input line 3131.
)
(/usr/local/texlive/2025/texmf-dist/tex/latex/fourier/fourier.sty
Package: fourier 2024/09/08 2.4 fourier-GUTenberg package
Now handling font encoding FML ...
... no UTF-8 mapping file for font encoding FML
Now handling font encoding FMS ...
... no UTF-8 mapping file for font encoding FMS
Now handling font encoding FMX ...
... no UTF-8 mapping file for font encoding FMX

(/usr/local/texlive/2025/texmf-dist/tex/latex/base/fontenc.sty
Package: fontenc 2021/04/29 v2.0v Standard LaTeX package
LaTeX Font Info:    Trying to load font information for T1+futs on input line 1
16.

(/usr/local/texlive/2025/texmf-dist/tex/latex/fourier/t1futs.fd
File: t1futs.fd 2004/03/02 Fontinst v1.926 font definitions for T1/futs.
))
(/usr/local/texlive/2025/texmf-dist/tex/latex/base/textcomp.sty
Package: textcomp 2024/04/24 v2.1b Standard LaTeX package
)
(/usr/local/texlive/2025/texmf-dist/tex/latex/fourier/fourier-orns.sty
Package: fourier-orns 2024/09/08 2.4 fourier-ornaments package
)
LaTeX Font Info:    Redeclaring symbol font `operators' on input line 64.
LaTeX Font Info:    Encoding `OT1' has changed to `T1' for symbol font
(Font)              `operators' in the math version `normal' on input line 64.
LaTeX Font Info:    Overwriting symbol font `operators' in version `normal'
(Font)                  OT1/lmr/m/n --> T1/futs/m/n on input line 64.
LaTeX Font Info:    Encoding `OT1' has changed to `T1' for symbol font
(Font)              `operators' in the math version `bold' on input line 64.
LaTeX Font Info:    Overwriting symbol font `operators' in version `bold'
(Font)                  OT1/lmr/bx/n --> T1/futs/m/n on input line 64.
LaTeX Font Info:    Overwriting symbol font `operators' in version `bold'
(Font)                  T1/futs/m/n --> T1/futs/b/n on input line 65.
LaTeX Font Info:    Redeclaring symbol font `letters' on input line 73.
LaTeX Font Info:    Encoding `OML' has changed to `FML' for symbol font
(Font)              `letters' in the math version `normal' on input line 73.
LaTeX Font Info:    Overwriting symbol font `letters' in version `normal'
(Font)                  OML/lmm/m/it --> FML/futmi/m/it on input line 73.
LaTeX Font Info:    Encoding `OML' has changed to `FML' for symbol font
(Font)              `letters' in the math version `bold' on input line 73.
LaTeX Font Info:    Overwriting symbol font `letters' in version `bold'
(Font)                  OML/lmm/b/it --> FML/futmi/m/it on input line 73.
\symotherletters=\mathgroup6
LaTeX Font Info:    Overwriting symbol font `letters' in version `bold'
(Font)                  FML/futmi/m/it --> FML/futmi/b/it on input line 75.
LaTeX Font Info:    Overwriting symbol font `otherletters' in version `bold'
(Font)                  FML/futm/m/it --> FML/futm/b/it on input line 76.
LaTeX Font Info:    Redeclaring math symbol \Gamma on input line 77.
LaTeX Font Info:    Redeclaring math symbol \Delta on input line 78.
LaTeX Font Info:    Redeclaring math symbol \Theta on input line 79.
LaTeX Font Info:    Redeclaring math symbol \Lambda on input line 80.
LaTeX Font Info:    Redeclaring math symbol \Xi on input line 81.
LaTeX Font Info:    Redeclaring math symbol \Pi on input line 82.
LaTeX Font Info:    Redeclaring math symbol \Sigma on input line 83.
LaTeX Font Info:    Redeclaring math symbol \Upsilon on input line 84.
LaTeX Font Info:    Redeclaring math symbol \Phi on input line 85.
LaTeX Font Info:    Redeclaring math symbol \Psi on input line 86.
LaTeX Font Info:    Redeclaring math symbol \Omega on input line 87.
LaTeX Font Info:    Redeclaring symbol font `symbols' on input line 127.
LaTeX Font Info:    Encoding `OMS' has changed to `FMS' for symbol font
(Font)              `symbols' in the math version `normal' on input line 127.
LaTeX Font Info:    Overwriting symbol font `symbols' in version `normal'
(Font)                  OMS/lmsy/m/n --> FMS/futm/m/n on input line 127.
LaTeX Font Info:    Encoding `OMS' has changed to `FMS' for symbol font
(Font)              `symbols' in the math version `bold' on input line 127.
LaTeX Font Info:    Overwriting symbol font `symbols' in version `bold'
(Font)                  OMS/lmsy/b/n --> FMS/futm/m/n on input line 127.
LaTeX Font Info:    Redeclaring symbol font `largesymbols' on input line 128.
LaTeX Font Info:    Encoding `OMX' has changed to `FMX' for symbol font
(Font)              `largesymbols' in the math version `normal' on input line 1
28.
LaTeX Font Info:    Overwriting symbol font `largesymbols' in version `normal'
(Font)                  OMX/lmex/m/n --> FMX/futm/m/n on input line 128.
LaTeX Font Info:    Encoding `OMX' has changed to `FMX' for symbol font
(Font)              `largesymbols' in the math version `bold' on input line 128
.
LaTeX Font Info:    Overwriting symbol font `largesymbols' in version `bold'
(Font)                  OMX/lmex/m/n --> FMX/futm/m/n on input line 128.
LaTeX Font Info:    Redeclaring math alphabet \mathbf on input line 129.
LaTeX Font Info:    Overwriting math alphabet `\mathbf' in version `normal'
(Font)                  OT1/lmr/bx/n --> T1/futs/bx/n on input line 129.
LaTeX Font Info:    Overwriting math alphabet `\mathbf' in version `bold'
(Font)                  OT1/lmr/bx/n --> T1/futs/bx/n on input line 129.
LaTeX Font Info:    Redeclaring math alphabet \mathrm on input line 130.
LaTeX Font Info:    Redeclaring math alphabet \mathit on input line 131.
LaTeX Font Info:    Overwriting math alphabet `\mathit' in version `normal'
(Font)                  OT1/lmr/m/it --> T1/futs/m/it on input line 131.
LaTeX Font Info:    Overwriting math alphabet `\mathit' in version `bold'
(Font)                  OT1/lmr/bx/it --> T1/futs/m/it on input line 131.
LaTeX Font Info:    Redeclaring math alphabet \mathcal on input line 132.
LaTeX Font Info:    Redeclaring math symbol \varkappa on input line 133.
LaTeX Font Info:    Redeclaring math symbol \leqslant on input line 139.
LaTeX Font Info:    Redeclaring math symbol \geqslant on input line 140.
LaTeX Font Info:    Redeclaring math symbol \vDash on input line 143.
LaTeX Font Info:    Redeclaring math symbol \blacktriangleleft on input line 14
4.
LaTeX Font Info:    Redeclaring math symbol \blacktriangleright on input line 1
45.
LaTeX Font Info:    Redeclaring math symbol \nleqslant on input line 146.
LaTeX Font Info:    Redeclaring math symbol \ngeqslant on input line 147.
LaTeX Font Info:    Redeclaring math symbol \parallel on input line 148.
LaTeX Font Info:    Redeclaring math symbol \nparallel on input line 149.
LaTeX Font Info:    Redeclaring math symbol \nvDash on input line 151.
LaTeX Font Info:    Redeclaring math symbol \intercal on input line 152.
LaTeX Font Info:    Redeclaring math symbol \hslash on input line 153.
LaTeX Font Info:    Redeclaring math symbol \nexists on input line 154.
LaTeX Font Info:    Redeclaring math symbol \complement on input line 155.
LaTeX Font Info:    Redeclaring math symbol \varsubsetneq on input line 156.
LaTeX Font Info:    Redeclaring math symbol \hbar on input line 162.
LaTeX Font Info:    Redeclaring math symbol \smallsetminus on input line 163.
LaTeX Font Info:    Redeclaring math symbol \subsetneqq on input line 164.
LaTeX Font Info:    Redeclaring math symbol \rightrightarrows on input line 165
.
LaTeX Font Info:    Redeclaring math symbol \leftleftarrows on input line 166.
LaTeX Font Info:    Redeclaring math symbol \square on input line 167.
LaTeX Font Info:    Redeclaring math symbol \curvearrowleft on input line 168.
LaTeX Font Info:    Redeclaring math symbol \curvearrowright on input line 169.

LaTeX Font Info:    Redeclaring math symbol \blacksquare on input line 170.
LaTeX Font Info:    Redeclaring math symbol \varkappa on input line 200.
LaTeX Font Info:    Redeclaring math symbol \varvarrho on input line 201.
LaTeX Font Info:    Redeclaring math delimiter \Vert on input line 224.
LaTeX Font Info:    Redeclaring math delimiter \vert on input line 229.
LaTeX Font Info:    Redeclaring math delimiter \lvert on input line 231.
LaTeX Font Info:    Redeclaring math delimiter \rvert on input line 233.
LaTeX Font Info:    Redeclaring math delimiter \lVert on input line 235.
LaTeX Font Info:    Redeclaring math delimiter \rVert on input line 237.
LaTeX Font Info:    Redeclaring math delimiter \Downarrow on input line 239.
LaTeX Font Info:    Redeclaring math delimiter \backslash on input line 241.
LaTeX Font Info:    Redeclaring math delimiter \rangle on input line 243.
LaTeX Font Info:    Redeclaring math delimiter \langle on input line 245.
LaTeX Font Info:    Redeclaring math delimiter \rbrace on input line 247.
LaTeX Font Info:    Redeclaring math delimiter \lbrace on input line 249.
LaTeX Font Info:    Redeclaring math delimiter \rceil on input line 251.
LaTeX Font Info:    Redeclaring math delimiter \lceil on input line 253.
LaTeX Font Info:    Redeclaring math delimiter \rfloor on input line 255.
LaTeX Font Info:    Redeclaring math delimiter \lfloor on input line 257.
LaTeX Font Info:    Redeclaring math accent \acute on input line 261.
LaTeX Font Info:    Redeclaring math accent \grave on input line 262.
LaTeX Font Info:    Redeclaring math accent \ddot on input line 263.
LaTeX Font Info:    Redeclaring math accent \tilde on input line 264.
LaTeX Font Info:    Redeclaring math accent \bar on input line 265.
LaTeX Font Info:    Redeclaring math accent \breve on input line 266.
LaTeX Font Info:    Redeclaring math accent \check on input line 267.
LaTeX Font Info:    Redeclaring math accent \hat on input line 268.
LaTeX Font Info:    Redeclaring math accent \dot on input line 269.
LaTeX Font Info:    Redeclaring math accent \mathring on input line 270.
\symUfutm=\mathgroup7
)
(/usr/local/texlive/2025/texmf-dist/tex/latex/wrapfig/wrapfig.sty
\wrapoverhang=\dimen333
\WF@size=\dimen334
\c@WF@wrappedlines=\count425
\WF@box=\box168
\WF@everypar=\toks51
Package: wrapfig 2003/01/31  v 3.6
)
(/usr/local/texlive/2025/texmf-dist/tex/latex/tools/xspace.sty
Package: xspace 2014/10/28 v1.13 Space after command names (DPC,MH)
)
\c@stepsi=\count426
\enitdp@steps=\count427

(/usr/local/texlive/2025/texmf-dist/tex/latex/marvosym/marvosym.sty
Package: marvosym 2011/07/20 v2.2 Martin Vogel's Symbols font definitions
)
(/usr/local/texlive/2025/texmf-dist/tex/latex/psnfss/pifont.sty
Package: pifont 2020/03/25 PSNFSS-v9.3 Pi font support (SPQR) 
LaTeX Font Info:    Trying to load font information for U+pzd on input line 63.


(/usr/local/texlive/2025/texmf-dist/tex/latex/psnfss/upzd.fd
File: upzd.fd 2001/06/04 font definitions for U/pzd.
)
LaTeX Font Info:    Trying to load font information for U+psy on input line 64.


(/usr/local/texlive/2025/texmf-dist/tex/latex/psnfss/upsy.fd
File: upsy.fd 2001/06/04 font definitions for U/psy.
))
(/usr/local/texlive/2025/texmf-dist/tex/latex/tikzmark/tikzlibrarytikzmark.code
.tex
File: tikzlibrarytikzmark.code.tex 2022/08/24 v1.15 TikZ library for marking po
sitions in a document
\l__sn_x_dim=\dimen335
\l__sn_y_dim=\dimen336
\l__sn_xa_dim=\dimen337
\l__sn_ya_dim=\dimen338
)
(/usr/local/texlive/2025/texmf-dist/tex/generic/pgf/frontendlayer/tikz/librarie
s/tikzlibrarycalc.code.tex
File: tikzlibrarycalc.code.tex 2023-01-15 v3.1.10 (3.1.10)
)
(/usr/local/texlive/2025/texmf-dist/tex/generic/pgf/frontendlayer/tikz/librarie
s/tikzlibrarydecorations.markings.code.tex
(/usr/local/texlive/2025/texmf-dist/tex/generic/pgf/libraries/decorations/pgfli
brarydecorations.markings.code.tex))
(/usr/local/texlive/2025/texmf-dist/tex/generic/pgf/frontendlayer/tikz/librarie
s/tikzlibrarychains.code.tex
File: tikzlibrarychains.code.tex 2023-01-15 v3.1.10 (3.1.10)

(/usr/local/texlive/2025/texmf-dist/tex/generic/pgf/frontendlayer/tikz/librarie
s/tikzlibrarypositioning.code.tex
File: tikzlibrarypositioning.code.tex 2023-01-15 v3.1.10 (3.1.10)
))
(/usr/local/texlive/2025/texmf-dist/tex/generic/pgf/frontendlayer/tikz/librarie
s/tikzlibraryshadows.code.tex
File: tikzlibraryshadows.code.tex 2023-01-15 v3.1.10 (3.1.10)
)
(/usr/local/texlive/2025/texmf-dist/tex/generic/pgf/libraries/pgflibraryarrows.
meta.code.tex
File: pgflibraryarrows.meta.code.tex 2023-01-15 v3.1.10 (3.1.10)
\pgfarrowinset=\dimen339
\pgfarrowlength=\dimen340
\pgfarrowwidth=\dimen341
\pgfarrowlinewidth=\dimen342
)
(/usr/local/texlive/2025/texmf-dist/tex/generic/pgf/frontendlayer/tikz/librarie
s/tikzlibrarybackgrounds.code.tex
File: tikzlibrarybackgrounds.code.tex 2023-01-15 v3.1.10 (3.1.10)
\pgf@layerbox@background=\box169
\pgf@layerboxsaved@background=\box170
)
(/usr/local/texlive/2025/texmf-dist/tex/generic/pgf/frontendlayer/tikz/librarie
s/tikzlibraryfit.code.tex
File: tikzlibraryfit.code.tex 2023-01-15 v3.1.10 (3.1.10)
)
(/usr/local/texlive/2025/texmf-dist/tex/generic/pgf/frontendlayer/tikz/librarie
s/tikzlibraryscopes.code.tex
File: tikzlibraryscopes.code.tex 2023-01-15 v3.1.10 (3.1.10)
)
(/usr/local/texlive/2025/texmf-dist/tex/latex/base/inputenc.sty
Package: inputenc 2024/02/08 v1.3d Input encoding file
\inpenc@prehook=\toks52
\inpenc@posthook=\toks53
)
(/usr/local/texlive/2025/texmf-dist/tex/latex/multirow/multirow.sty
Package: multirow 2024/11/12 v2.9 Span multiple rows of a table
\multirow@colwidth=\skip160
\multirow@cntb=\count428
\multirow@dima=\skip161
\bigstrutjot=\dimen343
)
(/usr/local/texlive/2025/texmf-dist/tex/latex/gensymb/gensymb.sty
Package: gensymb 2022/10/17 v1.0.2 (KJH)
)
(/usr/local/texlive/2025/texmf-dist/tex/latex/caption/caption.sty
Package: caption 2023/08/05 v3.6o Customizing captions (AR)

(/usr/local/texlive/2025/texmf-dist/tex/latex/caption/caption3.sty
Package: caption3 2023/07/31 v2.4d caption3 kernel (AR)
\caption@tempdima=\dimen344
\captionmargin=\dimen345
\caption@leftmargin=\dimen346
\caption@rightmargin=\dimen347
\caption@width=\dimen348
\caption@indent=\dimen349
\caption@parindent=\dimen350
\caption@hangindent=\dimen351
Package caption Info: Standard document class detected.
)
\c@caption@flags=\count429
\c@continuedfloat=\count430
Package caption Info: float package is loaded.
Package caption Info: hyperref package is loaded.
Package caption Info: listings package is loaded.
Package caption Info: wrapfig package is loaded.
)
(/usr/local/texlive/2025/texmf-dist/tex/latex/caption/subcaption.sty
Package: subcaption 2023/07/28 v1.6b Sub-captions (AR)
Package caption Info: New subtype `subfigure' on input line 238.
\c@subfigure=\count431
Package caption Info: New subtype `subtable' on input line 238.
\c@subtable=\count432
)
(/usr/local/texlive/2025/texmf-dist/tex/latex/tikzpagenodes/tikzpagenodes.sty
Package: tikzpagenodes 2012/09/16 v1.1 Special PGF/TikZ nodes for areas of the 
page
)
(/usr/local/texlive/2025/texmf-dist/tex/latex/background/background.sty
Package: background 2014/03/04 v2.1 background material

(/usr/local/texlive/2025/texmf-dist/tex/latex/everypage/everypage.sty
Package: everypage 2020/10/17 R2.0b Hooks to run on every page


Package everypage Warning: Functionality similar to this package has recently
(everypage)                been implemented in LaTeX. This package is now in
(everypage)                legacy status.
(everypage)                Please, don't use it in new documents and packages.


Package everypage Warning: You appear to be running a version of LaTeX
(everypage)                providing the new functionality.
(everypage)                Doing the best to deliver the original `everypage`
(everypage)                interface on top of it. Strict equivalence is
(everypage)                not possible, breakage may occur.
(everypage)                If truly needed, Use `everypage-1x` to force the
(everypage)                loading of an older code base.

) (/usr/local/texlive/2025/texmf-dist/tex/latex/tools/afterpage.sty
Package: afterpage 2023/07/04 v1.08 After-Page Package (DPC)
\AP@output=\toks54
\AP@partial=\box171
\AP@footins=\box172
))
(/usr/local/texlive/2025/texmf-dist/tex/latex/mathtools/mathtools.sty
Package: mathtools 2024/10/04 v1.31 mathematical typesetting tools

(/usr/local/texlive/2025/texmf-dist/tex/latex/mathtools/mhsetup.sty
Package: mhsetup 2021/03/18 v1.4 programming setup (MH)
)
\g_MT_multlinerow_int=\count433
\l_MT_multwidth_dim=\dimen352
\origjot=\skip162
\l_MT_shortvdotswithinadjustabove_dim=\dimen353
\l_MT_shortvdotswithinadjustbelow_dim=\dimen354
\l_MT_above_intertext_sep=\dimen355
\l_MT_below_intertext_sep=\dimen356
\l_MT_above_shortintertext_sep=\dimen357
\l_MT_below_shortintertext_sep=\dimen358
\xmathstrut@box=\box173
\xmathstrut@dim=\dimen359
)
(/usr/local/texlive/2025/texmf-dist/tex/latex/mhchem/mhchem.sty
Package: mhchem 2024/01/29 v4.10 for typesetting chemical formulae

(/usr/local/texlive/2025/texmf-dist/tex/latex/chemgreek/chemgreek.sty
Package: chemgreek 2020/01/16 v1.1a interface for upright Greek letters for use
 in chemistry (CN)
\l__chemgreek_tmpa_int=\count434
\g__chemgreek_tmpa_int=\count435
)
\l__mhchem_ce_distanceFromLastComma_int=\count436
\__mhchem_arrow_extPgfLength_skip=\skip163
\mhchem@minispace@tmp=\skip164
\mhchem@minibackspace@tmp=\skip165
\mhchem@bondwidth=\skip166
\mhchem@bondheight=\skip167
\mhchem@smallbondwidth@tmpA=\skip168
\mhchem@smallbondwidth@tmpB=\skip169
\mhchem@smallbondwidth=\skip170
\mhchem@bondtmp@minussidebearingleft=\skip171
\mhchem@bondtmp@minussidebearingright=\skip172
\l__mhchem_option_version_int=\count437
\mhchem@option@minusmathsidebearingleft=\dimen360
\mhchem@option@minusmathsidebearingright=\dimen361
\mhchem@option@minustextsidebearingleft=\dimen362
\mhchem@option@minustextsidebearingright=\dimen363
)
(/usr/local/texlive/2025/texmf-dist/tex/latex/ragged2e/ragged2e.sty
Package: ragged2e 2023/06/22 v3.6 ragged2e Package
\CenteringLeftskip=\skip173
\RaggedLeftLeftskip=\skip174
\RaggedRightLeftskip=\skip175
\CenteringRightskip=\skip176
\RaggedLeftRightskip=\skip177
\RaggedRightRightskip=\skip178
\CenteringParfillskip=\skip179
\RaggedLeftParfillskip=\skip180
\RaggedRightParfillskip=\skip181
\JustifyingParfillskip=\skip182
\CenteringParindent=\skip183
\RaggedLeftParindent=\skip184
\RaggedRightParindent=\skip185
\JustifyingParindent=\skip186
)
(/usr/local/texlive/2025/texmf-dist/tex/latex/newfile/newfile.sty
Package: newfile 2009/09/03 v1.0c Output and input files
\c@streamvline=\count438
)
(/usr/local/texlive/2025/texmf-dist/tex/latex/base/ifthen.sty
Package: ifthen 2024/03/16 v1.1e Standard LaTeX ifthen package (DPC)
)
\c@localsidenotecounter=\count439
\currentparskip=\skip187
\Pparsep=\dimen364
\Pcolorwidth=\dimen365
\Pnoteheight=\dimen366
\tempfile=\write4

(/usr/local/texlive/2025/texmf-dist/tex/latex/fancyhdr/fancyhdr.sty
Package: fancyhdr 2025/02/07 v5.2 Extensive control of page headers and footers

\f@nch@headwidth=\skip188
\f@nch@offset@elh=\skip189
\f@nch@offset@erh=\skip190
\f@nch@offset@olh=\skip191
\f@nch@offset@orh=\skip192
\f@nch@offset@elf=\skip193
\f@nch@offset@erf=\skip194
\f@nch@offset@olf=\skip195
\f@nch@offset@orf=\skip196
\f@nch@height=\skip197
\f@nch@footalignment=\skip198
\f@nch@widthL=\skip199
\f@nch@widthC=\skip256
\f@nch@widthR=\skip257
\@temptokenb=\toks55
)
(/usr/local/texlive/2025/texmf-dist/tex/latex/titlesec/titlesec.sty
Package: titlesec 2025/01/04 v2.17 Sectioning titles
\ttl@box=\box174
\beforetitleunit=\skip258
\aftertitleunit=\skip259
\ttl@plus=\dimen367
\ttl@minus=\dimen368
\ttl@toksa=\toks56
\titlewidth=\dimen369
\titlewidthlast=\dimen370
\titlewidthfirst=\dimen371
)
\mybox=\box175
\secnumwd=\skip260
\c@ttlp@side=\count440
\ttlp@side=\count441


Package mdframed Warning: Environment example already exits
(mdframed)                 on input line 423.

(/usr/local/texlive/2025/texmf-dist/tex/latex/makecell/makecell.sty
Package: makecell 2009/08/03 V0.1e Managing of Tab Column Heads and Cells
\rotheadsize=\dimen372
\c@nlinenum=\count442
\TeXr@lab=\toks57
)
(/usr/local/texlive/2025/texmf-dist/tex/latex/base/graphpap.sty
Package: graphpap 1994/08/09 v1.0c Standard LaTeX graphpap package (LL)
)
(/usr/local/texlive/2025/texmf-dist/tex/latex/graphics/rotating.sty
Package: rotating 2016/08/11 v2.16d rotated objects in LaTeX
\c@r@tfl@t=\count443
\rotFPtop=\skip261
\rotFPbot=\skip262
\rot@float@box=\box176
\rot@mess@toks=\toks58
)
(/usr/local/texlive/2025/texmf-dist/tex/latex/booktabs/booktabs.sty
Package: booktabs 2020/01/12 v1.61803398 Publication quality tables
\heavyrulewidth=\dimen373
\lightrulewidth=\dimen374
\cmidrulewidth=\dimen375
\belowrulesep=\dimen376
\belowbottomsep=\dimen377
\aboverulesep=\dimen378
\abovetopsep=\dimen379
\cmidrulesep=\dimen380
\cmidrulekern=\dimen381
\defaultaddspace=\dimen382
\@cmidla=\count444
\@cmidlb=\count445
\@aboverulesep=\dimen383
\@belowrulesep=\dimen384
\@thisruleclass=\count446
\@lastruleclass=\count447
\@thisrulewidth=\dimen385
)
(/usr/local/texlive/2025/texmf-dist/tex/latex/tools/dcolumn.sty
Package: dcolumn 2023/07/08 v1.06 decimal alignment package (DPC)
)
(/usr/local/texlive/2025/texmf-dist/tex/latex/standalone/standalone.sty
Package: standalone 2025/02/22 v1.5a Package to include TeX sub-files with prea
mbles

(/usr/local/texlive/2025/texmf-dist/tex/latex/tools/shellesc.sty
Package: shellesc 2023/07/08 v1.0d unified shell escape interface for LaTeX
Package shellesc Info: Unrestricted shell escape enabled on input line 75.
)
(/usr/local/texlive/2025/texmf-dist/tex/latex/currfile/currfile.sty
Package: currfile 2024/03/14 v1.0 Provides the file path elements of the curren
t input file

(/usr/local/texlive/2025/texmf-dist/tex/latex/filehook/filehook.sty
Package: filehook 2022/10/25 v0.8b Hooks for input files

(/usr/local/texlive/2025/texmf-dist/tex/latex/filehook/filehook-2020.sty
Package: filehook-2020 2022/10/25 v0.8b Hooks for input files
))
\c@currfiledepth=\count448
)
\sa@out=\write5

(./main.sta)
(/usr/local/texlive/2025/texmf-dist/tex/latex/gincltex/gincltex.sty
(/usr/local/texlive/2025/texmf-dist/tex/latex/svn-prov/svn-prov.sty
Package: svn-prov 2010/04/24 v3.1862 Package Date/Version from SVN Keywords
)
Package: gincltex 2011/09/04 v0.3 Include external LaTeX files like graphics
\gincltex@box=\box177
)
(/usr/local/texlive/2025/texmf-dist/tex/latex/filemod/filemod-expmin.sty
Package: filemod-expmin 2011/09/19 v1.2 Get and compare file modification times
 (expandable; minimal)
))
(/usr/local/texlive/2025/texmf-dist/tex/latex/tabu/tabu.sty
Package: tabu 2019/01/11 v2.9 - flexible LaTeX tabulars (FC+tabu-fixed)
\c@taburow=\count449
\tabu@nbcols=\count450
\tabu@cnt=\count451
\tabu@Xcol=\count452
\tabu@alloc=\count453
\tabu@nested=\count454
\tabu@target=\dimen386
\tabu@spreadtarget=\dimen387
\tabu@naturalX=\dimen388
\tabucolX=\dimen389
\tabu@Xsum=\dimen390
\extrarowdepth=\dimen391
\abovetabulinesep=\dimen392
\belowtabulinesep=\dimen393
\tabustrutrule=\dimen394
\tabu@thebody=\toks59
\tabu@footnotes=\toks60
\tabu@box=\box178
\tabu@arstrutbox=\box179
\tabu@hleads=\box180
\tabu@vleads=\box181
\tabu@cellskip=\skip263
)
(/usr/local/texlive/2025/texmf-dist/tex/latex/tools/tabularx.sty
Package: tabularx 2023/12/11 v2.12a `tabularx' package (DPC)
\TX@col@width=\dimen395
\TX@old@table=\dimen396
\TX@old@col=\dimen397
\TX@target=\dimen398
\TX@delta=\dimen399
\TX@cols=\count455
\TX@ftn=\toks61
)
(/usr/local/texlive/2025/texmf-dist/tex/latex/pgfplots/pgfplots.sty
(/usr/local/texlive/2025/texmf-dist/tex/generic/pgfplots/pgfplots.revision.tex)
Package: pgfplots 2021/05/15 v1.18.1 Data Visualization (1.18.1)
(/usr/local/texlive/2025/texmf-dist/tex/generic/pgfplots/pgfplots.code.tex
(/usr/local/texlive/2025/texmf-dist/tex/generic/pgfplots/pgfplotscore.code.tex
\t@pgfplots@toka=\toks62
\t@pgfplots@tokb=\toks63
\t@pgfplots@tokc=\toks64
\pgfplots@tmpa=\dimen400
\c@pgfplots@coordindex=\count456
\c@pgfplots@scanlineindex=\count457

(/usr/local/texlive/2025/texmf-dist/tex/generic/pgfplots/sys/pgfplotssysgeneric
.code.tex))
(/usr/local/texlive/2025/texmf-dist/tex/generic/pgfplots/libs/pgfplotslibrary.c
ode.tex)
(/usr/local/texlive/2025/texmf-dist/tex/generic/pgfplots/oldpgfcompatib/pgfplot
soldpgfsupp_loader.code.tex
(/usr/local/texlive/2025/texmf-dist/tex/generic/pgf/libraries/pgflibraryfpu.cod
e.tex)
Package pgfplots: loading complementary utilities for your pgf version...
\t@pgf@toka=\toks65
\t@pgf@tokb=\toks66
\t@pgf@tokc=\toks67

(/usr/local/texlive/2025/texmf-dist/tex/generic/pgfplots/oldpgfcompatib/pgfplot
soldpgfsupp_pgfutil-common-lists.tex))
(/usr/local/texlive/2025/texmf-dist/tex/generic/pgfplots/util/pgfplotsutil.code
.tex
(/usr/local/texlive/2025/texmf-dist/tex/generic/pgfplots/liststructure/pgfplots
liststructure.code.tex)
(/usr/local/texlive/2025/texmf-dist/tex/generic/pgfplots/liststructure/pgfplots
liststructureext.code.tex)
(/usr/local/texlive/2025/texmf-dist/tex/generic/pgfplots/liststructure/pgfplots
array.code.tex
\c@pgfplotsarray@tmp=\count458
)
(/usr/local/texlive/2025/texmf-dist/tex/generic/pgfplots/liststructure/pgfplots
matrix.code.tex)
(/usr/local/texlive/2025/texmf-dist/tex/generic/pgfplots/numtable/pgfplotstable
shared.code.tex
\c@pgfplotstable@counta=\count459
\t@pgfplotstable@a=\toks68
)
(/usr/local/texlive/2025/texmf-dist/tex/generic/pgfplots/liststructure/pgfplots
deque.code.tex)
(/usr/local/texlive/2025/texmf-dist/tex/generic/pgfplots/util/pgfplotsbinary.co
de.tex
(/usr/local/texlive/2025/texmf-dist/tex/generic/pgfplots/util/pgfplotsbinary.da
ta.code.tex))
(/usr/local/texlive/2025/texmf-dist/tex/generic/pgfplots/util/pgfplotsutil.verb
.code.tex)
(/usr/local/texlive/2025/texmf-dist/tex/generic/pgfplots/libs/pgflibrarypgfplot
s.surfshading.code.tex
\c@pgfplotslibrarysurf@no=\count460

(/usr/local/texlive/2025/texmf-dist/tex/generic/pgfplots/sys/pgflibrarypgfplots
.surfshading.pgfsys-pdftex.def)))
(/usr/local/texlive/2025/texmf-dist/tex/generic/pgfplots/util/pgfplotscolormap.
code.tex
(/usr/local/texlive/2025/texmf-dist/tex/generic/pgfplots/util/pgfplotscolor.cod
e.tex))
(/usr/local/texlive/2025/texmf-dist/tex/generic/pgfplots/pgfplotsstackedplots.c
ode.tex)
(/usr/local/texlive/2025/texmf-dist/tex/generic/pgfplots/pgfplotsplothandlers.c
ode.tex
(/usr/local/texlive/2025/texmf-dist/tex/generic/pgfplots/pgfplotsmeshplothandle
r.code.tex
(/usr/local/texlive/2025/texmf-dist/tex/generic/pgfplots/pgfplotsmeshplotimage.
code.tex)))
(/usr/local/texlive/2025/texmf-dist/tex/generic/pgfplots/pgfplots.scaling.code.
tex)
(/usr/local/texlive/2025/texmf-dist/tex/generic/pgfplots/pgfplotscoordprocessin
g.code.tex)
(/usr/local/texlive/2025/texmf-dist/tex/generic/pgfplots/pgfplots.errorbars.cod
e.tex)
(/usr/local/texlive/2025/texmf-dist/tex/generic/pgfplots/pgfplots.markers.code.
tex)
(/usr/local/texlive/2025/texmf-dist/tex/generic/pgfplots/pgfplotsticks.code.tex
)
(/usr/local/texlive/2025/texmf-dist/tex/generic/pgfplots/pgfplots.paths.code.te
x)
(/usr/local/texlive/2025/texmf-dist/tex/generic/pgfplots/libs/tikzlibrarypgfplo
ts.contourlua.code.tex)
\pgfplots@numplots=\count461
\pgfplots@xmin@reg=\dimen401
\pgfplots@xmax@reg=\dimen402
\pgfplots@ymin@reg=\dimen403
\pgfplots@ymax@reg=\dimen404
\pgfplots@zmin@reg=\dimen405
\pgfplots@zmax@reg=\dimen406
))
(/usr/local/texlive/2025/texmf-dist/tex/latex/cancel/cancel.sty
Package: cancel 2013/04/12 v2.2 Cancel math terms
)
(/usr/local/texlive/2025/texmf-dist/tex/latex/base/makeidx.sty
Package: makeidx 2021/10/04 v1.0m Standard LaTeX package
)
\@indexfile=\write6
\openout6 = `main.idx'.


Writing index file main.idx
(/usr/local/texlive/2025/texmf-dist/tex/latex/tocloft/tocloft.sty
Package: tocloft 2017/08/31 v2.3i parameterised ToC, etc., typesetting
Package tocloft Info: The document has chapter divisions on input line 51.
\cftparskip=\skip264
\cftbeforetoctitleskip=\skip265
\cftaftertoctitleskip=\skip266
\cftbeforepartskip=\skip267
\cftpartnumwidth=\skip268
\cftpartindent=\skip269
\cftbeforechapskip=\skip270
\cftchapindent=\skip271
\cftchapnumwidth=\skip272
\cftbeforesecskip=\skip273
\cftsecindent=\skip274
\cftsecnumwidth=\skip275
\cftbeforesubsecskip=\skip276
\cftsubsecindent=\skip277
\cftsubsecnumwidth=\skip278
\cftbeforesubsubsecskip=\skip279
\cftsubsubsecindent=\skip280
\cftsubsubsecnumwidth=\skip281
\cftbeforeparaskip=\skip282
\cftparaindent=\skip283
\cftparanumwidth=\skip284
\cftbeforesubparaskip=\skip285
\cftsubparaindent=\skip286
\cftsubparanumwidth=\skip287
\cftbeforeloftitleskip=\skip288
\cftafterloftitleskip=\skip289
\cftbeforefigskip=\skip290
\cftfigindent=\skip291
\cftfignumwidth=\skip292
\c@lofdepth=\count462
\c@lotdepth=\count463
\cftbeforelottitleskip=\skip293
\cftafterlottitleskip=\skip294
\cftbeforetabskip=\skip295
\cfttabindent=\skip296
\cfttabnumwidth=\skip297
)
(/usr/local/texlive/2025/texmf-dist/tex/latex/pbox/pbox.sty
Package: pbox 2011/12/07 v1.2 Dynamic parboxes
\pb@xlen=\skip298
)
(/usr/local/texlive/2025/texmf-dist/tex/latex/pdfpages/pdfpages.sty
Package: pdfpages 2025/01/30 v0.6e Insert pages of external PDF documents (AM)

(/usr/local/texlive/2025/texmf-dist/tex/latex/eso-pic/eso-pic.sty
Package: eso-pic 2023/05/03 v3.0c eso-pic (RN)
\ESO@tempdima=\dimen407
\ESO@tempdimb=\dimen408
)
\AM@pagewidth=\dimen409
\AM@pageheight=\dimen410
\AM@fboxrule=\dimen411

(/usr/local/texlive/2025/texmf-dist/tex/latex/pdfpages/pppdftex.def
File: pppdftex.def 2025/01/30 v0.6e Pdfpages driver for pdfTeX (AM)
)
\pdfpages@includegraphics@status=\count464
\AM@pagebox=\box182
\AM@global@opts=\toks69
\AM@pagecnt=\count465
\AM@toc@title=\toks70
\AM@lof@heading=\toks71
\c@AM@survey=\count466
\AM@templatesizebox=\box183
)
(/usr/local/texlive/2025/texmf-dist/tex/latex/biblatex/biblatex.sty
Package: biblatex 2024/03/21 v3.20 programmable bibliographies (PK/MW)

(/usr/local/texlive/2025/texmf-dist/tex/latex/logreq/logreq.sty
Package: logreq 2010/08/04 v1.0 xml request logger
\lrq@indent=\count467

(/usr/local/texlive/2025/texmf-dist/tex/latex/logreq/logreq.def
File: logreq.def 2010/08/04 v1.0 logreq spec v1.0
))
\c@tabx@nest=\count468
\c@listtotal=\count469
\c@listcount=\count470
\c@liststart=\count471
\c@liststop=\count472
\c@citecount=\count473
\c@citetotal=\count474
\c@multicitecount=\count475
\c@multicitetotal=\count476
\c@instcount=\count477
\c@maxnames=\count478
\c@minnames=\count479
\c@maxitems=\count480
\c@minitems=\count481
\c@citecounter=\count482
\c@maxcitecounter=\count483
\c@savedcitecounter=\count484
\c@uniquelist=\count485
\c@uniquename=\count486
\c@refsection=\count487
\c@refsegment=\count488
\c@maxextratitle=\count489
\c@maxextratitleyear=\count490
\c@maxextraname=\count491
\c@maxextradate=\count492
\c@maxextraalpha=\count493
\c@abbrvpenalty=\count494
\c@highnamepenalty=\count495
\c@lownamepenalty=\count496
\c@maxparens=\count497
\c@parenlevel=\count498
\blx@tempcnta=\count499
\blx@tempcntb=\count500
\blx@tempcntc=\count501
\c@blx@maxsection=\count502
\blx@maxsegment@0=\count503
\blx@notetype=\count504
\blx@parenlevel@text=\count505
\blx@parenlevel@foot=\count506
\blx@sectionciteorder@0=\count507
\blx@sectionciteorderinternal@0=\count508
\blx@entrysetcounter=\count509
\blx@biblioinstance=\count510
\labelnumberwidth=\skip299
\labelalphawidth=\skip300
\biblabelsep=\skip301
\bibitemsep=\skip302
\bibnamesep=\skip303
\bibinitsep=\skip304
\bibparsep=\skip305
\bibhang=\skip306
\blx@bcfin=\read5
\blx@bcfout=\write7
\blx@langwohyphens=\language91
\c@mincomprange=\count511
\c@maxcomprange=\count512
\c@mincompwidth=\count513
Package biblatex Info: Trying to load biblatex default data model...
Package biblatex Info: ... file 'blx-dm.def' found.

(/usr/local/texlive/2025/texmf-dist/tex/latex/biblatex/blx-dm.def
File: blx-dm.def 2024/03/21 v3.20 biblatex datamodel (PK/MW)
)
Package biblatex Info: Trying to load biblatex style data model...
Package biblatex Info: ... file 'chem-acs.dbx' not found.
Package biblatex Info: Trying to load biblatex custom data model...
Package biblatex Info: ... file 'biblatex-dm.cfg' not found.
\c@afterword=\count514
\c@savedafterword=\count515
\c@annotator=\count516
\c@savedannotator=\count517
\c@author=\count518
\c@savedauthor=\count519
\c@bookauthor=\count520
\c@savedbookauthor=\count521
\c@commentator=\count522
\c@savedcommentator=\count523
\c@editor=\count524
\c@savededitor=\count525
\c@editora=\count526
\c@savededitora=\count527
\c@editorb=\count528
\c@savededitorb=\count529
\c@editorc=\count530
\c@savededitorc=\count531
\c@foreword=\count532
\c@savedforeword=\count533
\c@holder=\count534
\c@savedholder=\count535
\c@introduction=\count536
\c@savedintroduction=\count537
\c@namea=\count538
\c@savednamea=\count539
\c@nameb=\count540
\c@savednameb=\count541
\c@namec=\count542
\c@savednamec=\count543
\c@translator=\count544
\c@savedtranslator=\count545
\c@shortauthor=\count546
\c@savedshortauthor=\count547
\c@shorteditor=\count548
\c@savedshorteditor=\count549
\c@labelname=\count550
\c@savedlabelname=\count551
\c@institution=\count552
\c@savedinstitution=\count553
\c@lista=\count554
\c@savedlista=\count555
\c@listb=\count556
\c@savedlistb=\count557
\c@listc=\count558
\c@savedlistc=\count559
\c@listd=\count560
\c@savedlistd=\count561
\c@liste=\count562
\c@savedliste=\count563
\c@listf=\count564
\c@savedlistf=\count565
\c@location=\count566
\c@savedlocation=\count567
\c@organization=\count568
\c@savedorganization=\count569
\c@origlocation=\count570
\c@savedoriglocation=\count571
\c@origpublisher=\count572
\c@savedorigpublisher=\count573
\c@publisher=\count574
\c@savedpublisher=\count575
\c@language=\count576
\c@savedlanguage=\count577
\c@origlanguage=\count578
\c@savedoriglanguage=\count579
\c@pageref=\count580
\c@savedpageref=\count581
\shorthandwidth=\skip307
\shortjournalwidth=\skip308
\shortserieswidth=\skip309
\shorttitlewidth=\skip310
\shortauthorwidth=\skip311
\shorteditorwidth=\skip312
\locallabelnumberwidth=\skip313
\locallabelalphawidth=\skip314
\localshorthandwidth=\skip315
\localshortjournalwidth=\skip316
\localshortserieswidth=\skip317
\localshorttitlewidth=\skip318
\localshortauthorwidth=\skip319
\localshorteditorwidth=\skip320
Package biblatex Info: Trying to load compatibility code...
Package biblatex Info: ... file 'blx-compat.def' found.

(/usr/local/texlive/2025/texmf-dist/tex/latex/biblatex/blx-compat.def
File: blx-compat.def 2024/03/21 v3.20 biblatex compatibility (PK/MW)
)
Package biblatex Info: Trying to load BibTeX backend compatibility...
Package biblatex Info: ... file 'blx-bibtex.def' found.

(/usr/local/texlive/2025/texmf-dist/tex/latex/biblatex/blx-bibtex.def
File: blx-bibtex.def 2024/03/21 v3.20 biblatex compatibility (PK/MW)


Package biblatex Warning: Using fall-back bibtex backend:
(biblatex)                functionality may be reduced/unavailable.

)
Package biblatex Info: Trying to load generic definitions...
Package biblatex Info: ... file 'biblatex.def' found.
 (/usr/local/texlive/2025/texmf-dist/tex/latex/biblatex/biblatex.def
File: biblatex.def 2024/03/21 v3.20 biblatex compatibility (PK/MW)
\c@textcitecount=\count582
\c@textcitetotal=\count583
\c@textcitemaxnames=\count584
\c@biburlbigbreakpenalty=\count585
\c@biburlbreakpenalty=\count586
\c@biburlnumpenalty=\count587
\c@biburlucpenalty=\count588
\c@biburllcpenalty=\count589
\biburlbigskip=\muskip19
\biburlnumskip=\muskip20
\biburlucskip=\muskip21
\biburllcskip=\muskip22
\c@smartand=\count590
)
Package biblatex Info: Trying to load bibliography style 'chem-acs'...
Package biblatex Info: ... file 'chem-acs.bbx' found.

(/usr/local/texlive/2025/texmf-dist/tex/latex/biblatex-chem/chem-acs.bbx
File: chem-acs.bbx 2021/02/24 v1.1z biblatex bibliography style
Package biblatex Info: Trying to load bibliography style 'numeric-comp'...
Package biblatex Info: ... file 'numeric-comp.bbx' found.

(/usr/local/texlive/2025/texmf-dist/tex/latex/biblatex/bbx/numeric-comp.bbx
File: numeric-comp.bbx 2024/03/21 v3.20 biblatex bibliography style (PK/MW)
Package biblatex Info: Trying to load bibliography style 'numeric'...
Package biblatex Info: ... file 'numeric.bbx' found.

(/usr/local/texlive/2025/texmf-dist/tex/latex/biblatex/bbx/numeric.bbx
File: numeric.bbx 2024/03/21 v3.20 biblatex bibliography style (PK/MW)
Package biblatex Info: Trying to load bibliography style 'standard'...
Package biblatex Info: ... file 'standard.bbx' found.

(/usr/local/texlive/2025/texmf-dist/tex/latex/biblatex/bbx/standard.bbx
File: standard.bbx 2024/03/21 v3.20 biblatex bibliography style (PK/MW)
\c@bbx:relatedcount=\count591
\c@bbx:relatedtotal=\count592
))))
Package biblatex Info: Trying to load citation style 'chem-acs'...
Package biblatex Info: ... file 'chem-acs.cbx' found.

(/usr/local/texlive/2025/texmf-dist/tex/latex/biblatex-chem/chem-acs.cbx
File: chem-acs.cbx 2021/02/24 v1.1z biblatex citation style
Package biblatex Info: Trying to load citation style 'numeric-comp'...
Package biblatex Info: ... file 'numeric-comp.cbx' found.

(/usr/local/texlive/2025/texmf-dist/tex/latex/biblatex/cbx/numeric-comp.cbx
File: numeric-comp.cbx 2024/03/21 v3.20 biblatex citation style (PK/MW)
\c@cbx@tempcnta=\count593
\c@cbx@tempcntb=\count594
\c@cbx@tempcntc=\count595
\c@cbx@tempcntd=\count596
Package biblatex Info: Redefining '\cite'.
Package biblatex Info: Redefining '\parencite'.
Package biblatex Info: Redefining '\footcite'.
Package biblatex Info: Redefining '\footcitetext'.
Package biblatex Info: Redefining '\smartcite'.
Package biblatex Info: Redefining '\supercite'.
Package biblatex Info: Redefining '\textcite'.
Package biblatex Info: Redefining '\textcites'.
Package biblatex Info: Redefining '\cites'.
Package biblatex Info: Redefining '\parencites'.
Package biblatex Info: Redefining '\smartcites'.
))
Package biblatex Info: Trying to load configuration file...
Package biblatex Info: ... file 'biblatex.cfg' found.

(/usr/local/texlive/2025/texmf-dist/tex/latex/biblatex/biblatex.cfg
File: biblatex.cfg 
)
Package biblatex Info: Input encoding 'utf8' detected.
Package biblatex Info: Document encoding is UTF8 ....
Package biblatex Info: ... and expl3
(biblatex)             2025-01-18 L3 programming layer (loader) 
(biblatex)             is new enough (at least 2020/04/06),
(biblatex)             setting 'casechanger=expl3'.

(/usr/local/texlive/2025/texmf-dist/tex/latex/biblatex/blx-case-expl3.sty
Package: blx-case-expl3 2024/03/21 v3.20 expl3 case changing code for biblatex
))
(/usr/local/texlive/2025/texmf-dist/tex/latex/titlesec/titletoc.sty
Package: titletoc 2025/01/04 v2.17 TOC entries
\ttl@leftsep=\dimen412
)
(/usr/local/texlive/2025/texmf-dist/tex/latex/koma-script/scrlayer.sty
Package: scrlayer 2024/10/24 v3.43 KOMA-Script package (defining layers and pag
e styles)

(/usr/local/texlive/2025/texmf-dist/tex/latex/koma-script/scrkbase.sty
Package: scrkbase 2024/10/24 v3.43 KOMA-Script package (KOMA-Script-dependent b
asics and keyval usage)

(/usr/local/texlive/2025/texmf-dist/tex/latex/koma-script/scrbase.sty
Package: scrbase 2024/10/24 v3.43 KOMA-Script package (KOMA-Script-independent 
basics and keyval usage)

(/usr/local/texlive/2025/texmf-dist/tex/latex/koma-script/scrlfile.sty
Package: scrlfile 2024/10/24 v3.43 KOMA-Script package (file load hooks)

(/usr/local/texlive/2025/texmf-dist/tex/latex/koma-script/scrlfile-hook.sty
Package: scrlfile-hook 2024/10/24 v3.43 KOMA-Script package (using LaTeX hooks)


(/usr/local/texlive/2025/texmf-dist/tex/latex/koma-script/scrlogo.sty
Package: scrlogo 2024/10/24 v3.43 KOMA-Script package (logo)
)))
Applying: [2021/05/01] Usage of raw or classic option list on input line 254.
Already applied: [0000/00/00] Usage of raw or classic option list on input line
 370.
))
\footheight=\skip321
Package scrlayer Info: patching LaTeX kernel macro \pagestyle on input line 218
2.
)
(/usr/local/texlive/2025/texmf-dist/tex/latex/tools/longtable.sty
Package: longtable 2024-10-27 v4.22 Multi-page Table package (DPC)
\LTleft=\skip322
\LTright=\skip323
\LTpre=\skip324
\LTpost=\skip325
\LTchunksize=\count597
\LTcapwidth=\dimen413
\LT@head=\box184
\LT@firsthead=\box185
\LT@foot=\box186
\LT@lastfoot=\box187
\LT@gbox=\box188
\LT@cols=\count598
\LT@rows=\count599
\c@LT@tables=\count600
\c@LT@chunks=\count601
\LT@p@ftn=\toks72
)
\tablebox=\box189

(/usr/local/texlive/2025/texmf-dist/tex/latex/floatflt/floatflt.sty
Package: floatflt 1997/07/16 v. 1.31
\c@OptionTest=\count602
\figbox=\box190
\tabbox=\box191
\pagebox=\box192
\ffigcount=\count603
\ftabcount=\count604
\fftest=\count605
\hangcount=\count606
\nosuccesstryfig=\count607
\nosuccesstrytab=\count608
\figgutter=\dimen414
\tabgutter=\dimen415
\htdone=\dimen416
\pageht=\dimen417
\startpageht=\dimen418
\tabbredd=\dimen419
\floatfltwidth=\dimen420
\fltitemwidth=\dimen421
\outputpretest=\toks73
)
(/usr/local/texlive/2025/texmf-dist/tex/generic/pgf/frontendlayer/tikz/librarie
s/tikzlibrarypatterns.code.tex
File: tikzlibrarypatterns.code.tex 2023-01-15 v3.1.10 (3.1.10)

(/usr/local/texlive/2025/texmf-dist/tex/generic/pgf/libraries/pgflibrarypattern
s.code.tex
File: pgflibrarypatterns.code.tex 2023-01-15 v3.1.10 (3.1.10)
))
(/usr/local/texlive/2025/texmf-dist/tex/generic/pgf/frontendlayer/tikz/librarie
s/tikzlibraryarrows.code.tex
File: tikzlibraryarrows.code.tex 2023-01-15 v3.1.10 (3.1.10)

(/usr/local/texlive/2025/texmf-dist/tex/generic/pgf/libraries/pgflibraryarrows.
code.tex
File: pgflibraryarrows.code.tex 2023-01-15 v3.1.10 (3.1.10)
\arrowsize=\dimen422
))
\pgf@layerbox@backbackground=\box193
\pgf@layerboxsaved@backbackground=\box194


Package array Warning: Column D is already defined on input line 832.


Package array Warning: Column E is already defined on input line 838.

<stamp.png, id=41, 1174.3875pt x 973.6375pt>
File: stamp.png Graphic file (type png)
<use stamp.png>
Package pdftex.def Info: stamp.png  used on input line 858.
(pdftex.def)             Requested size: 49.99593pt x 49.9921pt.
LaTeX Font Info:    Trying to load font information for T1+lmtt on input line 8
60.
(/usr/local/texlive/2025/texmf-dist/tex/latex/lm/t1lmtt.fd
File: t1lmtt.fd 2015/05/01 v1.6.1 Font defs for Latin Modern
)
(/usr/local/texlive/2025/texmf-dist/tex/latex/fontawesome/fontawesome.sty
Package: fontawesome 2016/05/15 v4.6.3.1 font awesome icons

(/usr/local/texlive/2025/texmf-dist/tex/generic/iftex/ifxetex.sty
Package: ifxetex 2019/10/25 v0.7 ifxetex legacy package. Use iftex instead.
)
(/usr/local/texlive/2025/texmf-dist/tex/generic/iftex/ifluatex.sty
Package: ifluatex 2019/10/25 v1.5 ifluatex legacy package. Use iftex instead.
)
(/usr/local/texlive/2025/texmf-dist/tex/latex/fontawesome/fontawesomesymbols-ge
neric.tex)
(/usr/local/texlive/2025/texmf-dist/tex/latex/fontawesome/fontawesomesymbols-pd
ftex.tex)) (/usr/local/texlive/2025/texmf-dist/tex/latex/savesym/savesym.sty
Package: savesym 2013/09/02 v1.2 Saves and restores symbols (JG)
)
(/usr/local/texlive/2025/texmf-dist/tex/latex/tikzorbital/tikzorbital.sty
Package: tikzorbital 2012/12/05 draw atomic orbitals and molecular diagrams wit
h tikz
\pgf@layerbox@foreground=\box195
\pgf@layerboxsaved@foreground=\box196
)
(/usr/local/texlive/2025/texmf-dist/tex/generic/chemfig/chemfig.sty
(/usr/local/texlive/2025/texmf-dist/tex/generic/chemfig/chemfig.tex
(/usr/local/texlive/2025/texmf-dist/tex/generic/simplekv/simplekv.tex
Package: simplekv 2023/10/02 v0.2c Simple keyval package (CT)
)
\CF_cnt_atomgroup=\count609
\CF_cnt_group=\count610
\CF_cnt_atom=\count611
\CF_cnt_cycle=\count612
\CF_cnt_cyclebonds=\count613
\CF_cnt_compound=\count614
\CF_dim=\dimen423
\CF_turnangle=\dimen424
\CF_arrowsize=\dimen425
\CF_zero=\dimen426
\CF_box=\box197
\CF_boxstuff=\box198
\CF_testbox=\box199
\CF_chargebox=\box256
\CF_substtoks=\toks74
)
Package: chemfig 2023/12/28 v1.66 Draw molecule with an easy syntax (CT)
)
(/usr/local/texlive/2025/texmf-dist/tex/latex/chemmacros/chemmacros.sty
Package: chemmacros 2022/03/11 v6.2a comprehensive support for typesetting chem
istry documents (CN & SK)
\l__chemmacros_tmpa_dim=\dimen427
\l__chemmacros_tmpb_dim=\dimen428
\l__chemmacros_tmpc_dim=\dimen429
\l__chemmacros_tmpa_int=\count615
\l__chemmacros_tmpb_int=\count616
\l__chemmacros_tmpc_int=\count617
\l__chemmacros_tmpa_box=\box257
\l__chemmacros_tmpb_box=\box258
\l__chemmacros_tmpc_box=\box259
Loading the chemmacros module `base' ...

Loading the chemmacros module `base' ...
(/usr/local/texlive/2025/texmf-dist/tex/latex/tools/bm.sty
Package: bm 2023/12/19 v1.2f Bold Symbol Support (DPC/FMi)
\symboldoperators=\mathgroup8
\symboldletters=\mathgroup9
Package bm Info: No bold for \FMS/futm/m/n, using \pmb.
Package bm Info: No bold for \FMX/futm/m/n, using \pmb.
Package bm Info: No bold for \U/msa/m/n, using \pmb.
Package bm Info: No bold for \U/msb/m/n, using \pmb.
\symboldotherletters=\mathgroup10
Package bm Info: No bold for \U/futm/m/n, using \pmb.
LaTeX Font Info:    Redeclaring math alphabet \mathbf on input line 149.
)
Loading the chemmacros module `errorcheck' ...

Loading the chemmacros module `errorcheck' ...
Loading the chemmacros module `lang' ...
Loading the chemmacros module `lang' ...
(/usr/local/texlive/2025/texmf-dist/tex/latex/translations/translations.sty
Package: translations 2022/02/05 v1.12 internationalization of LaTeX2e packages
 (CN)
)
Loading the chemmacros module `greek' ...

Loading the chemmacros module `greek' ...
Loading the chemmacros module `formula' ...
Loading the chemmacros module `formula' ...
Loading the chemmacros module `charges' ...
Loading the chemmacros module `charges' ...
Loading the chemmacros module `acid-base' ...
Loading the chemmacros module `acid-base' ...
Loading the chemmacros module `symbols' ...
Loading the chemmacros module `symbols' ...
Loading the chemmacros module `particles' ...
Loading the chemmacros module `particles' ...
\l__chemmacros_nucleophile_dim=\dimen430
Loading the chemmacros module `phases' ...
Loading the chemmacros module `phases' ...
\l__chemmacros_phases_space_dim=\dimen431
Loading the chemmacros module `nomenclature' ...
Loading the chemmacros module `nomenclature' ...
\l__chemmacros_cip_kern_dim=\dimen432
\l__chemmacros_iupac_hyphen_pre_dim=\dimen433
\l__chemmacros_iupac_hyphen_post_dim=\dimen434
\l__chemmacros_iupac_break_dim=\dimen435
\l__chemmacros_iupac_break_skip=\skip326
Loading the chemmacros module `tikz' ...
Loading the chemmacros module `tikz' ...
\l__chemmacros_el_length_dim=\dimen436
Loading the chemmacros module `isotopes' ...
Loading the chemmacros module `isotopes' ...
(/usr/local/texlive/2025/texmf-dist/tex/latex/elements/elements.sty
Package: elements 2022/01/29 v0.4 properties of chemical elements
\c@@elements@orbital@type=\count618
\c@@elements@shell@number=\count619
)
Loading the chemmacros module `mechanisms' ...

Loading the chemmacros module `mechanisms' ...
Loading the chemmacros module `newman' ...
Loading the chemmacros module `newman' ...
Loading the chemmacros module `orbital' ...
Loading the chemmacros module `orbital' ...
Loading the chemmacros module `polymers' ...
Loading the chemmacros module `polymers' ...
\l__chemmacros_polymer_delimiter_height_dim=\dimen437
\l__chemmacros_polymer_delimiter_depth_dim=\dimen438
Loading the chemmacros module `reactions' ...
Loading the chemmacros module `reactions' ...
\c@reaction=\count620
Loading the chemmacros module `redox' ...
Loading the chemmacros module `redox' ...
(/usr/local/texlive/2025/texmf-dist/tex/latex/relsize/relsize.sty
Package: relsize 2013/03/29 ver 4.1
)
\l__chemmacros_ox_number_int=\count621
\l__chemmacros_redox_sep_dim=\dimen439
\l__chemmacros_redox_sep_default_dim=\dimen440
\l__chemmacros_redox_dist_dim=\dimen441
Loading the chemmacros module `xfrac' ...

Loading the chemmacros module `xfrac' ...
(/usr/local/texlive/2025/texmf-dist/tex/latex/xfrac/xfrac.sty
Package: xfrac 2024-06-04 Split-level fractions
\l__xfrac_slash_box=\box260
\l__xfrac_tmp_box=\box261
\l__xfrac_denominator_bot_sep_dim=\dimen442
\l__xfrac_numerator_bot_sep_dim=\dimen443
\l__xfrac_numerator_top_sep_dim=\dimen444
\l__xfrac_slash_left_sep_dim=\dimen445
\l__xfrac_slash_right_sep_dim=\dimen446
\l__xfrac_slash_left_muskip=\muskip23
\l__xfrac_slash_right_muskip=\muskip24

LaTeX template Info: Declaring template type 'xfrac' taking 3 argument(s) on
(template)           line 100.


LaTeX template Info: Declaring instance 'cmr' of type xfrac on line 392.


LaTeX template Info: Declaring instance 'cmss' of type xfrac on line 392.


LaTeX template Info: Declaring instance 'cmtt' of type xfrac on line 392.

)

LaTeX template Info: Declaring instance 'chemmacros-frac-cmr-superscript' of
(template)           type xfrac on line 4683.


LaTeX template Info: Declaring instance 'chemmacros-frac-cmr-text' of type
(template)           xfrac on line 4691.

Loading the chemmacros module `scheme' ...

Loading the chemmacros module `scheme' ...
(/usr/local/texlive/2025/texmf-dist/tex/latex/chemnum/chemnum.sty
Package: chemnum 2021/01/21 v1.3a a comprehensive approach for the numbering of
 chemical compounds (CN)

(/usr/local/texlive/2025/texmf-dist/tex/latex/psfrag/psfrag.sty
Package: psfrag 1998/04/11 v3.04 PSfrag (MCG)
\pfg@pcount=\count622
\pfg@scount=\count623
\pfg@temp=\write8
)
\l__chemnum_tmpa_int=\count624
\l__chemnum_tmpb_int=\count625
\l__chemnum_tmpc_int=\count626
\c@cmpdmain=\count627
\g__chemnum_main_int=\count628
\l__chemnum_compound_replace_int=\count629
)
Loading the chemmacros module `spectroscopy' ...

Loading the chemmacros module `spectroscopy' ...
(/usr/local/texlive/2025/texmf-dist/tex/latex/siunitx/siunitx.sty
Package: siunitx 2025-02-27 v3.4.6 A comprehensive (SI) units package
\l__siunitx_number_uncert_offset_int=\count630
\l__siunitx_number_exponent_fixed_int=\count631
\l__siunitx_number_min_decimal_int=\count632
\l__siunitx_number_min_integer_int=\count633
\l__siunitx_number_round_precision_int=\count634
\l__siunitx_number_lower_threshold_int=\count635
\l__siunitx_number_upper_threshold_int=\count636
\l__siunitx_number_group_first_int=\count637
\l__siunitx_number_group_size_int=\count638
\l__siunitx_number_group_minimum_int=\count639
\l__siunitx_angle_tmp_dim=\dimen447
\l__siunitx_angle_marker_box=\box262
\l__siunitx_angle_unit_box=\box263
\l__siunitx_compound_count_int=\count640
\l__siunitx_table_tmp_box=\box264
\l__siunitx_table_tmp_dim=\dimen448
\l__siunitx_table_column_width_dim=\dimen449
\l__siunitx_table_integer_box=\box265
\l__siunitx_table_decimal_box=\box266
\l__siunitx_table_uncert_box=\box267
\l__siunitx_table_before_box=\box268
\l__siunitx_table_after_box=\box269
\l__siunitx_table_before_dim=\dimen450
\l__siunitx_table_carry_dim=\dimen451
\l__siunitx_unit_tmp_int=\count641
\l__siunitx_unit_position_int=\count642
\l__siunitx_unit_total_int=\count643
)
\l__chemmacros_nmr_space_skip=\skip327
Loading the chemmacros module `thermodynamics' ...

Loading the chemmacros module `thermodynamics' ...
Loading the chemmacros module `units' ...
Loading the chemmacros module `units' ...
Loading the chemmacros module `reactants' ...
Loading the chemmacros module `reactants' ...
Loading the chemmacros module `translations' ...
Loading the chemmacros module `translations' ...
)

Package chemmacros Warning: The module mechanism has changed with v6!
(chemmacros)                =========================================
(chemmacros)                * All modules have been integrated into 
(chemmacros)                the main package and thus are preloaded 
(chemmacros)                already (unless you have loaded 
(chemmacros)                `chemmacros' with the `minimal' option).
(chemmacros)                * The new default corresponds to the 
(chemmacros)                earlier setting `modules=all'.
(chemmacros)                The command \usechemmodule is deprecated.


Package chemmacros Warning: The module mechanism has changed with v6!
(chemmacros)                =========================================
(chemmacros)                * All modules have been integrated into 
(chemmacros)                the main package and thus are preloaded 
(chemmacros)                already (unless you have loaded 
(chemmacros)                `chemmacros' with the `minimal' option).
(chemmacros)                * The new default corresponds to the 
(chemmacros)                earlier setting `modules=all'.


Package chemmacros Warning: `modules' is a load-time option!
(chemmacros)                You cannot set it with \chemsetup!
(chemmacros)                You need to use \usepackage[modules]{chemmacros}.

\enitdp@where=\count644
(/usr/local/texlive/2025/texmf-dist/tex/latex/modiagram/modiagram.sty
Package: modiagram 2020/11/08 v0.3a easy creation of molecular orbital diagrams

\l__modiagram_tmpa_dim=\dimen452
\l__modiagram_AO_width_dim=\dimen453
\l__modiagram_left_atom_position_dim=\dimen454
\l__modiagram_inter_atom_distance_dim=\dimen455
\l__modiagram_molecule_position_dim=\dimen456
\g__modiagram_min_energy_dim=\dimen457
\g__modiagram_max_energy_dim=\dimen458
\l__modiagram_energy_gain_dim=\dimen459
\l__modiagram_energy_loss_dim=\dimen460
\l__modiagram_atom_xshift_dim=\dimen461
\l__modiagram_atom_one_s_dim=\dimen462
\l__modiagram_atom_left_one_s_dim=\dimen463
\l__modiagram_atom_right_one_s_dim=\dimen464
\l__modiagram_atom_two_s_dim=\dimen465
\l__modiagram_atom_left_two_s_dim=\dimen466
\l__modiagram_atom_right_two_s_dim=\dimen467
\l__modiagram_atom_two_p_dim=\dimen468
\l__modiagram_atom_left_two_p_dim=\dimen469
\l__modiagram_atom_right_two_p_dim=\dimen470
\l__modiagram_atom_px_shift_dim=\dimen471
\l__modiagram_atom_py_shift_dim=\dimen472
\l__modiagram_atom_pz_shift_dim=\dimen473
\l__modiagram_molecule_one_sigma_dim=\dimen474
\l__modiagram_molecule_one_sigmas_dim=\dimen475
\l__modiagram_molecule_two_sigma_dim=\dimen476
\l__modiagram_molecule_two_sigmas_dim=\dimen477
\l__modiagram_molecule_two_psigma_dim=\dimen478
\l__modiagram_molecule_two_psigmas_dim=\dimen479
\l__modiagram_molecule_two_ppi_dim=\dimen480
\l__modiagram_molecule_two_ppis_dim=\dimen481
\l__modiagram_AO_dim=\dimen482
\l__modiagram_AO_position_dim=\dimen483
\l__modiagram_AO_px_shift_dim=\dimen484
\l__modiagram_AO_py_shift_dim=\dimen485
\l__modiagram_AO_pz_shift_dim=\dimen486
\g__modiagram_AO_name_int=\count645
\l_energy_axis_dim=\dimen487
)
(/usr/local/texlive/2025/texmf-dist/tex/latex/jknapltx/mathrsfs.sty
Package: mathrsfs 1996/01/01 Math RSFS package v1.0 (jk)
\symrsfs=\mathgroup11
)
(/Users/daniel/Library/texmf/tex/latex/xcolor-material.sty
Package: xcolor-material 2016/10/11 v0.1 A package for accessing Google Materia
l colors using the xcolor package
)
(/usr/local/texlive/2025/texmf-dist/tex/latex/zref/zref-savepos.sty
Package: zref-savepos 2023-09-14 v2.35 Module savepos for zref (HO)
Package zref Info: New property list: savepos on input line 79.
Package zref Info: New property: posx on input line 81.
Package zref Info: New property: posy on input line 82.
)
\c@NoTableEntry=\count646
\c@figurenewcounter=\count647
\c@tablenewcounter=\count648
\c@formulanewcounter=\count649
\c@graphcounter=\count650


Package biblatex Warning: 'babel/polyglossia' detected but 'csquotes' missing.
(biblatex)                Loading 'csquotes' recommended.

\@quotelevel=\count651
\@quotereset=\count652

Package chemmacros Info: Using float defining method `float'.

\@float@every@scheme=\toks75
\c@scheme=\count653
(./main.aux)
\openout1 = `main.aux'.

LaTeX Font Info:    Checking defaults for OML/cmm/m/it on input line 1785.
LaTeX Font Info:    ... okay on input line 1785.
LaTeX Font Info:    Checking defaults for OMS/cmsy/m/n on input line 1785.
LaTeX Font Info:    ... okay on input line 1785.
LaTeX Font Info:    Checking defaults for OT1/cmr/m/n on input line 1785.
LaTeX Font Info:    ... okay on input line 1785.
LaTeX Font Info:    Checking defaults for T1/cmr/m/n on input line 1785.
LaTeX Font Info:    ... okay on input line 1785.
LaTeX Font Info:    Checking defaults for TS1/cmr/m/n on input line 1785.
LaTeX Font Info:    ... okay on input line 1785.
LaTeX Font Info:    Checking defaults for OMX/cmex/m/n on input line 1785.
LaTeX Font Info:    ... okay on input line 1785.
LaTeX Font Info:    Checking defaults for U/cmr/m/n on input line 1785.
LaTeX Font Info:    ... okay on input line 1785.
LaTeX Font Info:    Checking defaults for PD1/pdf/m/n on input line 1785.
LaTeX Font Info:    ... okay on input line 1785.
LaTeX Font Info:    Checking defaults for PU/pdf/m/n on input line 1785.
LaTeX Font Info:    ... okay on input line 1785.
LaTeX Font Info:    Checking defaults for FML/futm/m/it on input line 1785.
LaTeX Font Info:    Trying to load font information for FML+futm on input line 
1785.
 (/usr/local/texlive/2025/texmf-dist/tex/latex/fourier/fmlfutm.fd
File: fmlfutm.fd 2004/10/30 Fontinst v1.926 font definitions for FML/futm.
)
LaTeX Font Info:    ... okay on input line 1785.
LaTeX Font Info:    Checking defaults for FMS/futm/m/n on input line 1785.
LaTeX Font Info:    Trying to load font information for FMS+futm on input line 
1785.

(/usr/local/texlive/2025/texmf-dist/tex/latex/fourier/fmsfutm.fd
File: fmsfutm.fd 2004/10/30 Fontinst v1.926 font definitions for FMS/futm.
)
LaTeX Font Info:    ... okay on input line 1785.
LaTeX Font Info:    Checking defaults for FMX/futm/m/n on input line 1785.
LaTeX Font Info:    Trying to load font information for FMX+futm on input line 
1785.

(/usr/local/texlive/2025/texmf-dist/tex/latex/fourier/fmxfutm.fd
File: fmxfutm.fd futm-extension
)
LaTeX Font Info:    ... okay on input line 1785.

(/usr/local/texlive/2025/texmf-dist/tex/context/base/mkii/supp-pdf.mkii
[Loading MPS to PDF converter (version 2006.09.02).]
\scratchcounter=\count654
\scratchdimen=\dimen488
\scratchbox=\box270
\nofMPsegments=\count655
\nofMParguments=\count656
\everyMPshowfont=\toks76
\MPscratchCnt=\count657
\MPscratchDim=\dimen489
\MPnumerator=\count658
\makeMPintoPDFobject=\count659
\everyMPtoPDFconversion=\toks77
) (/usr/local/texlive/2025/texmf-dist/tex/latex/epstopdf-pkg/epstopdf-base.sty
Package: epstopdf-base 2020-01-24 v2.11 Base part for package epstopdf
Package epstopdf-base Info: Redefining graphics rule for `.eps' on input line 4
85.

(/usr/local/texlive/2025/texmf-dist/tex/latex/latexconfig/epstopdf-sys.cfg
File: epstopdf-sys.cfg 2010/07/13 v1.3 Configuration of (r)epstopdf for TeX Liv
e
))
Package hyperref Info: Link coloring OFF on input line 1785.


Package layouts Warning: Layout scale set to 0.5 on input line 1785.

*geometry* driver: auto-detecting
*geometry* detected driver: pdftex
*geometry* verbose mode - [ preamble ] result:
* driver: pdftex
* paper: <default>
* layout: <same size as paper>
* layoutoffset:(h,v)=(0.0pt,0.0pt)
* modes: twoside 
* h-part:(L,W,R)=(50.58878pt, 513.11745pt, 50.58878pt)
* v-part:(T,H,B)=(50.58878pt, 693.79243pt, 50.58878pt)
* \paperwidth=614.295pt
* \paperheight=794.96999pt
* \textwidth=513.11745pt
* \textheight=693.79243pt
* \oddsidemargin=-21.68121pt
* \evensidemargin=-21.68121pt
* \topmargin=-51.7487pt
* \headheight=12.0pt
* \headsep=18.06749pt
* \topskip=10.0pt
* \footskip=25.29494pt
* \marginparwidth=125.0pt
* \marginparsep=7.0pt
* \columnsep=10.0pt
* \skip\footins=9.0pt plus 4.0pt minus 2.0pt
* \hoffset=0.0pt
* \voffset=0.0pt
* \mag=1000
* \@twocolumnfalse
* \@twosidetrue
* \@mparswitchtrue
* \@reversemarginfalse
* (1in=72.27pt=25.4mm, 1cm=28.453pt)

\c@lstlisting=\count660
LaTeX Font Info:    Redeclaring math accent \widehat on input line 1785.
LaTeX Font Info:    Redeclaring math accent \widetilde on input line 1785.
\symgns@font=\mathgroup12
LaTeX Font Info:    Overwriting symbol font `gns@font' in version `bold'
(Font)                  TS1/futs/m/n --> TS1/futs/b/n on input line 1785.
Package gensymb Info: Math companion symbols declared on input line 1785.
LaTeX Info: Redefining \degree on input line 1785.
LaTeX Info: Redefining \celsius on input line 1785.
Package gensymb Info: Using text companion symbols for \degree, \celsius and \p
erthousand on input line 1785.
LaTeX Info: Redefining \ohm on input line 1785.
Package gensymb Info: Using \textohm for \ohm on input line 1785.
Package gensymb Info: Using \textmu for \micro on input line 1785.
Package caption Info: Begin \AtBeginDocument code.
Package caption Info: floatflt package is loaded.
Package caption Info: longtable package is loaded.
(/usr/local/texlive/2025/texmf-dist/tex/latex/caption/ltcaption.sty
Package: ltcaption 2021/01/08 v1.4c longtable captions (AR)
)
Package caption Info: rotating package is loaded.
Package caption Info: End \AtBeginDocument code.

Package chemgreek Info: Activating mapping `fourier' on line 1785.


(./main.sta)
\openout5 = `main.sta'.



Package pgfplots Warning: running in backwards compatibility mode (unsuitable t
ick labels; missing features). Consider writing \pgfplotsset{compat=1.18} into 
your preamble.
 on input line 1785.

(/usr/local/texlive/2025/texmf-dist/tex/latex/pdflscape/pdflscape.sty
Package: pdflscape 2022-10-27 v0.13 Display of landscape pages in PDF

(/usr/local/texlive/2025/texmf-dist/tex/latex/pdflscape/pdflscape-nometadata.st
y
Package: pdflscape-nometadata 2022-10-28 v0.13 Display of landscape pages in PD
F (HO)
Package pdflscape Info: Auto-detected driver: pdftex on input line 81.
))
Package biblatex Info: Trying to load language 'english'...
Package biblatex Info: ... file 'english.lbx' found.
 (/usr/local/texlive/2025/texmf-dist/tex/latex/biblatex/lbx/english.lbx
File: english.lbx 2024/03/21 v3.20 biblatex localization (PK/MW)
)
Package biblatex Info: Input encoding 'utf8' detected.
Package biblatex Info: Automatic encoding selection.
(biblatex)             Assuming data encoding 'utf8'.
Package biblatex Info: Input encoding 'utf8' detected.
Package biblatex Info: Data encoding 'utf8' specified.
(biblatex)             No need to reencode data.
\openout7 = `main-blx.bib'.

Package biblatex Info: Trying to load bibliographic data...
Package biblatex Info: ... file 'main.bbl' not found.

No file main.bbl.
Package biblatex Info: ... file 'main1-blx.bbl' not found.
No file main1-blx.bbl.
Package biblatex Info: Reference section=0 on input line 1785.
Package biblatex Info: Reference segment=0 on input line 1785.

(/usr/local/texlive/2025/texmf-dist/tex/latex/translations/translations-basic-d
ictionary-english.trsl
File: translations-basic-dictionary-english.trsl (english translation file `tra
nslations-basic-dictionary')
)
Package translations Info: loading dictionary `translations-basic-dictionary' f
or `english'. on input line 1785.

(/usr/local/texlive/2025/texmf-dist/tex/latex/elements/elements_names_english.d
ef)
LaTeX Font Info:    Trying to load font information for T1+lmss on input line 1
790.
 (/usr/local/texlive/2025/texmf-dist/tex/latex/lm/t1lmss.fd
File: t1lmss.fd 2015/05/01 v1.6.1 Font defs for Latin Modern
)
Overfull \hbox (56.39917pt too wide) in paragraph at lines 1790--1790
|[][] []| 
 []

(../../Ch-nuclear/LAB-nuclear/../../Ch-nuclear/LAB-nuclear/LAB-nuclear.tex
\blx@maxsegment@1=\count661
\blx@sectionciteorder@1=\count662
Package biblatex Info: Reference section=1 on input line 3.
\openout7 = `main1-blx.aux'.

Package biblatex Info: Setting label 'refsection:1' on input line 3.

Underfull \hbox (badness 10000) in paragraph at lines 8--8
 []\T1/futs/b/n/12 EXPERIMENT 1 
 []

(../../Ch-nuclear/LAB-nuclear/../../Ch-nuclear/LAB-nuclear/title)
Underfull \hbox (badness 10000) in paragraph at lines 1--10
 []\T1/futs/b/n/24.88 Half-life of K-40 
 []

(../../Ch-nuclear/LAB-nuclear/../../Ch-nuclear/LAB-nuclear/goal

LaTeX Warning: Citation 'A8' undefined on input line 2.


LaTeX Warning: Citation 'A41' undefined on input line 2.

) (../../Ch-nuclear/LAB-nuclear/../../Ch-nuclear/LAB-nuclear/materials
LaTeX Font Info:    Trying to load font information for FML+futmi on input line
 2.

(/usr/local/texlive/2025/texmf-dist/tex/latex/fourier/fmlfutmi.fd
File: fmlfutmi.fd 2004/10/30 Fontinst v1.926 font definitions for FML/futmi.
)
LaTeX Font Info:    Font shape `FMX/futm/m/n' will be
(Font)              scaled to size 9.19998pt on input line 2.
LaTeX Font Info:    Font shape `FMX/futm/m/n' will be
(Font)              scaled to size 6.99199pt on input line 2.
LaTeX Font Info:    Font shape `FMX/futm/m/n' will be
(Font)              scaled to size 5.51999pt on input line 2.
LaTeX Font Info:    Trying to load font information for U+msa on input line 2.

(/usr/local/texlive/2025/texmf-dist/tex/latex/amsfonts/umsa.fd
File: umsa.fd 2013/01/14 v3.01 AMS symbols A
)
LaTeX Font Info:    Trying to load font information for U+msb on input line 2.

(/usr/local/texlive/2025/texmf-dist/tex/latex/amsfonts/umsb.fd
File: umsb.fd 2013/01/14 v3.01 AMS symbols B
)
LaTeX Font Info:    Font shape `U/futm/m/n' will be
(Font)              scaled to size 9.19998pt on input line 2.
LaTeX Font Info:    Font shape `U/futm/m/n' will be
(Font)              scaled to size 6.99199pt on input line 2.
LaTeX Font Info:    Font shape `U/futm/m/n' will be
(Font)              scaled to size 5.51999pt on input line 2.
LaTeX Font Info:    Trying to load font information for U+rsfs on input line 2.


(/usr/local/texlive/2025/texmf-dist/tex/latex/jknapltx/ursfs.fd
File: ursfs.fd 1998/03/24 rsfs font definition file (jk)
)
LaTeX Font Info:    Trying to load font information for TS1+futs on input line 
2.

(/usr/local/texlive/2025/texmf-dist/tex/latex/fourier/ts1futs.fd
File: ts1futs.fd 2003/09/14 Fontinst v1.801 font definitions for TS1/futs.
))
(../../Ch-nuclear/LAB-nuclear/../../Ch-nuclear/LAB-nuclear/background
(../../Ch-nuclear/files/../../Ch-nuclear/files/SectionIntro-Radiation-particles
-and-radioisotopes)
(../../Ch-nuclear/files/../../Ch-nuclear/files/SubSection-Radiation-particles-a
nd-radioisotopes-alpha-radiation.title)
(../../Ch-nuclear/files/../../Ch-nuclear/files/SubSection-Radiation-particles-a
nd-radioisotopes-alpha-radiation)
(../../Ch-nuclear/files/../../Ch-nuclear/files/SubSection-Radiation-particles-a
nd-radioisotopes-beta-radiation.title)
(../../Ch-nuclear/files/../../Ch-nuclear/files/SubSection-Radiation-particles-a
nd-radioisotopes-beta-radiation)
(../../Ch-nuclear/files/../../Ch-nuclear/files/SubSection-Radiation-particles-a
nd-radioisotopes-gamma-radiation.title)
(../../Ch-nuclear/files/../../Ch-nuclear/files/SubSection-Radiation-particles-a
nd-radioisotopes-gamma-radiation)
(../../Ch-nuclear/files/../../Ch-nuclear/files/SubSection-Radiation-particles-a
nd-radioisotopes-protons.title)
(../../Ch-nuclear/files/../../Ch-nuclear/files/SubSection-Radiation-particles-a
nd-radioisotopes-protons)
(../../Ch-nuclear/files/../../Ch-nuclear/files/SubSection-Radiation-particles-a
nd-radioisotopes-positrons.title)
(../../Ch-nuclear/files/../../Ch-nuclear/files/SubSection-Radiation-particles-a
nd-radioisotopes-positrons)
(../../Ch-nuclear/files/../../Ch-nuclear/files/SubSection-Radiation-particles-a
nd-radioisotopes-neutrons.title)
(../../Ch-nuclear/files/../../Ch-nuclear/files/SubSection-Radiation-particles-a
nd-radioisotopes-neutrons)


Underfull \hbox (badness 10000) has occurred while \output is active
 [] 
 []


Underfull \hbox (badness 10000) has occurred while \output is active
 [][][][]|
 []


Package fancyhdr Warning: \headheight is too small (12.0pt): 
(fancyhdr)                Make it at least 13.26003pt, for example:
(fancyhdr)                \setlength{\headheight}{13.26003pt}.
(fancyhdr)                You might also make \topmargin smaller:
(fancyhdr)                \addtolength{\topmargin}{-1.26003pt}.


Underfull \hbox (badness 10000) has occurred while \output is active
 [] 
 []


Underfull \hbox (badness 10000) has occurred while \output is active
 []
 []

[1
Non-PDF special ignored!
<special> header=psfrag.pro
{/usr/local/texlive/2025/texmf-var/fonts/map/pdftex/updmap/pdftex.map}{/usr/loc
al/texlive/2025/texmf-dist/fonts/enc/dvips/base/8r.enc}

{/usr/local/texlive/2025/texmf-dist/fonts/enc/dvips/lm/lm-ec.enc}]
(../../Ch-nuclear/files/../../Ch-nuclear/files/Table-Nuclear-symbols
LaTeX Font Info:    Trying to load font information for T1+ppl on input line 3.


(/usr/local/texlive/2025/texmf-dist/tex/latex/psnfss/t1ppl.fd
File: t1ppl.fd 2001/06/04 font definitions for T1/ppl.
)

Package hyperref Warning: Option `colorlinks' has already been used,
(hyperref)                setting the option has no effect on input line 21.

)
Overfull \hbox (355.46523pt too wide) in paragraph at lines 7--11
[][] 
 []

(../../Ch-nuclear/files/../../Ch-nuclear/files/SectionIntro-Nuclear-reactions)
(../../Ch-nuclear/files/../../Ch-nuclear/files/SubSection-Nuclear-reactions-alp
ha-decay.title)
(../../Ch-nuclear/files/../../Ch-nuclear/files/SubSection-Nuclear-reactions-alp
ha-decay)
(../../Ch-nuclear/files/../../Ch-nuclear/files/SubSection-Nuclear-reactions-bet
a-decay.title)
(../../Ch-nuclear/files/../../Ch-nuclear/files/SubSection-Nuclear-reactions-bet
a-decay)
(../../Ch-nuclear/files/../../Ch-nuclear/files/SubSection-Nuclear-reactions-pos
itron-emission.title)
(../../Ch-nuclear/files/../../Ch-nuclear/files/SubSection-Nuclear-reactions-pos
itron-emission)
(../../Ch-nuclear/files/../../Ch-nuclear/files/SubSection-Nuclear-reactions-gam
ma-decay.title)
(../../Ch-nuclear/files/../../Ch-nuclear/files/SubSection-Nuclear-reactions-gam
ma-decay)
(../../Ch-nuclear/files/../../Ch-nuclear/files/SubSection-Radiation-particle-K.
title)
(../../Ch-nuclear/files/../../Ch-nuclear/files/SubSection-Radiation-particle-K


Underfull \hbox (badness 10000) has occurred while \output is active
 [] 
 []


Underfull \hbox (badness 10000) has occurred while \output is active
 []
 []


Package fancyhdr Warning: \headheight is too small (12.0pt): 
(fancyhdr)                Make it at least 13.26003pt, for example:
(fancyhdr)                \setlength{\headheight}{13.26003pt}.
(fancyhdr)                You might also make \topmargin smaller:
(fancyhdr)                \addtolength{\topmargin}{-1.26003pt}.


Underfull \hbox (badness 10000) has occurred while \output is active
 [] 
 []


Underfull \hbox (badness 10000) has occurred while \output is active
 []
 []

[2]) (../../Ch-nuclear/files/../../Ch-nuclear/files/Table-Halflife

Package hyperref Warning: Option `colorlinks' has already been used,
(hyperref)                setting the option has no effect on input line 32.

)
Overfull \hbox (298.55971pt too wide) in paragraph at lines 16--20
[][] 
 []


(../../Ch-nuclear/files/../../Ch-nuclear/files/SectionIntro-Half-life-of-a-radi
oisotope)
(../../Ch-nuclear/files/../../Ch-nuclear/files/SubSection-Half-life-of-a-radioi
sotope-The-concept-of-half-live.title)
(../../Ch-nuclear/files/../../Ch-nuclear/files/SubSection-Half-life-of-a-radioi
sotope-The-concept-of-half-live)
(../../Ch-nuclear/files/../../Ch-nuclear/files/SubSection-Half-life-of-a-radioi
sotope-Quantifying-half-live.title)
(../../Ch-nuclear/files/../../Ch-nuclear/files/SubSection-Half-life-of-a-radioi
sotope-Quantifying-half-live


Underfull \hbox (badness 10000) has occurred while \output is active
 [] 
 []


Underfull \hbox (badness 10000) has occurred while \output is active
 [][][][]|
 []


Package fancyhdr Warning: \headheight is too small (12.0pt): 
(fancyhdr)                Make it at least 13.26003pt, for example:
(fancyhdr)                \setlength{\headheight}{13.26003pt}.
(fancyhdr)                You might also make \topmargin smaller:
(fancyhdr)                \addtolength{\topmargin}{-1.26003pt}.


Underfull \hbox (badness 10000) has occurred while \output is active
 [] 
 []


Underfull \hbox (badness 10000) has occurred while \output is active
 []
 []

[3])
(../../Ch-nuclear/files/../../Ch-nuclear/files/SubSection-Half-life-of-a-radioi
sotope-after-several-half-lives.title)
(../../Ch-nuclear/files/../../Ch-nuclear/files/SubSection-Half-life-of-a-radioi
sotope-after-several-half-lives) (../LAB-nuclear/../LAB-nuclear/examplebox1
Package mdframed Info: mdframed works in twoside mode on input line 1.

(../../Ch-nuclear/problems/../../Ch-nuclear/problems/SampleProblem4.text)
(../../Ch-nuclear/problems/../../Ch-nuclear/problems/SampleProblem4.resolution)
))

LaTeX Warning: Empty bibliography on input line 26.

(../../Ch-nuclear/LAB-nuclear/../../Ch-nuclear/LAB-nuclear/procedure
LaTeX Font Info:    Font shape `FMX/futm/m/n' will be
(Font)              scaled to size 19.08076pt on input line 3.
LaTeX Font Info:    Font shape `FMX/futm/m/n' will be
(Font)              scaled to size 13.24796pt on input line 3.
LaTeX Font Info:    Font shape `U/futm/m/n' will be
(Font)              scaled to size 19.08076pt on input line 3.
LaTeX Font Info:    Font shape `U/futm/m/n' will be
(Font)              scaled to size 13.24796pt on input line 3.



Underfull \hbox (badness 10000) has occurred while \output is active
 [] 
 []


Underfull \hbox (badness 10000) has occurred while \output is active
 []
 []


Package fancyhdr Warning: \headheight is too small (12.0pt): 
(fancyhdr)                Make it at least 13.26003pt, for example:
(fancyhdr)                \setlength{\headheight}{13.26003pt}.
(fancyhdr)                You might also make \topmargin smaller:
(fancyhdr)                \addtolength{\topmargin}{-1.26003pt}.


Underfull \hbox (badness 10000) has occurred while \output is active
 [] 
 []


Underfull \hbox (badness 10000) has occurred while \output is active
 []
 []

[4]
LaTeX Font Info:    Font shape `FMX/futm/m/n' will be
(Font)              scaled to size 11.03998pt on input line 8.
LaTeX Font Info:    Font shape `FMX/futm/m/n' will be
(Font)              scaled to size 8.27998pt on input line 8.
LaTeX Font Info:    Font shape `FMX/futm/m/n' will be
(Font)              scaled to size 6.43999pt on input line 8.
LaTeX Font Info:    Font shape `U/futm/m/n' will be
(Font)              scaled to size 11.03998pt on input line 8.
LaTeX Font Info:    Font shape `U/futm/m/n' will be
(Font)              scaled to size 8.27998pt on input line 8.
LaTeX Font Info:    Font shape `U/futm/m/n' will be
(Font)              scaled to size 6.43999pt on input line 8.

Overfull \hbox (2.91113pt too wide) in paragraph at lines 12--13
[]\T1/futs/m/n/10 ^^U Set up the mea-sure-ment time to 60 sec-onds and the mea-
sur-ing volt-age ac-cord-ing to your pro-fes-sor's in-struc-tions.
 []


Overfull \hbox (4.05066pt too wide) in paragraph at lines 26--27
[]\T1/futs/m/n/10 ^^U Set up the mea-sure-ment time to 60 sec-onds and se-lect 
a volt-age of 900V for all mea-sure-ments (Press Dis-play/High
 []




Underfull \hbox (badness 10000) has occurred while \output is active
 [] 
 []


Underfull \hbox (badness 10000) has occurred while \output is active
 [][][][]|
 []


Package fancyhdr Warning: \headheight is too small (12.0pt): 
(fancyhdr)                Make it at least 13.26003pt, for example:
(fancyhdr)                \setlength{\headheight}{13.26003pt}.
(fancyhdr)                You might also make \topmargin smaller:
(fancyhdr)                \addtolength{\topmargin}{-1.26003pt}.


Underfull \hbox (badness 10000) has occurred while \output is active
 [] 
 []


Underfull \hbox (badness 10000) has occurred while \output is active
 []
 []

[5])
Underfull \hbox (badness 10000) in paragraph at lines 59--34

 []




Underfull \hbox (badness 10000) has occurred while \output is active
 [] 
 []


Underfull \hbox (badness 10000) has occurred while \output is active
 []
 []


Package fancyhdr Warning: \headheight is too small (12.0pt): 
(fancyhdr)                Make it at least 13.26003pt, for example:
(fancyhdr)                \setlength{\headheight}{13.26003pt}.
(fancyhdr)                You might also make \topmargin smaller:
(fancyhdr)                \addtolength{\topmargin}{-1.26003pt}.


Underfull \hbox (badness 10000) has occurred while \output is active
 [] 
 []


Underfull \hbox (badness 10000) has occurred while \output is active
 []
 []

[6]


Underfull \hbox (badness 10000) has occurred while \output is active
 [] 
 []


Underfull \hbox (badness 10000) has occurred while \output is active
 [][][][]|
 []


Package fancyhdr Warning: \headheight is too small (12.0pt): 
(fancyhdr)                Make it at least 13.26003pt, for example:
(fancyhdr)                \setlength{\headheight}{13.26003pt}.
(fancyhdr)                You might also make \topmargin smaller:
(fancyhdr)                \addtolength{\topmargin}{-1.26003pt}.


Underfull \hbox (badness 10000) has occurred while \output is active
 [] 
 []


Underfull \hbox (badness 10000) has occurred while \output is active
 []
 []

[7]


Underfull \hbox (badness 10000) has occurred while \output is active
 [] 
 []


Underfull \hbox (badness 10000) has occurred while \output is active
 []
 []


Package fancyhdr Warning: \headheight is too small (12.0pt): 
(fancyhdr)                Make it at least 13.26003pt, for example:
(fancyhdr)                \setlength{\headheight}{13.26003pt}.
(fancyhdr)                You might also make \topmargin smaller:
(fancyhdr)                \addtolength{\topmargin}{-1.26003pt}.


Underfull \hbox (badness 10000) has occurred while \output is active
 [] 
 []


Underfull \hbox (badness 10000) has occurred while \output is active
 []
 []

[8

]
*geometry* verbose mode - [ newgeometry ] result:
* driver: pdftex
* paper: <default>
* layout: <same size as paper>
* layoutoffset:(h,v)=(0.0pt,0.0pt)
* modes: twoside 
* h-part:(L,W,R)=(73.71613pt, 398.3151pt, 142.26378pt)
* v-part:(T,H,B)=(95.39737pt, 556.47656pt, 143.09605pt)
* \paperwidth=614.295pt
* \paperheight=794.96999pt
* \textwidth=398.3151pt
* \textheight=556.47656pt
* \oddsidemargin=1.44614pt
* \evensidemargin=69.99379pt
* \topmargin=-6.94011pt
* \headheight=12.0pt
* \headsep=18.06749pt
* \topskip=10.0pt
* \footskip=25.29494pt
* \marginparwidth=125.0pt
* \marginparsep=7.0pt
* \columnsep=10.0pt
* \skip\footins=9.0pt plus 4.0pt minus 2.0pt
* \hoffset=0.0pt
* \voffset=0.0pt
* \mag=1000
* \@twocolumnfalse
* \@twosidetrue
* \@mparswitchtrue
* \@reversemarginfalse
* (1in=72.27pt=25.4mm, 1cm=28.453pt)


Underfull \hbox (badness 10000) in paragraph at lines 41--41

 []


Underfull \hbox (badness 10000) in paragraph at lines 41--41
 []\T1/futs/b/n/12 Pre-lab Ques-tions 
 []

(../../Ch-nuclear/LAB-nuclear/../../Ch-nuclear/LAB-nuclear/title)
Underfull \hbox (badness 10000) in paragraph at lines 1--43
 []\T1/futs/b/n/24.88 Half-life of K-40 
 []

(../../Ch-nuclear/LAB-nuclear/../../Ch-nuclear/LAB-nuclear/prelab
(../../Ch-nuclear/LAB-nuclear/../../Ch-nuclear/problems/problems/Problems-Radia
tion-measurement-units-and-radiation-effects-Dangers-of-radiation.1.A)
(../../Ch-nuclear/LAB-nuclear/../../Ch-nuclear/problems/problems/Problems-Nucle
ar-reactions.1.A)
(../../Ch-nuclear/LAB-nuclear/../../Ch-nuclear/problems/problems/Problems-Half-
life-of-a-radioisotope-Quantifying-half-live.2.B)
(../../Ch-nuclear/LAB-nuclear/../../Ch-nuclear/problems/problems/Problems-Unkno
wn-isotopes-in-nuclear-reactions.1.A)

[9




]


Underfull \hbox (badness 10000) has occurred while \output is active
 [] 
 []


Underfull \hbox (badness 10000) has occurred while \output is active
 []
 []


Package fancyhdr Warning: \headheight is too small (12.0pt): 
(fancyhdr)                Make it at least 13.26003pt, for example:
(fancyhdr)                \setlength{\headheight}{13.26003pt}.
(fancyhdr)                You might also make \topmargin smaller:
(fancyhdr)                \addtolength{\topmargin}{-1.26003pt}.


Underfull \hbox (badness 10000) has occurred while \output is active
 [] 
 []


Underfull \hbox (badness 10000) has occurred while \output is active
 []
 []

[10

])
*geometry* verbose mode - [ newgeometry ] result:
* driver: pdftex
* paper: <default>
* layout: <same size as paper>
* layoutoffset:(h,v)=(0.0pt,0.0pt)
* modes: twoside 
* h-part:(L,W,R)=(73.71613pt, 398.3151pt, 142.26378pt)
* v-part:(T,H,B)=(95.39737pt, 556.47656pt, 143.09605pt)
* \paperwidth=614.295pt
* \paperheight=794.96999pt
* \textwidth=398.3151pt
* \textheight=556.47656pt
* \oddsidemargin=1.44614pt
* \evensidemargin=69.99379pt
* \topmargin=-6.94011pt
* \headheight=12.0pt
* \headsep=18.06749pt
* \topskip=10.0pt
* \footskip=25.29494pt
* \marginparwidth=125.0pt
* \marginparsep=7.0pt
* \columnsep=10.0pt
* \skip\footins=9.0pt plus 4.0pt minus 2.0pt
* \hoffset=0.0pt
* \voffset=0.0pt
* \mag=1000
* \@twocolumnfalse
* \@twosidetrue
* \@mparswitchtrue
* \@reversemarginfalse
* (1in=72.27pt=25.4mm, 1cm=28.453pt)


Underfull \hbox (badness 10000) in paragraph at lines 72--73

 []


Underfull \hbox (badness 10000) in paragraph at lines 78--78
 []\T1/futs/b/n/12 Results 
 []


Underfull \hbox (badness 10000) in paragraph at lines 78--79
 \T1/futs/b/n/12 EXPERIMENT 1 
 []

(../../Ch-nuclear/LAB-nuclear/../../Ch-nuclear/LAB-nuclear/title)
Underfull \hbox (badness 10000) in paragraph at lines 1--82
 []\T1/futs/b/n/24.88 Half-life of K-40 
 []

(../../Ch-nuclear/LAB-nuclear/../../Ch-nuclear/LAB-nuclear/results
Underfull \hbox (badness 10000) in paragraph at lines 13--13
 [][]    \T1/futs/m/n/10 m ($[]$) in g=[] 
 []


Underfull \hbox (badness 10000) in paragraph at lines 36--36
 [][]    \T1/futs/m/n/10 m ($[]$) in g=[] 
 []

) (../../Ch-nuclear/LAB-nuclear/../../Ch-nuclear/LAB-nuclear/results1
Underfull \hbox (badness 10000) in paragraph at lines 16--16
 [][]    \T1/futs/m/n/10 m ($[]$) in g=[] 
 []


Underfull \hbox (badness 10000) in paragraph at lines 32--32
 [][]    \T1/futs/m/n/10 m ($[]$) in g=[] 
 []


Underfull \hbox (badness 10000) in paragraph at lines 47--63
 [][] 
 []


Underfull \hbox (badness 10000) in paragraph at lines 64--64
 [][]    $\FML/futmi/m/it/10 Max\T1/futs/m/n/10 ([])$ (cpm/g)=[]  []  $\FML/fut
mi/m/it/10 t[]$ \T1/futs/m/n/10 (years)=[]  []  $\FML/futmi/m/it/10 t[]$ \T1/fu
ts/m/n/10 (years)=[] 
 []

) (../../Ch-nuclear/LAB-nuclear/../../Ch-nuclear/LAB-nuclear/results2
Overfull \hbox (38.40453pt too wide) in paragraph at lines 15--34
[] 
 []


Underfull \hbox (badness 10000) in paragraph at lines 38--38
[]|\T1/futs/m/n/10 Half-life on
 []


Underfull \hbox (badness 10000) in paragraph at lines 36--45
 [][] 
 []

)

[11]


Underfull \hbox (badness 10000) has occurred while \output is active
 [] 
 []


Underfull \hbox (badness 10000) has occurred while \output is active
 []
 []


Package fancyhdr Warning: \headheight is too small (12.0pt): 
(fancyhdr)                Make it at least 13.26003pt, for example:
(fancyhdr)                \setlength{\headheight}{13.26003pt}.
(fancyhdr)                You might also make \topmargin smaller:
(fancyhdr)                \addtolength{\topmargin}{-1.26003pt}.


Underfull \hbox (badness 10000) has occurred while \output is active
 [] 
 []


Underfull \hbox (badness 10000) has occurred while \output is active
 []
 []

[12]


Underfull \hbox (badness 10000) has occurred while \output is active
 [] 
 []


Underfull \hbox (badness 10000) has occurred while \output is active
 [][][][]|
 []


Package fancyhdr Warning: \headheight is too small (12.0pt): 
(fancyhdr)                Make it at least 13.26003pt, for example:
(fancyhdr)                \setlength{\headheight}{13.26003pt}.
(fancyhdr)                You might also make \topmargin smaller:
(fancyhdr)                \addtolength{\topmargin}{-1.26003pt}.


Underfull \hbox (badness 10000) has occurred while \output is active
 [] 
 []


Underfull \hbox (badness 10000) has occurred while \output is active
 []
 []

[13]


Underfull \hbox (badness 10000) has occurred while \output is active
 [] 
 []


Underfull \hbox (badness 10000) has occurred while \output is active
 []
 []


Package fancyhdr Warning: \headheight is too small (12.0pt): 
(fancyhdr)                Make it at least 13.26003pt, for example:
(fancyhdr)                \setlength{\headheight}{13.26003pt}.
(fancyhdr)                You might also make \topmargin smaller:
(fancyhdr)                \addtolength{\topmargin}{-1.26003pt}.


Underfull \hbox (badness 10000) has occurred while \output is active
 [] 
 []


Underfull \hbox (badness 10000) has occurred while \output is active
 []
 []

[14





]


Underfull \hbox (badness 10000) has occurred while \output is active
 [] 
 []


Underfull \hbox (badness 10000) has occurred while \output is active
 [][][][]|
 []


Package fancyhdr Warning: \headheight is too small (12.0pt): 
(fancyhdr)                Make it at least 13.26003pt, for example:
(fancyhdr)                \setlength{\headheight}{13.26003pt}.
(fancyhdr)                You might also make \topmargin smaller:
(fancyhdr)                \addtolength{\topmargin}{-1.26003pt}.


Underfull \hbox (badness 10000) has occurred while \output is active
 [] 
 []


Underfull \hbox (badness 10000) has occurred while \output is active
 []
 []

[15]


Underfull \hbox (badness 10000) has occurred while \output is active
 [] 
 []


Underfull \hbox (badness 10000) has occurred while \output is active
 []
 []


Package fancyhdr Warning: \headheight is too small (12.0pt): 
(fancyhdr)                Make it at least 13.26003pt, for example:
(fancyhdr)                \setlength{\headheight}{13.26003pt}.
(fancyhdr)                You might also make \topmargin smaller:
(fancyhdr)                \addtolength{\topmargin}{-1.26003pt}.


Underfull \hbox (badness 10000) has occurred while \output is active
 [] 
 []


Underfull \hbox (badness 10000) has occurred while \output is active
 []
 []

[16


]
*geometry* verbose mode - [ newgeometry ] result:
* driver: pdftex
* paper: <default>
* layout: <same size as paper>
* layoutoffset:(h,v)=(0.0pt,0.0pt)
* modes: twoside 
* h-part:(L,W,R)=(73.71613pt, 398.3151pt, 142.26378pt)
* v-part:(T,H,B)=(95.39737pt, 556.47656pt, 143.09605pt)
* \paperwidth=614.295pt
* \paperheight=794.96999pt
* \textwidth=398.3151pt
* \textheight=556.47656pt
* \oddsidemargin=1.44614pt
* \evensidemargin=69.99379pt
* \topmargin=-6.94011pt
* \headheight=12.0pt
* \headsep=18.06749pt
* \topskip=10.0pt
* \footskip=25.29494pt
* \marginparwidth=125.0pt
* \marginparsep=7.0pt
* \columnsep=10.0pt
* \skip\footins=9.0pt plus 4.0pt minus 2.0pt
* \hoffset=0.0pt
* \voffset=0.0pt
* \mag=1000
* \@twocolumnfalse
* \@twosidetrue
* \@mparswitchtrue
* \@reversemarginfalse
* (1in=72.27pt=25.4mm, 1cm=28.453pt)


Underfull \hbox (badness 10000) in paragraph at lines 140--140

 []


Underfull \hbox (badness 10000) in paragraph at lines 140--140
 []\T1/futs/b/n/12 Post-lab Ques-tions 
 []

(../../Ch-nuclear/LAB-nuclear/../../Ch-nuclear/LAB-nuclear/title)
Underfull \hbox (badness 10000) in paragraph at lines 1--142
 []\T1/futs/b/n/24.88 Half-life of K-40 
 []

(../../Ch-nuclear/LAB-nuclear/../../Ch-nuclear/LAB-nuclear/postlab
(../../Ch-nuclear/LAB-nuclear/../../Ch-nuclear/problems/problems/Problems-Nucle
ar-reactions.1.B)
(../../Ch-nuclear/LAB-nuclear/../../Ch-nuclear/problems/problems/Problems-Radia
tion-particles-and-radioisotopes.1.B)
(../../Ch-nuclear/LAB-nuclear/../../Ch-nuclear/problems/problems/Problems-Half-
life-of-a-radioisotope-The-concept-of-half-live.2.A)
Overfull \hbox (14.08165pt too wide) in paragraph at lines 1--5
[]\T1/futs/m/n/10 Research the half-life of the fol-low-ing iso-topes: [](a) Po
tassium-40 [](b) Cesium-137 [](c) Cobalt-57 [](d) Bismuth-212 [](e) Gallium-
 []


(../../Ch-nuclear/LAB-nuclear/../../Ch-nuclear/problems/problems/Problems-Half-
life-of-a-radioisotope-Quantifying-half-live.3.B))

[17




]


Underfull \hbox (badness 10000) has occurred while \output is active
 [] 
 []


Underfull \hbox (badness 10000) has occurred while \output is active
 []
 []


Package fancyhdr Warning: \headheight is too small (12.0pt): 
(fancyhdr)                Make it at least 13.26003pt, for example:
(fancyhdr)                \setlength{\headheight}{13.26003pt}.
(fancyhdr)                You might also make \topmargin smaller:
(fancyhdr)                \addtolength{\topmargin}{-1.26003pt}.


Underfull \hbox (badness 10000) has occurred while \output is active
 [] 
 []


Underfull \hbox (badness 10000) has occurred while \output is active
 []
 []

[18

]
Package biblatex Info: Reference section=0 on input line 147.
)

Package caption Warning: Unused \captionsetup[lstlisting] on input line 887.
See the caption package documentation for explanation.


enddocument/afterlastpage (AED): lastpage setting LastPage.
(./main.aux)
 ***********
LaTeX2e <2024-11-01> patch level 2
L3 programming layer <2025-01-18>
 ***********


LaTeX Font Warning: Size substitutions with differences
(Font)              up to 2.26395pt have occurred.


LaTeX Warning: There were undefined references.


Package biblatex Warning: Please (re)run BibTeX on the file(s):
(biblatex)                main1-blx
(biblatex)                main
(biblatex)                and rerun LaTeX afterwards.

Package logreq Info: Writing requests to 'main.run.xml'.
\openout1 = `main.run.xml'.

 ) 
Here is how much of TeX's memory you used:
 77206 strings out of 473190
 1799869 string characters out of 34465801
 2955462 words of memory out of 7000000
 98904 multiletter control sequences out of 15000+600000
 787060 words of font info for 259 fonts, out of 8000000 for 9000
 1141 hyphenation exceptions out of 8191
 108i,29n,117p,1850b,2048s stack positions out of 10000i,1000n,20000p,200000b,200000s
</usr/local/texlive/2025/texmf-dist/fonts/type1/public/fourier/fourier-mex.pf
b></usr/local/texlive/2025/texmf-dist/fonts/type1/public/fourier/fourier-ml.pfb
></usr/local/texlive/2025/texmf-dist/fonts/type1/public/fourier/fourier-mlit.pf
b></usr/local/texlive/2025/texmf-dist/fonts/type1/public/fourier/fourier-ms.pfb
></usr/local/texlive/2025/texmf-dist/fonts/type1/public/lm/lmss10.pfb></usr/loc
al/texlive/2025/texmf-dist/fonts/type1/public/lm/lmss12.pfb></usr/local/texlive
/2025/texmf-dist/fonts/type1/public/lm/lmssbx10.pfb></usr/local/texlive/2025/te
xmf-dist/fonts/type1/adobe/utopia/putb8a.pfb></usr/local/texlive/2025/texmf-dis
t/fonts/type1/adobe/utopia/putr8a.pfb></usr/local/texlive/2025/texmf-dist/fonts
/type1/adobe/utopia/putri8a.pfb></usr/local/texlive/2025/texmf-dist/fonts/type1
/urw/palatino/uplb8a.pfb></usr/local/texlive/2025/texmf-dist/fonts/type1/urw/pa
latino/uplr8a.pfb></usr/local/texlive/2025/texmf-dist/fonts/type1/urw/zapfding/
uzdr.pfb>
Output written on main.pdf (18 pages, 224605 bytes).
PDF statistics:
 349 PDF objects out of 1000 (max. 8388607)
 256 compressed objects within 3 object streams
 96 named destinations out of 1000 (max. 500000)
 320 words of extra memory for PDF output out of 10000 (max. 10000000)

