This is pdfTeX, Version 3.141592653-2.6-1.40.27 (TeX Live 2025) (preloaded format=pdflatex 2025.3.8)  23 JAN 2026 13:58
entering extended mode
 \write18 enabled.
 file:line:error style messages enabled.
 %&-line parsing enabled.
**syllabus121.tex
(./syllabus121.tex
LaTeX2e <2024-11-01> patch level 2
L3 programming layer <2025-01-18>
(/usr/local/texlive/2025/texmf-dist/tex/latex/tufte-latex/tufte-book.cls
Document Class: tufte-book 2015/06/21 v3.5.2 Tufte-book class
(/usr/local/texlive/2025/texmf-dist/tex/latex/tufte-latex/tufte-common.def
File: tufte-common.def 2015/06/21 v3.5.2 Common code for the Tufte-LaTeX styles


(/usr/local/texlive/2025/texmf-dist/tex/latex/xkeyval/xkeyval.sty
Package: xkeyval 2022/06/16 v2.9 package option processing (HA)

(/usr/local/texlive/2025/texmf-dist/tex/generic/xkeyval/xkeyval.tex
(/usr/local/texlive/2025/texmf-dist/tex/generic/xkeyval/xkvutils.tex
\XKV@toks=\toks17
\XKV@tempa@toks=\toks18

(/usr/local/texlive/2025/texmf-dist/tex/generic/xkeyval/keyval.tex))
\XKV@depth=\count196
File: xkeyval.tex 2014/12/03 v2.7a key=value parser (HA)
))
(/usr/local/texlive/2025/texmf-dist/tex/latex/xifthen/xifthen.sty
Package: xifthen 2015/11/05 v1.4.0 Extended ifthen features

(/usr/local/texlive/2025/texmf-dist/tex/latex/tools/calc.sty
Package: calc 2023/07/08 v4.3 Infix arithmetic (KKT,FJ)
\calc@Acount=\count197
\calc@Bcount=\count198
\calc@Adimen=\dimen141
\calc@Bdimen=\dimen142
\calc@Askip=\skip49
\calc@Bskip=\skip50
LaTeX Info: Redefining \setlength on input line 80.
LaTeX Info: Redefining \addtolength on input line 81.
\calc@Ccount=\count199
\calc@Cskip=\skip51
)
(/usr/local/texlive/2025/texmf-dist/tex/latex/base/ifthen.sty
Package: ifthen 2024/03/16 v1.1e Standard LaTeX ifthen package (DPC)
)
(/usr/local/texlive/2025/texmf-dist/tex/latex/ifmtarg/ifmtarg.sty
Package: ifmtarg 2018/04/16 v1.2b check for an empty argument
))
(/usr/local/texlive/2025/texmf-dist/tex/latex/hardwrap/hardwrap.sty
Package: hardwrap 2011/02/12 v0.2 Hard wrap messages

(/usr/local/texlive/2025/texmf-dist/tex/latex/ifplatform/ifplatform.sty
Package: ifplatform 2017/10/13 v0.4a Testing for the operating system

(/usr/local/texlive/2025/texmf-dist/tex/latex/tools/shellesc.sty
Package: shellesc 2023/07/08 v1.0d unified shell escape interface for LaTeX
Package shellesc Info: Unrestricted shell escape enabled on input line 75.
)
(/usr/local/texlive/2025/texmf-dist/tex/generic/pdftexcmds/pdftexcmds.sty
Package: pdftexcmds 2020-06-27 v0.33 Utility functions of pdfTeX for LuaTeX (HO
)

(/usr/local/texlive/2025/texmf-dist/tex/generic/infwarerr/infwarerr.sty
Package: infwarerr 2019/12/03 v1.5 Providing info/warning/error messages (HO)
)
(/usr/local/texlive/2025/texmf-dist/tex/generic/iftex/iftex.sty
Package: iftex 2024/12/12 v1.0g TeX engine tests
)
(/usr/local/texlive/2025/texmf-dist/tex/generic/ltxcmds/ltxcmds.sty
Package: ltxcmds 2023-12-04 v1.26 LaTeX kernel commands for general use (HO)
)
Package pdftexcmds Info: \pdf@primitive is available.
Package pdftexcmds Info: \pdf@ifprimitive is available.
Package pdftexcmds Info: \pdfdraftmode found.
)
(/usr/local/texlive/2025/texmf-dist/tex/generic/catchfile/catchfile.sty
Package: catchfile 2019/12/09 v1.8 Catch the contents of a file (HO)

(/usr/local/texlive/2025/texmf-dist/tex/generic/etexcmds/etexcmds.sty
Package: etexcmds 2019/12/15 v1.7 Avoid name clashes with e-TeX commands (HO)
))
(/usr/local/texlive/2025/texmf-dist/tex/generic/iftex/ifluatex.sty
Package: ifluatex 2019/10/25 v1.5 ifluatex legacy package. Use iftex instead.
)
runsystem(uname -s > "syllabus121.w18")...executed.


(./syllabus121.w18)
runsystem(rm -- "syllabus121.w18")...executed.

)
(/usr/local/texlive/2025/texmf-dist/tex/generic/iftex/ifxetex.sty
Package: ifxetex 2019/10/25 v0.7 ifxetex legacy package. Use iftex instead.
)
\hw@charcount=\count266
\hw@wordcount=\count267
\hw@maxprintline=\count268

(|kpsewhich -var-value=max_print_line))
Class tufte-book Info: Passing 14pt to the `book' class.
Class tufte-book Info: Passing the `twoside' option to the `book' class
Class tufte-book Info: The `symmetric' option implies `twoside'
Class tufte-book Info: Passing the `twoside' option to the `book' class
Class tufte-book Info: Loading the base class `book'

(/usr/local/texlive/2025/texmf-dist/tex/latex/base/book.cls
Document Class: book 2024/06/29 v1.4n Standard LaTeX document class
(/usr/local/texlive/2025/texmf-dist/tex/latex/base/bk10.clo
File: bk10.clo 2024/06/29 v1.4n Standard LaTeX file (size option)
)
\c@part=\count269
\c@chapter=\count270
\c@section=\count271
\c@subsection=\count272
\c@subsubsection=\count273
\c@paragraph=\count274
\c@subparagraph=\count275
\c@figure=\count276
\c@table=\count277
\abovecaptionskip=\skip52
\belowcaptionskip=\skip53
\bibindent=\dimen143
)
(/usr/local/texlive/2025/texmf-dist/tex/generic/iftex/ifpdf.sty
Package: ifpdf 2019/10/25 v3.4 ifpdf legacy package. Use iftex instead.
)
(/usr/local/texlive/2025/texmf-dist/tex/latex/titlesec/titlesec.sty
Package: titlesec 2025/01/04 v2.17 Sectioning titles
\ttl@box=\box52
\beforetitleunit=\skip54
\aftertitleunit=\skip55
\ttl@plus=\dimen144
\ttl@minus=\dimen145
\ttl@toksa=\toks19
\titlewidth=\dimen146
\titlewidthlast=\dimen147
\titlewidthfirst=\dimen148
)
(/usr/local/texlive/2025/texmf-dist/tex/latex/titlesec/titletoc.sty
Package: titletoc 2025/01/04 v2.17 TOC entries
\ttl@leftsep=\dimen149
)
(/usr/local/texlive/2025/texmf-dist/tex/latex/hyperref/hyperref.sty
Package: hyperref 2024-11-05 v7.01l Hypertext links for LaTeX

(/usr/local/texlive/2025/texmf-dist/tex/latex/kvsetkeys/kvsetkeys.sty
Package: kvsetkeys 2022-10-05 v1.19 Key value parser (HO)
)
(/usr/local/texlive/2025/texmf-dist/tex/generic/kvdefinekeys/kvdefinekeys.sty
Package: kvdefinekeys 2019-12-19 v1.6 Define keys (HO)
)
(/usr/local/texlive/2025/texmf-dist/tex/generic/pdfescape/pdfescape.sty
Package: pdfescape 2019/12/09 v1.15 Implements pdfTeX's escape features (HO)
)
(/usr/local/texlive/2025/texmf-dist/tex/latex/hycolor/hycolor.sty
Package: hycolor 2020-01-27 v1.10 Color options for hyperref/bookmark (HO)
)
(/usr/local/texlive/2025/texmf-dist/tex/latex/hyperref/nameref.sty
Package: nameref 2023-11-26 v2.56 Cross-referencing by name of section

(/usr/local/texlive/2025/texmf-dist/tex/latex/refcount/refcount.sty
Package: refcount 2019/12/15 v3.6 Data extraction from label references (HO)
)
(/usr/local/texlive/2025/texmf-dist/tex/generic/gettitlestring/gettitlestring.s
ty
Package: gettitlestring 2019/12/15 v1.6 Cleanup title references (HO)
 (/usr/local/texlive/2025/texmf-dist/tex/latex/kvoptions/kvoptions.sty
Package: kvoptions 2022-06-15 v3.15 Key value format for package options (HO)
))
\c@section@level=\count278
)
(/usr/local/texlive/2025/texmf-dist/tex/latex/etoolbox/etoolbox.sty
Package: etoolbox 2025/02/11 v2.5l e-TeX tools for LaTeX (JAW)
\etb@tempcnta=\count279
)
(/usr/local/texlive/2025/texmf-dist/tex/generic/stringenc/stringenc.sty
Package: stringenc 2019/11/29 v1.12 Convert strings between diff. encodings (HO
)
)
\@linkdim=\dimen150
\Hy@linkcounter=\count280
\Hy@pagecounter=\count281

(/usr/local/texlive/2025/texmf-dist/tex/latex/hyperref/pd1enc.def
File: pd1enc.def 2024-11-05 v7.01l Hyperref: PDFDocEncoding definition (HO)
Now handling font encoding PD1 ...
... no UTF-8 mapping file for font encoding PD1
)
(/usr/local/texlive/2025/texmf-dist/tex/generic/intcalc/intcalc.sty
Package: intcalc 2019/12/15 v1.3 Expandable calculations with integers (HO)
)
\Hy@SavedSpaceFactor=\count282

(/usr/local/texlive/2025/texmf-dist/tex/latex/hyperref/puenc.def
File: puenc.def 2024-11-05 v7.01l Hyperref: PDF Unicode definition (HO)
Now handling font encoding PU ...
... no UTF-8 mapping file for font encoding PU
)
Package hyperref Info: Option `unicode' set `true' on input line 4040.
Package hyperref Info: Option `hyperfootnotes' set `false' on input line 4040.
Package hyperref Info: Hyper figures OFF on input line 4157.
Package hyperref Info: Link nesting OFF on input line 4162.
Package hyperref Info: Hyper index ON on input line 4165.
Package hyperref Info: Plain pages OFF on input line 4172.
Package hyperref Info: Backreferencing OFF on input line 4177.
Package hyperref Info: Implicit mode ON; LaTeX internals redefined.
Package hyperref Info: Bookmarks ON on input line 4424.
\c@Hy@tempcnt=\count283

(/usr/local/texlive/2025/texmf-dist/tex/latex/url/url.sty
\Urlmuskip=\muskip17
Package: url 2013/09/16  ver 3.4  Verb mode for urls, etc.
)
LaTeX Info: Redefining \url on input line 4763.
\XeTeXLinkMargin=\dimen151

(/usr/local/texlive/2025/texmf-dist/tex/generic/bitset/bitset.sty
Package: bitset 2019/12/09 v1.3 Handle bit-vector datatype (HO)

(/usr/local/texlive/2025/texmf-dist/tex/generic/bigintcalc/bigintcalc.sty
Package: bigintcalc 2019/12/15 v1.5 Expandable calculations on big integers (HO
)
))
\Fld@menulength=\count284
\Field@Width=\dimen152
\Fld@charsize=\dimen153
Package hyperref Info: Hyper figures OFF on input line 6042.
Package hyperref Info: Link nesting OFF on input line 6047.
Package hyperref Info: Hyper index ON on input line 6050.
Package hyperref Info: backreferencing OFF on input line 6057.
Package hyperref Info: Link coloring OFF on input line 6062.
Package hyperref Info: Link coloring with OCG OFF on input line 6067.
Package hyperref Info: PDF/A mode OFF on input line 6072.

(/usr/local/texlive/2025/texmf-dist/tex/latex/base/atbegshi-ltx.sty
Package: atbegshi-ltx 2021/01/10 v1.0c Emulation of the original atbegshi
package with kernel methods
)
\Hy@abspage=\count285
\c@Item=\count286
)
Package hyperref Info: Driver (autodetected): hpdftex.

(/usr/local/texlive/2025/texmf-dist/tex/latex/hyperref/hpdftex.def
File: hpdftex.def 2024-11-05 v7.01l Hyperref driver for pdfTeX

(/usr/local/texlive/2025/texmf-dist/tex/latex/base/atveryend-ltx.sty
Package: atveryend-ltx 2020/08/19 v1.0a Emulation of the original atveryend pac
kage
with kernel methods
)
\Fld@listcount=\count287
\c@bookmark@seq@number=\count288

(/usr/local/texlive/2025/texmf-dist/tex/latex/rerunfilecheck/rerunfilecheck.sty
Package: rerunfilecheck 2022-07-10 v1.10 Rerun checks for auxiliary files (HO)

(/usr/local/texlive/2025/texmf-dist/tex/generic/uniquecounter/uniquecounter.sty
Package: uniquecounter 2019/12/15 v1.4 Provide unlimited unique counter (HO)
)
Package uniquecounter Info: New unique counter `rerunfilecheck' on input line 2
85.
)
\Hy@SectionHShift=\skip56
) (/usr/local/texlive/2025/texmf-dist/tex/latex/ragged2e/ragged2e.sty
Package: ragged2e 2023/06/22 v3.6 ragged2e Package
\CenteringLeftskip=\skip57
\RaggedLeftLeftskip=\skip58
\RaggedRightLeftskip=\skip59
\CenteringRightskip=\skip60
\RaggedLeftRightskip=\skip61
\RaggedRightRightskip=\skip62
\CenteringParfillskip=\skip63
\RaggedLeftParfillskip=\skip64
\RaggedRightParfillskip=\skip65
\JustifyingParfillskip=\skip66
\CenteringParindent=\skip67
\RaggedLeftParindent=\skip68
\RaggedRightParindent=\skip69
\JustifyingParindent=\skip70
)
(/usr/local/texlive/2025/texmf-dist/tex/latex/geometry/geometry.sty
Package: geometry 2020/01/02 v5.9 Page Geometry

(/usr/local/texlive/2025/texmf-dist/tex/generic/iftex/ifvtex.sty
Package: ifvtex 2019/10/25 v1.7 ifvtex legacy package. Use iftex instead.
)
\Gm@cnth=\count289
\Gm@cntv=\count290
\c@Gm@tempcnt=\count291
\Gm@bindingoffset=\dimen154
\Gm@wd@mp=\dimen155
\Gm@odd@mp=\dimen156
\Gm@even@mp=\dimen157
\Gm@layoutwidth=\dimen158
\Gm@layoutheight=\dimen159
\Gm@layouthoffset=\dimen160
\Gm@layoutvoffset=\dimen161
\Gm@dimlist=\toks20
)
(/usr/local/texlive/2025/texmf-dist/tex/latex/changepage/changepage.sty
Package: changepage 2009/10/20 v1.0c check page and change page layout
\c@cp@cntr=\count292
\cp@tempcnt=\count293
)
\@tufte@overhang=\skip71
\@tufte@fullwidth=\skip72
\@tufte@caption@fill=\skip73

(/usr/local/texlive/2025/texmf-dist/tex/latex/paralist/paralist.sty
Package: paralist 2017/01/22 v2.7 Extended list environments
\pltopsep=\skip74
\plpartopsep=\skip75
\plitemsep=\skip76
\plparsep=\skip77
\pl@lab=\toks21
)
(/usr/local/texlive/2025/texmf-dist/tex/latex/textcase/textcase.sty
Package: textcase 2025/02/16 v1.05 Text only upper/lower case changing (DPC)
Package textcase Info: Defining Legacy names on input line 20.
)
(/usr/local/texlive/2025/texmf-dist/tex/latex/microtype/letterspace.sty
Package: letterspace 2025/02/11 v3.2a Robust letterspacing (RS)
LaTeX Info: Redefining \lsstyle on input line 343.
LaTeX Info: Redefining \lslig on input line 344.
LaTeX Info: Redefining \textls on input line 372.
\MT@outer@kern=\dimen162
)
(/usr/local/texlive/2025/texmf-dist/tex/latex/setspace/setspace.sty
Package: setspace 2022/12/04 v6.7b set line spacing
)
(/usr/local/texlive/2025/texmf-dist/tex/latex/xcolor/xcolor.sty
Package: xcolor 2024/09/29 v3.02 LaTeX color extensions (UK)

(/usr/local/texlive/2025/texmf-dist/tex/latex/graphics-cfg/color.cfg
File: color.cfg 2016/01/02 v1.6 sample color configuration
)

Package xcolor Warning: Package option `usenames' is obsolete and ignored on in
put line 265.

Package xcolor Info: Driver file: pdftex.def on input line 274.
(/usr/local/texlive/2025/texmf-dist/tex/latex/graphics-def/pdftex.def
File: pdftex.def 2024/04/13 v1.2c Graphics/color driver for pdftex
)
(/usr/local/texlive/2025/texmf-dist/tex/latex/graphics/mathcolor.ltx)
Package xcolor Info: Model `cmy' substituted by `cmy0' on input line 1349.
Package xcolor Info: Model `hsb' substituted by `rgb' on input line 1353.
Package xcolor Info: Model `RGB' extended on input line 1365.
Package xcolor Info: Model `HTML' substituted by `rgb' on input line 1367.
Package xcolor Info: Model `Hsb' substituted by `hsb' on input line 1368.
Package xcolor Info: Model `tHsb' substituted by `hsb' on input line 1369.
Package xcolor Info: Model `HSB' substituted by `hsb' on input line 1370.
Package xcolor Info: Model `Gray' substituted by `gray' on input line 1371.
Package xcolor Info: Model `wave' substituted by `hsb' on input line 1372.
)
(/usr/local/texlive/2025/texmf-dist/tex/latex/graphics/dvipsnam.def
File: dvipsnam.def 2016/06/17 v3.0m Driver-dependent file (DPC,SPQR)
)
(/usr/local/texlive/2025/texmf-dist/tex/latex/xcolor/svgnam.def
File: svgnam.def 2024/09/29 v3.02 Predefined colors according to SVG 1.1 (UK)
)
(/usr/local/texlive/2025/texmf-dist/tex/latex/natbib/natbib.sty
Package: natbib 2010/09/13 8.31b (PWD, AO)
\bibhang=\skip78
\bibsep=\skip79
LaTeX Info: Redefining \cite on input line 694.
\c@NAT@ctr=\count294
)
(/usr/local/texlive/2025/texmf-dist/tex/latex/natbib/bibentry.sty
Package: bibentry 2007/10/30 1.5 (PWD)
)
No file syllabus121.bbl.
\c@@tufte@num@bibkeys=\count295
(/usr/local/texlive/2025/texmf-dist/tex/latex/sauerj/optparams.sty
Package: optparams 2004/08/14 v0.9 multiple optional parameters in macros
)
\@tufte@sidenote@vertical@offset=\skip80

(/usr/local/texlive/2025/texmf-dist/tex/latex/placeins/placeins.sty
Package: placeins 2005/04/18  v 2.2
)
\@tufte@margin@floatbox=\box53
\@tufte@figure@box=\box54
\@tufte@caption@box=\box55
\@tufte@caption@vertical@offset=\skip81
\@tufte@float@contents@width=\skip82

(/usr/local/texlive/2025/texmf-dist/tex/latex/psnfss/mathpazo.sty
Package: mathpazo 2020/03/25 PSNFSS-v9.3 Palatino w/ Pazo Math (D.Puga, WaS) 
\symupright=\mathgroup4
)
(/usr/local/texlive/2025/texmf-dist/tex/latex/psnfss/helvet.sty
Package: helvet 2020/03/25 PSNFSS-v9.3 (WaS) 
)
(/usr/local/texlive/2025/texmf-dist/tex/latex/bera/beramono.sty
Package: beramono 2004/01/31 (WaS)
)
(/usr/local/texlive/2025/texmf-dist/tex/latex/base/fontenc.sty
Package: fontenc 2021/04/29 v2.0v Standard LaTeX package
LaTeX Font Info:    Trying to load font information for T1+pplj on input line 1
16.

(/usr/local/texlive/2025/texmf-dist/tex/latex/psnfss/t1pplj.fd
File: t1pplj.fd 2004/09/06 font definitions for T1/pplj.
))
(/usr/local/texlive/2025/texmf-dist/tex/latex/base/textcomp.sty
Package: textcomp 2024/04/24 v2.1b Standard LaTeX package
)
(/usr/local/texlive/2025/texmf-dist/tex/latex/fancyhdr/fancyhdr.sty
Package: fancyhdr 2025/02/07 v5.2 Extensive control of page headers and footers

\f@nch@headwidth=\skip83
\f@nch@offset@elh=\skip84
\f@nch@offset@erh=\skip85
\f@nch@offset@olh=\skip86
\f@nch@offset@orh=\skip87
\f@nch@offset@elf=\skip88
\f@nch@offset@erf=\skip89
\f@nch@offset@olf=\skip90
\f@nch@offset@orf=\skip91
\f@nch@height=\skip92
\f@nch@footalignment=\skip93
\f@nch@widthL=\skip94
\f@nch@widthC=\skip95
\f@nch@widthR=\skip96
\@temptokenb=\toks22
)
\tufteskipamount=\skip97

(/usr/local/texlive/2025/texmf-dist/tex/latex/tools/multicol.sty
Package: multicol 2024/09/14 v1.9i multicolumn formatting (FMi)
\c@tracingmulticols=\count296
\mult@box=\box56
\multicol@leftmargin=\dimen163
\c@unbalance=\count297
\c@collectmore=\count298
\doublecol@number=\count299
\multicoltolerance=\count300
\multicolpretolerance=\count301
\full@width=\dimen164
\page@free=\dimen165
\premulticols=\dimen166
\postmulticols=\dimen167
\multicolsep=\skip98
\multicolbaselineskip=\skip99
\partial@page=\box57
\last@line=\box58
\mc@boxedresult=\box59
\maxbalancingoverflow=\dimen168
\mult@rightbox=\box60
\mult@grightbox=\box61
\mult@firstbox=\box62
\mult@gfirstbox=\box63
\@tempa=\box64
\@tempa=\box65
\@tempa=\box66
\@tempa=\box67
\@tempa=\box68
\@tempa=\box69
\@tempa=\box70
\@tempa=\box71
\@tempa=\box72
\@tempa=\box73
\@tempa=\box74
\@tempa=\box75
\@tempa=\box76
\@tempa=\box77
\@tempa=\box78
\@tempa=\box79
\@tempa=\box80
\@tempa=\box81
\@tempa=\box82
\@tempa=\box83
\@tempa=\box84
\@tempa=\box85
\@tempa=\box86
\@tempa=\box87
\@tempa=\box88
\@tempa=\box89
\@tempa=\box90
\@tempa=\box91
\@tempa=\box92
\@tempa=\box93
\@tempa=\box94
\@tempa=\box95
\@tempa=\box96
\@tempa=\box97
\@tempa=\box98
\@tempa=\box99
\c@minrows=\count302
\c@columnbadness=\count303
\c@finalcolumnbadness=\count304
\last@try=\dimen169
\multicolovershoot=\dimen170
\multicolundershoot=\dimen171
\mult@nat@firstbox=\box100
\colbreak@box=\box101
\mc@col@check@num=\count305
)))

Package geometry Warning: Over-specification in `h'-direction.
    `width' (346.55565pt) is ignored.


Package geometry Warning: Over-specification in `v'-direction.
    `height' (686.0pt) is ignored.

(/usr/local/texlive/2025/texmf-dist/tex/latex/graphics/graphicx.sty
Package: graphicx 2021/09/16 v1.2d Enhanced LaTeX Graphics (DPC,SPQR)

(/usr/local/texlive/2025/texmf-dist/tex/latex/graphics/graphics.sty
Package: graphics 2024/08/06 v1.4g Standard LaTeX Graphics (DPC,SPQR)

(/usr/local/texlive/2025/texmf-dist/tex/latex/graphics/trig.sty
Package: trig 2023/12/02 v1.11 sin cos tan (DPC)
)
(/usr/local/texlive/2025/texmf-dist/tex/latex/graphics-cfg/graphics.cfg
File: graphics.cfg 2016/06/04 v1.11 sample graphics configuration
)
Package graphics Info: Driver file: pdftex.def on input line 106.
)
\Gin@req@height=\dimen172
\Gin@req@width=\dimen173
)
(/usr/local/texlive/2025/texmf-dist/tex/latex/datetime/datetime.sty
Package: datetime 2015/03/20 v2.60 Date Time Package

(/usr/local/texlive/2025/texmf-dist/tex/latex/fmtcount/fmtcount.sty
Package: fmtcount 2025/02/09 v3.10 Displaying the values of LaTeX counters (NT,
VB,NE)

(/usr/local/texlive/2025/texmf-dist/tex/latex/fmtcount/fcprefix.sty
Package: fcprefix 2012/09/28

(/usr/local/texlive/2025/texmf-dist/tex/latex/fmtcount/fcnumparser.sty
Package: fcnumparser 2017/06/15
\fc@digit@counter=\count306
))
(/usr/local/texlive/2025/texmf-dist/tex/latex/amsmath/amsgen.sty
File: amsgen.sty 1999/11/30 v2.0 generic functions
\@emptytoks=\toks23
\ex@=\dimen174
)
\c@padzeroesN=\count307
\fc@tmpcatcode=\count308
\@DT@modctr=\count309
\@ordinalctr=\count310
\@orgargctr=\count311
\@strctr=\count312
\@tmpstrctr=\count313
\@DT@loopN=\count314
\@DT@X=\count315
)
(/usr/local/texlive/2025/texmf-dist/tex/latex/datetime/datetime-defaults.sty
Package: datetime-defaults 2013/09/10
)
\@day=\count316
\@month=\count317
\@year=\count318
\c@HOUR=\count319
\c@HOURXII=\count320
\c@MINUTE=\count321
\c@TOHOUR=\count322
\c@TOMINUTE=\count323
\c@SECOND=\count324
\currenthour=\count325
\currentminute=\count326
\currentsecond=\count327
Package datetime Info: No datetime.cfg file found, using default settings on in
put line 308.
\@dtctr=\count328
\dayofyear=\count329
\dayofweek=\count330
LaTeX Info: Redefining \today on input line 736.
\dt@a=\toks24
\dt@b=\toks25
)
(/usr/local/texlive/2025/texmf-dist/tex/latex/graphics/lscape.sty
Package: lscape 2020/05/28 v3.02 Landscape Pages (DPC)
)
(/usr/local/texlive/2025/texmf-dist/tex/latex/asymptote/asymptote.sty
Package: asymptote 2024/02/26 v1.38 Asymptote style file for LaTeX

(./syllabus121.pre)
\ASYbox=\box102
\ASYdimen=\dimen175
\c@asy=\count331
\AsyStream=\write3
\AsyPreStream=\write4
\openout4 = `syllabus121.pre'.

)
(/usr/local/texlive/2025/texmf-dist/tex/latex/dingbat/dingbat.sty
Package: dingbat 2001/04/27 v1.00 Hands and other dingbats
)
(/usr/local/texlive/2025/texmf-dist/tex/latex/wrapfig/wrapfig.sty
\wrapoverhang=\dimen176
\WF@size=\dimen177
\c@WF@wrappedlines=\count332
\WF@box=\box103
\WF@everypar=\toks26
Package: wrapfig 2003/01/31  v 3.6
)
(/usr/local/texlive/2025/texmf-dist/tex/latex/dirtytalk/dirtytalk.sty
Package: dirtytalk 2010/11/21 A package making "quoting" easier
\c@dirtytalk@qdepth=\count333
)
(/usr/local/texlive/2025/texmf-dist/tex/latex/savesym/savesym.sty
Package: savesym 2013/09/02 v1.2 Saves and restores symbols (JG)
)
(/usr/local/texlive/2025/texmf-dist/tex/latex/psnfss/pifont.sty
Package: pifont 2020/03/25 PSNFSS-v9.3 Pi font support (SPQR) 
LaTeX Font Info:    Trying to load font information for U+pzd on input line 63.


(/usr/local/texlive/2025/texmf-dist/tex/latex/psnfss/upzd.fd
File: upzd.fd 2001/06/04 font definitions for U/pzd.
)
LaTeX Font Info:    Trying to load font information for U+psy on input line 64.


(/usr/local/texlive/2025/texmf-dist/tex/latex/psnfss/upsy.fd
File: upsy.fd 2001/06/04 font definitions for U/psy.
))
(/usr/local/texlive/2025/texmf-dist/tex/latex/tabu/tabu.sty
Package: tabu 2019/01/11 v2.9 - flexible LaTeX tabulars (FC+tabu-fixed)

(/usr/local/texlive/2025/texmf-dist/tex/latex/tools/array.sty
Package: array 2024/10/17 v2.6g Tabular extension package (FMi)
\col@sep=\dimen178
\ar@mcellbox=\box104
\extrarowheight=\dimen179
\NC@list=\toks27
\extratabsurround=\skip100
\backup@length=\skip101
\ar@cellbox=\box105
)
(/usr/local/texlive/2025/texmf-dist/tex/latex/varwidth/varwidth.sty
Package: varwidth 2009/03/30 ver 0.92;  Variable-width minipages
\@vwid@box=\box106
\sift@deathcycles=\count334
\@vwid@loff=\dimen180
\@vwid@roff=\dimen181
)
\c@taburow=\count335
\tabu@nbcols=\count336
\tabu@cnt=\count337
\tabu@Xcol=\count338
\tabu@alloc=\count339
\tabu@nested=\count340
\tabu@target=\dimen182
\tabu@spreadtarget=\dimen183
\tabu@naturalX=\dimen184
\tabucolX=\dimen185
\tabu@Xsum=\dimen186
\extrarowdepth=\dimen187
\abovetabulinesep=\dimen188
\belowtabulinesep=\dimen189
\tabustrutrule=\dimen190
\tabu@thebody=\toks28
\tabu@footnotes=\toks29
\tabu@box=\box107
\tabu@arstrutbox=\box108
\tabu@hleads=\box109
\tabu@vleads=\box110
\tabu@cellskip=\skip102
)
(/usr/local/texlive/2025/texmf-dist/tex/latex/modiagram/modiagram.sty
(/usr/local/texlive/2025/texmf-dist/tex/latex/l3kernel/expl3.sty
Package: expl3 2025-01-18 L3 programming layer (loader) 

(/usr/local/texlive/2025/texmf-dist/tex/latex/l3backend/l3backend-pdftex.def
File: l3backend-pdftex.def 2024-05-08 L3 backend support: PDF output (pdfTeX)
\l__color_backend_stack_int=\count341
\l__pdf_internal_box=\box111
))
(/usr/local/texlive/2025/texmf-dist/tex/latex/l3packages/xparse/xparse.sty
Package: xparse 2024-08-16 L3 Experimental document command parser
)
(/usr/local/texlive/2025/texmf-dist/tex/latex/l3packages/l3keys2e/l3keys2e.sty
Package: l3keys2e 2024-08-16 LaTeX2e option processing using LaTeX3 keys
) (/usr/local/texlive/2025/texmf-dist/tex/latex/pgf/frontendlayer/tikz.sty
(/usr/local/texlive/2025/texmf-dist/tex/latex/pgf/basiclayer/pgf.sty
(/usr/local/texlive/2025/texmf-dist/tex/latex/pgf/utilities/pgfrcs.sty
(/usr/local/texlive/2025/texmf-dist/tex/generic/pgf/utilities/pgfutil-common.te
x
\pgfutil@everybye=\toks30
\pgfutil@tempdima=\dimen191
\pgfutil@tempdimb=\dimen192
)
(/usr/local/texlive/2025/texmf-dist/tex/generic/pgf/utilities/pgfutil-latex.def
\pgfutil@abb=\box112
) (/usr/local/texlive/2025/texmf-dist/tex/generic/pgf/utilities/pgfrcs.code.tex
(/usr/local/texlive/2025/texmf-dist/tex/generic/pgf/pgf.revision.tex)
Package: pgfrcs 2023-01-15 v3.1.10 (3.1.10)
))
Package: pgf 2023-01-15 v3.1.10 (3.1.10)

(/usr/local/texlive/2025/texmf-dist/tex/latex/pgf/basiclayer/pgfcore.sty
(/usr/local/texlive/2025/texmf-dist/tex/latex/pgf/systemlayer/pgfsys.sty
(/usr/local/texlive/2025/texmf-dist/tex/generic/pgf/systemlayer/pgfsys.code.tex
Package: pgfsys 2023-01-15 v3.1.10 (3.1.10)
(/usr/local/texlive/2025/texmf-dist/tex/generic/pgf/utilities/pgfkeys.code.tex
\pgfkeys@pathtoks=\toks31
\pgfkeys@temptoks=\toks32

(/usr/local/texlive/2025/texmf-dist/tex/generic/pgf/utilities/pgfkeyslibraryfil
tered.code.tex
\pgfkeys@tmptoks=\toks33
))
\pgf@x=\dimen193
\pgf@y=\dimen194
\pgf@xa=\dimen195
\pgf@ya=\dimen196
\pgf@xb=\dimen197
\pgf@yb=\dimen198
\pgf@xc=\dimen199
\pgf@yc=\dimen256
\pgf@xd=\dimen257
\pgf@yd=\dimen258
\w@pgf@writea=\write5
\r@pgf@reada=\read2
\c@pgf@counta=\count342
\c@pgf@countb=\count343
\c@pgf@countc=\count344
\c@pgf@countd=\count345
\t@pgf@toka=\toks34
\t@pgf@tokb=\toks35
\t@pgf@tokc=\toks36
\pgf@sys@id@count=\count346

(/usr/local/texlive/2025/texmf-dist/tex/generic/pgf/systemlayer/pgf.cfg
File: pgf.cfg 2023-01-15 v3.1.10 (3.1.10)
)
Driver file for pgf: pgfsys-pdftex.def

(/usr/local/texlive/2025/texmf-dist/tex/generic/pgf/systemlayer/pgfsys-pdftex.d
ef
File: pgfsys-pdftex.def 2023-01-15 v3.1.10 (3.1.10)

(/usr/local/texlive/2025/texmf-dist/tex/generic/pgf/systemlayer/pgfsys-common-p
df.def
File: pgfsys-common-pdf.def 2023-01-15 v3.1.10 (3.1.10)
)))
(/usr/local/texlive/2025/texmf-dist/tex/generic/pgf/systemlayer/pgfsyssoftpath.
code.tex
File: pgfsyssoftpath.code.tex 2023-01-15 v3.1.10 (3.1.10)
\pgfsyssoftpath@smallbuffer@items=\count347
\pgfsyssoftpath@bigbuffer@items=\count348
)
(/usr/local/texlive/2025/texmf-dist/tex/generic/pgf/systemlayer/pgfsysprotocol.
code.tex
File: pgfsysprotocol.code.tex 2023-01-15 v3.1.10 (3.1.10)
))
(/usr/local/texlive/2025/texmf-dist/tex/generic/pgf/basiclayer/pgfcore.code.tex
Package: pgfcore 2023-01-15 v3.1.10 (3.1.10)
(/usr/local/texlive/2025/texmf-dist/tex/generic/pgf/math/pgfmath.code.tex
(/usr/local/texlive/2025/texmf-dist/tex/generic/pgf/math/pgfmathutil.code.tex)
(/usr/local/texlive/2025/texmf-dist/tex/generic/pgf/math/pgfmathparser.code.tex
\pgfmath@dimen=\dimen259
\pgfmath@count=\count349
\pgfmath@box=\box113
\pgfmath@toks=\toks37
\pgfmath@stack@operand=\toks38
\pgfmath@stack@operation=\toks39
)
(/usr/local/texlive/2025/texmf-dist/tex/generic/pgf/math/pgfmathfunctions.code.
tex)
(/usr/local/texlive/2025/texmf-dist/tex/generic/pgf/math/pgfmathfunctions.basic
.code.tex)
(/usr/local/texlive/2025/texmf-dist/tex/generic/pgf/math/pgfmathfunctions.trigo
nometric.code.tex)
(/usr/local/texlive/2025/texmf-dist/tex/generic/pgf/math/pgfmathfunctions.rando
m.code.tex)
(/usr/local/texlive/2025/texmf-dist/tex/generic/pgf/math/pgfmathfunctions.compa
rison.code.tex)
(/usr/local/texlive/2025/texmf-dist/tex/generic/pgf/math/pgfmathfunctions.base.
code.tex)
(/usr/local/texlive/2025/texmf-dist/tex/generic/pgf/math/pgfmathfunctions.round
.code.tex)
(/usr/local/texlive/2025/texmf-dist/tex/generic/pgf/math/pgfmathfunctions.misc.
code.tex)
(/usr/local/texlive/2025/texmf-dist/tex/generic/pgf/math/pgfmathfunctions.integ
erarithmetics.code.tex)
(/usr/local/texlive/2025/texmf-dist/tex/generic/pgf/math/pgfmathcalc.code.tex)
(/usr/local/texlive/2025/texmf-dist/tex/generic/pgf/math/pgfmathfloat.code.tex
\c@pgfmathroundto@lastzeros=\count350
)) (/usr/local/texlive/2025/texmf-dist/tex/generic/pgf/math/pgfint.code.tex)
(/usr/local/texlive/2025/texmf-dist/tex/generic/pgf/basiclayer/pgfcorepoints.co
de.tex
File: pgfcorepoints.code.tex 2023-01-15 v3.1.10 (3.1.10)
\pgf@picminx=\dimen260
\pgf@picmaxx=\dimen261
\pgf@picminy=\dimen262
\pgf@picmaxy=\dimen263
\pgf@pathminx=\dimen264
\pgf@pathmaxx=\dimen265
\pgf@pathminy=\dimen266
\pgf@pathmaxy=\dimen267
\pgf@xx=\dimen268
\pgf@xy=\dimen269
\pgf@yx=\dimen270
\pgf@yy=\dimen271
\pgf@zx=\dimen272
\pgf@zy=\dimen273
)
(/usr/local/texlive/2025/texmf-dist/tex/generic/pgf/basiclayer/pgfcorepathconst
ruct.code.tex
File: pgfcorepathconstruct.code.tex 2023-01-15 v3.1.10 (3.1.10)
\pgf@path@lastx=\dimen274
\pgf@path@lasty=\dimen275
)
(/usr/local/texlive/2025/texmf-dist/tex/generic/pgf/basiclayer/pgfcorepathusage
.code.tex
File: pgfcorepathusage.code.tex 2023-01-15 v3.1.10 (3.1.10)
\pgf@shorten@end@additional=\dimen276
\pgf@shorten@start@additional=\dimen277
)
(/usr/local/texlive/2025/texmf-dist/tex/generic/pgf/basiclayer/pgfcorescopes.co
de.tex
File: pgfcorescopes.code.tex 2023-01-15 v3.1.10 (3.1.10)
\pgfpic=\box114
\pgf@hbox=\box115
\pgf@layerbox@main=\box116
\pgf@picture@serial@count=\count351
)
(/usr/local/texlive/2025/texmf-dist/tex/generic/pgf/basiclayer/pgfcoregraphicst
ate.code.tex
File: pgfcoregraphicstate.code.tex 2023-01-15 v3.1.10 (3.1.10)
\pgflinewidth=\dimen278
)
(/usr/local/texlive/2025/texmf-dist/tex/generic/pgf/basiclayer/pgfcoretransform
ations.code.tex
File: pgfcoretransformations.code.tex 2023-01-15 v3.1.10 (3.1.10)
\pgf@pt@x=\dimen279
\pgf@pt@y=\dimen280
\pgf@pt@temp=\dimen281
)
(/usr/local/texlive/2025/texmf-dist/tex/generic/pgf/basiclayer/pgfcorequick.cod
e.tex
File: pgfcorequick.code.tex 2023-01-15 v3.1.10 (3.1.10)
)
(/usr/local/texlive/2025/texmf-dist/tex/generic/pgf/basiclayer/pgfcoreobjects.c
ode.tex
File: pgfcoreobjects.code.tex 2023-01-15 v3.1.10 (3.1.10)
)
(/usr/local/texlive/2025/texmf-dist/tex/generic/pgf/basiclayer/pgfcorepathproce
ssing.code.tex
File: pgfcorepathprocessing.code.tex 2023-01-15 v3.1.10 (3.1.10)
)
(/usr/local/texlive/2025/texmf-dist/tex/generic/pgf/basiclayer/pgfcorearrows.co
de.tex
File: pgfcorearrows.code.tex 2023-01-15 v3.1.10 (3.1.10)
\pgfarrowsep=\dimen282
)
(/usr/local/texlive/2025/texmf-dist/tex/generic/pgf/basiclayer/pgfcoreshade.cod
e.tex
File: pgfcoreshade.code.tex 2023-01-15 v3.1.10 (3.1.10)
\pgf@max=\dimen283
\pgf@sys@shading@range@num=\count352
\pgf@shadingcount=\count353
)
(/usr/local/texlive/2025/texmf-dist/tex/generic/pgf/basiclayer/pgfcoreimage.cod
e.tex
File: pgfcoreimage.code.tex 2023-01-15 v3.1.10 (3.1.10)
)
(/usr/local/texlive/2025/texmf-dist/tex/generic/pgf/basiclayer/pgfcoreexternal.
code.tex
File: pgfcoreexternal.code.tex 2023-01-15 v3.1.10 (3.1.10)
\pgfexternal@startupbox=\box117
)
(/usr/local/texlive/2025/texmf-dist/tex/generic/pgf/basiclayer/pgfcorelayers.co
de.tex
File: pgfcorelayers.code.tex 2023-01-15 v3.1.10 (3.1.10)
)
(/usr/local/texlive/2025/texmf-dist/tex/generic/pgf/basiclayer/pgfcoretranspare
ncy.code.tex
File: pgfcoretransparency.code.tex 2023-01-15 v3.1.10 (3.1.10)
)
(/usr/local/texlive/2025/texmf-dist/tex/generic/pgf/basiclayer/pgfcorepatterns.
code.tex
File: pgfcorepatterns.code.tex 2023-01-15 v3.1.10 (3.1.10)
)
(/usr/local/texlive/2025/texmf-dist/tex/generic/pgf/basiclayer/pgfcorerdf.code.
tex
File: pgfcorerdf.code.tex 2023-01-15 v3.1.10 (3.1.10)
)))
(/usr/local/texlive/2025/texmf-dist/tex/generic/pgf/modules/pgfmoduleshapes.cod
e.tex
File: pgfmoduleshapes.code.tex 2023-01-15 v3.1.10 (3.1.10)
\pgfnodeparttextbox=\box118
)
(/usr/local/texlive/2025/texmf-dist/tex/generic/pgf/modules/pgfmoduleplot.code.
tex
File: pgfmoduleplot.code.tex 2023-01-15 v3.1.10 (3.1.10)
)
(/usr/local/texlive/2025/texmf-dist/tex/latex/pgf/compatibility/pgfcomp-version
-0-65.sty
Package: pgfcomp-version-0-65 2023-01-15 v3.1.10 (3.1.10)
\pgf@nodesepstart=\dimen284
\pgf@nodesepend=\dimen285
)
(/usr/local/texlive/2025/texmf-dist/tex/latex/pgf/compatibility/pgfcomp-version
-1-18.sty
Package: pgfcomp-version-1-18 2023-01-15 v3.1.10 (3.1.10)
))
(/usr/local/texlive/2025/texmf-dist/tex/latex/pgf/utilities/pgffor.sty
(/usr/local/texlive/2025/texmf-dist/tex/latex/pgf/utilities/pgfkeys.sty
(/usr/local/texlive/2025/texmf-dist/tex/generic/pgf/utilities/pgfkeys.code.tex)
) (/usr/local/texlive/2025/texmf-dist/tex/latex/pgf/math/pgfmath.sty
(/usr/local/texlive/2025/texmf-dist/tex/generic/pgf/math/pgfmath.code.tex))
(/usr/local/texlive/2025/texmf-dist/tex/generic/pgf/utilities/pgffor.code.tex
Package: pgffor 2023-01-15 v3.1.10 (3.1.10)
\pgffor@iter=\dimen286
\pgffor@skip=\dimen287
\pgffor@stack=\toks40
\pgffor@toks=\toks41
))
(/usr/local/texlive/2025/texmf-dist/tex/generic/pgf/frontendlayer/tikz/tikz.cod
e.tex
Package: tikz 2023-01-15 v3.1.10 (3.1.10)

(/usr/local/texlive/2025/texmf-dist/tex/generic/pgf/libraries/pgflibraryplothan
dlers.code.tex
File: pgflibraryplothandlers.code.tex 2023-01-15 v3.1.10 (3.1.10)
\pgf@plot@mark@count=\count354
\pgfplotmarksize=\dimen288
)
\tikz@lastx=\dimen289
\tikz@lasty=\dimen290
\tikz@lastxsaved=\dimen291
\tikz@lastysaved=\dimen292
\tikz@lastmovetox=\dimen293
\tikz@lastmovetoy=\dimen294
\tikzleveldistance=\dimen295
\tikzsiblingdistance=\dimen296
\tikz@figbox=\box119
\tikz@figbox@bg=\box120
\tikz@tempbox=\box121
\tikz@tempbox@bg=\box122
\tikztreelevel=\count355
\tikznumberofchildren=\count356
\tikznumberofcurrentchild=\count357
\tikz@fig@count=\count358

(/usr/local/texlive/2025/texmf-dist/tex/generic/pgf/modules/pgfmodulematrix.cod
e.tex
File: pgfmodulematrix.code.tex 2023-01-15 v3.1.10 (3.1.10)
\pgfmatrixcurrentrow=\count359
\pgfmatrixcurrentcolumn=\count360
\pgf@matrix@numberofcolumns=\count361
)
\tikz@expandcount=\count362

(/usr/local/texlive/2025/texmf-dist/tex/generic/pgf/frontendlayer/tikz/librarie
s/tikzlibrarytopaths.code.tex
File: tikzlibrarytopaths.code.tex 2023-01-15 v3.1.10 (3.1.10)
)))
(/usr/local/texlive/2025/texmf-dist/tex/latex/chemgreek/chemgreek.sty
(/usr/local/texlive/2025/texmf-dist/tex/latex/amsmath/amstext.sty
Package: amstext 2021/08/26 v2.01 AMS text
)
Package: chemgreek 2020/01/16 v1.1a interface for upright Greek letters for use
 in chemistry (CN)
\l__chemgreek_tmpa_int=\count363
\g__chemgreek_tmpa_int=\count364
)
(/usr/local/texlive/2025/texmf-dist/tex/generic/pgf/frontendlayer/tikz/librarie
s/tikzlibrarycalc.code.tex
File: tikzlibrarycalc.code.tex 2023-01-15 v3.1.10 (3.1.10)
)
(/usr/local/texlive/2025/texmf-dist/tex/generic/pgf/frontendlayer/tikz/librarie
s/tikzlibraryarrows.code.tex
File: tikzlibraryarrows.code.tex 2023-01-15 v3.1.10 (3.1.10)

(/usr/local/texlive/2025/texmf-dist/tex/generic/pgf/libraries/pgflibraryarrows.
code.tex
File: pgflibraryarrows.code.tex 2023-01-15 v3.1.10 (3.1.10)
\arrowsize=\dimen297
))
Package: modiagram 2020/11/08 v0.3a easy creation of molecular orbital diagrams

\l__modiagram_tmpa_dim=\dimen298
\l__modiagram_AO_width_dim=\dimen299
\l__modiagram_left_atom_position_dim=\dimen300
\l__modiagram_inter_atom_distance_dim=\dimen301
\l__modiagram_molecule_position_dim=\dimen302
\g__modiagram_min_energy_dim=\dimen303
\g__modiagram_max_energy_dim=\dimen304
\l__modiagram_energy_gain_dim=\dimen305
\l__modiagram_energy_loss_dim=\dimen306
\l__modiagram_atom_xshift_dim=\dimen307
\l__modiagram_atom_one_s_dim=\dimen308
\l__modiagram_atom_left_one_s_dim=\dimen309
\l__modiagram_atom_right_one_s_dim=\dimen310
\l__modiagram_atom_two_s_dim=\dimen311
\l__modiagram_atom_left_two_s_dim=\dimen312
\l__modiagram_atom_right_two_s_dim=\dimen313
\l__modiagram_atom_two_p_dim=\dimen314
\l__modiagram_atom_left_two_p_dim=\dimen315
\l__modiagram_atom_right_two_p_dim=\dimen316
\l__modiagram_atom_px_shift_dim=\dimen317
\l__modiagram_atom_py_shift_dim=\dimen318
\l__modiagram_atom_pz_shift_dim=\dimen319
\l__modiagram_molecule_one_sigma_dim=\dimen320
\l__modiagram_molecule_one_sigmas_dim=\dimen321
\l__modiagram_molecule_two_sigma_dim=\dimen322
\l__modiagram_molecule_two_sigmas_dim=\dimen323
\l__modiagram_molecule_two_psigma_dim=\dimen324
\l__modiagram_molecule_two_psigmas_dim=\dimen325
\l__modiagram_molecule_two_ppi_dim=\dimen326
\l__modiagram_molecule_two_ppis_dim=\dimen327
\l__modiagram_AO_dim=\dimen328
\l__modiagram_AO_position_dim=\dimen329
\l__modiagram_AO_px_shift_dim=\dimen330
\l__modiagram_AO_py_shift_dim=\dimen331
\l__modiagram_AO_pz_shift_dim=\dimen332
\g__modiagram_AO_name_int=\count365
\l_energy_axis_dim=\dimen333
) (/usr/local/texlive/2025/texmf-dist/tex/latex/amsmath/amsmath.sty
Package: amsmath 2024/11/05 v2.17t AMS math features
\@mathmargin=\skip103

For additional information on amsmath, use the `?' option.
(/usr/local/texlive/2025/texmf-dist/tex/latex/amsmath/amsbsy.sty
Package: amsbsy 1999/11/29 v1.2d Bold Symbols
\pmbraise@=\dimen334
)
(/usr/local/texlive/2025/texmf-dist/tex/latex/amsmath/amsopn.sty
Package: amsopn 2022/04/08 v2.04 operator names
)
\inf@bad=\count366
LaTeX Info: Redefining \frac on input line 233.
\uproot@=\count367
\leftroot@=\count368
LaTeX Info: Redefining \overline on input line 398.
LaTeX Info: Redefining \colon on input line 409.
\classnum@=\count369
\DOTSCASE@=\count370
LaTeX Info: Redefining \ldots on input line 495.
LaTeX Info: Redefining \dots on input line 498.
LaTeX Info: Redefining \cdots on input line 619.
\Mathstrutbox@=\box123
\strutbox@=\box124
LaTeX Info: Redefining \big on input line 721.
LaTeX Info: Redefining \Big on input line 722.
LaTeX Info: Redefining \bigg on input line 723.
LaTeX Info: Redefining \Bigg on input line 724.
\big@size=\dimen335
LaTeX Font Info:    Redeclaring font encoding OML on input line 742.
LaTeX Font Info:    Redeclaring font encoding OMS on input line 743.
\macc@depth=\count371
LaTeX Info: Redefining \bmod on input line 904.
LaTeX Info: Redefining \pmod on input line 909.
LaTeX Info: Redefining \smash on input line 939.
LaTeX Info: Redefining \relbar on input line 969.
LaTeX Info: Redefining \Relbar on input line 970.
\c@MaxMatrixCols=\count372
\dotsspace@=\muskip18
\c@parentequation=\count373
\dspbrk@lvl=\count374
\tag@help=\toks42
\row@=\count375
\column@=\count376
\maxfields@=\count377
\andhelp@=\toks43
\eqnshift@=\dimen336
\alignsep@=\dimen337
\tagshift@=\dimen338
\tagwidth@=\dimen339
\totwidth@=\dimen340
\lineht@=\dimen341
\@envbody=\toks44
\multlinegap=\skip104
\multlinetaggap=\skip105
\mathdisplay@stack=\toks45
LaTeX Info: Redefining \[ on input line 2953.
LaTeX Info: Redefining \] on input line 2954.
)
(/usr/local/texlive/2025/texmf-dist/tex/latex/tools/afterpage.sty
Package: afterpage 2023/07/04 v1.08 After-Page Package (DPC)
\AP@output=\toks46
\AP@partial=\box125
\AP@footins=\box126
)
(/usr/local/texlive/2025/texmf-dist/tex/latex/mhchem/mhchem.sty
Package: mhchem 2024/01/29 v4.10 for typesetting chemical formulae
\l__mhchem_ce_distanceFromLastComma_int=\count378
\__mhchem_arrow_extPgfLength_skip=\skip106
\mhchem@minispace@tmp=\skip107
\mhchem@minibackspace@tmp=\skip108
\mhchem@bondwidth=\skip109
\mhchem@bondheight=\skip110
\mhchem@smallbondwidth@tmpA=\skip111
\mhchem@smallbondwidth@tmpB=\skip112
\mhchem@smallbondwidth=\skip113
\mhchem@bondtmp@minussidebearingleft=\skip114
\mhchem@bondtmp@minussidebearingright=\skip115
\l__mhchem_option_version_int=\count379
\mhchem@option@minusmathsidebearingleft=\dimen342
\mhchem@option@minusmathsidebearingright=\dimen343
\mhchem@option@minustextsidebearingleft=\dimen344
\mhchem@option@minustextsidebearingright=\dimen345
)
(/usr/local/texlive/2025/texmf-dist/tex/latex/fontawesome/fontawesome.sty
Package: fontawesome 2016/05/15 v4.6.3.1 font awesome icons

(/usr/local/texlive/2025/texmf-dist/tex/latex/fontawesome/fontawesomesymbols-ge
neric.tex)
(/usr/local/texlive/2025/texmf-dist/tex/latex/fontawesome/fontawesomesymbols-pd
ftex.tex)) (/usr/local/texlive/2025/texmf-dist/tex/generic/soul/soul.sty
Package: soul 2023-06-14 v3.1 Permit use of UTF-8 characters in soul (HO)

(/usr/local/texlive/2025/texmf-dist/tex/generic/soul/soul-ori.sty
Package: soul-ori 2023-06-14 v3.1 letterspacing/underlining (mf)
\SOUL@word=\toks47
\SOUL@lasttoken=\toks48
\SOUL@syllable=\toks49
\SOUL@cmds=\toks50
\SOUL@buffer=\toks51
\SOUL@token=\toks52
\SOUL@syllgoal=\dimen346
\SOUL@syllwidth=\dimen347
\SOUL@charkern=\dimen348
\SOUL@hyphkern=\dimen349
\SOUL@dimen=\dimen350
\SOUL@dimeni=\dimen351
\SOUL@minus=\count380
\SOUL@comma=\count381
\SOUL@apo=\count382
\SOUL@grave=\count383
\SOUL@spaceskip=\skip116
\SOUL@ttwidth=\dimen352
\SOUL@uldp=\dimen353
\SOUL@ulht=\dimen354
))
(/usr/local/texlive/2025/texmf-dist/tex/latex/fonttable/fonttable.sty
Package: fonttable 2017/06/06 v1.6c displays a font
\f@tm=\count384
\f@tn=\count385
\f@tp=\count386
\f@tdim=\dimen355
\ftablewidth=\dimen356
\fntcolwidth=\dimen357
)
(/usr/local/texlive/2025/texmf-dist/tex/latex/paracol/paracol.sty
Package: paracol 2024/10/22 1.36 typeset columns in parallel
\pcol@currcol=\count387
\pcol@nextcol=\count388
\pcol@ncol=\count389
\pcol@ncolleft=\count390
\pcol@page=\count391
\pcol@basepage=\count392
\pcol@toppage=\count393
\pcol@footnotebase=\count394
\pcol@nfootnotes=\count395
\pcol@mcid=\count396
\pcol@prevdepth=\dimen358
\pcol@colht=\dimen359
\pcol@textfloatsep=\dimen360
\pcol@lrmargin=\dimen361
\pagerim=\dimen362
\pcol@topskip=\skip117
\belowfootnoteskip=\skip118
\pcol@topfnotes=\box127
\pcol@prespan=\box128
\pcol@rightpage=\box129
\pcol@colorstack@saved=\box130
\pcol@tempboxa=\box131
\pcol@tempboxb=\box132
\pcol@colorins=\insert252
\pcol@everyvbox=\toks53
)
(/usr/local/texlive/2025/texmf-dist/tex/generic/chemfig/chemfig.sty
(/usr/local/texlive/2025/texmf-dist/tex/generic/chemfig/chemfig.tex
(/usr/local/texlive/2025/texmf-dist/tex/generic/simplekv/simplekv.tex
Package: simplekv 2023/10/02 v0.2c Simple keyval package (CT)
)
(/usr/local/texlive/2025/texmf-dist/tex/generic/pgf/libraries/pgflibraryarrows.
meta.code.tex
File: pgflibraryarrows.meta.code.tex 2023-01-15 v3.1.10 (3.1.10)
\pgfarrowinset=\dimen363
\pgfarrowlength=\dimen364
\pgfarrowwidth=\dimen365
\pgfarrowlinewidth=\dimen366
)
\CF_cnt_atomgroup=\count397
\CF_cnt_group=\count398
\CF_cnt_atom=\count399
\CF_cnt_cycle=\count400
\CF_cnt_cyclebonds=\count401
\CF_cnt_compound=\count402
\CF_dim=\dimen367
\CF_turnangle=\dimen368
\CF_arrowsize=\dimen369
\CF_zero=\dimen370
\CF_box=\box133
\CF_boxstuff=\box134
\CF_testbox=\box135
\CF_chargebox=\box136
\CF_substtoks=\toks54
)
Package: chemfig 2023/12/28 v1.66 Draw molecule with an easy syntax (CT)
)
(/usr/local/texlive/2025/texmf-dist/tex/generic/pgf/frontendlayer/tikz/librarie
s/tikzlibrary3d.code.tex
File: tikzlibrary3d.code.tex 2023-01-15 v3.1.10 (3.1.10)
)
(/usr/local/texlive/2025/texmf-dist/tex/latex/cutwin/cutwin.sty
Package: cutwin 2021/10/13 v0.2 cutout windows
\c@twwinlines=\count403
\c@twtoplines=\count404
\c@twcnt=\count405
\c@twlftside=\dimen371
\c@twrtside=\dimen372
\c@twtopht=\dimen373
\c@twvsilg=\dimen374
\c@twtoka=\toks55
\c@twtokb=\toks56
\c@twrawtext=\box137
\c@twholdwin=\box138
\c@twwindow=\box139
\c@twfinaltext=\box140
\c@twslicea=\box141
\c@twsliceb=\box142
\c@twdima=\dimen375
\c@twdimb=\dimen376
)
(/usr/local/texlive/2025/texmf-dist/tex/latex/pgfplots/pgfplots.sty
(/usr/local/texlive/2025/texmf-dist/tex/generic/pgfplots/pgfplots.revision.tex)
Package: pgfplots 2021/05/15 v1.18.1 Data Visualization (1.18.1)
(/usr/local/texlive/2025/texmf-dist/tex/generic/pgfplots/pgfplots.code.tex
(/usr/local/texlive/2025/texmf-dist/tex/generic/pgfplots/pgfplotscore.code.tex
\t@pgfplots@toka=\toks57
\t@pgfplots@tokb=\toks58
\t@pgfplots@tokc=\toks59
\pgfplots@tmpa=\dimen377
\c@pgfplots@coordindex=\count406
\c@pgfplots@scanlineindex=\count407

(/usr/local/texlive/2025/texmf-dist/tex/generic/pgfplots/sys/pgfplotssysgeneric
.code.tex))
(/usr/local/texlive/2025/texmf-dist/tex/generic/pgfplots/libs/pgfplotslibrary.c
ode.tex)
(/usr/local/texlive/2025/texmf-dist/tex/generic/pgfplots/oldpgfcompatib/pgfplot
soldpgfsupp_loader.code.tex
(/usr/local/texlive/2025/texmf-dist/tex/generic/pgf/libraries/pgflibraryfpu.cod
e.tex)
Package pgfplots: loading complementary utilities for your pgf version...
\t@pgf@toka=\toks60
\t@pgf@tokb=\toks61
\t@pgf@tokc=\toks62

(/usr/local/texlive/2025/texmf-dist/tex/generic/pgfplots/oldpgfcompatib/pgfplot
soldpgfsupp_pgfutil-common-lists.tex))
(/usr/local/texlive/2025/texmf-dist/tex/generic/pgfplots/util/pgfplotsutil.code
.tex
(/usr/local/texlive/2025/texmf-dist/tex/generic/pgfplots/liststructure/pgfplots
liststructure.code.tex)
(/usr/local/texlive/2025/texmf-dist/tex/generic/pgfplots/liststructure/pgfplots
liststructureext.code.tex)
(/usr/local/texlive/2025/texmf-dist/tex/generic/pgfplots/liststructure/pgfplots
array.code.tex
\c@pgfplotsarray@tmp=\count408
)
(/usr/local/texlive/2025/texmf-dist/tex/generic/pgfplots/liststructure/pgfplots
matrix.code.tex)
(/usr/local/texlive/2025/texmf-dist/tex/generic/pgfplots/numtable/pgfplotstable
shared.code.tex
\c@pgfplotstable@counta=\count409
\t@pgfplotstable@a=\toks63
)
(/usr/local/texlive/2025/texmf-dist/tex/generic/pgfplots/liststructure/pgfplots
deque.code.tex)
(/usr/local/texlive/2025/texmf-dist/tex/generic/pgfplots/util/pgfplotsbinary.co
de.tex
(/usr/local/texlive/2025/texmf-dist/tex/generic/pgfplots/util/pgfplotsbinary.da
ta.code.tex))
(/usr/local/texlive/2025/texmf-dist/tex/generic/pgfplots/util/pgfplotsutil.verb
.code.tex)
(/usr/local/texlive/2025/texmf-dist/tex/generic/pgfplots/libs/pgflibrarypgfplot
s.surfshading.code.tex
\c@pgfplotslibrarysurf@no=\count410

(/usr/local/texlive/2025/texmf-dist/tex/generic/pgfplots/sys/pgflibrarypgfplots
.surfshading.pgfsys-pdftex.def)))
(/usr/local/texlive/2025/texmf-dist/tex/generic/pgfplots/util/pgfplotscolormap.
code.tex
(/usr/local/texlive/2025/texmf-dist/tex/generic/pgfplots/util/pgfplotscolor.cod
e.tex))
(/usr/local/texlive/2025/texmf-dist/tex/generic/pgfplots/pgfplotsstackedplots.c
ode.tex)
(/usr/local/texlive/2025/texmf-dist/tex/generic/pgfplots/pgfplotsplothandlers.c
ode.tex
(/usr/local/texlive/2025/texmf-dist/tex/generic/pgfplots/pgfplotsmeshplothandle
r.code.tex
(/usr/local/texlive/2025/texmf-dist/tex/generic/pgfplots/pgfplotsmeshplotimage.
code.tex)))
(/usr/local/texlive/2025/texmf-dist/tex/generic/pgfplots/pgfplots.scaling.code.
tex)
(/usr/local/texlive/2025/texmf-dist/tex/generic/pgfplots/pgfplotscoordprocessin
g.code.tex)
(/usr/local/texlive/2025/texmf-dist/tex/generic/pgfplots/pgfplots.errorbars.cod
e.tex)
(/usr/local/texlive/2025/texmf-dist/tex/generic/pgfplots/pgfplots.markers.code.
tex)
(/usr/local/texlive/2025/texmf-dist/tex/generic/pgfplots/pgfplotsticks.code.tex
)
(/usr/local/texlive/2025/texmf-dist/tex/generic/pgfplots/pgfplots.paths.code.te
x)
(/usr/local/texlive/2025/texmf-dist/tex/generic/pgf/frontendlayer/tikz/librarie
s/tikzlibrarydecorations.code.tex
(/usr/local/texlive/2025/texmf-dist/tex/generic/pgf/modules/pgfmoduledecoration
s.code.tex
\pgfdecoratedcompleteddistance=\dimen378
\pgfdecoratedremainingdistance=\dimen379
\pgfdecoratedinputsegmentcompleteddistance=\dimen380
\pgfdecoratedinputsegmentremainingdistance=\dimen381
\pgf@decorate@distancetomove=\dimen382
\pgf@decorate@repeatstate=\count411
\pgfdecorationsegmentamplitude=\dimen383
\pgfdecorationsegmentlength=\dimen384
)
\tikz@lib@dec@box=\box143
)
(/usr/local/texlive/2025/texmf-dist/tex/generic/pgf/frontendlayer/tikz/librarie
s/tikzlibrarydecorations.pathmorphing.code.tex
(/usr/local/texlive/2025/texmf-dist/tex/generic/pgf/libraries/decorations/pgfli
brarydecorations.pathmorphing.code.tex))
(/usr/local/texlive/2025/texmf-dist/tex/generic/pgf/frontendlayer/tikz/librarie
s/tikzlibrarydecorations.pathreplacing.code.tex
(/usr/local/texlive/2025/texmf-dist/tex/generic/pgf/libraries/decorations/pgfli
brarydecorations.pathreplacing.code.tex))
(/usr/local/texlive/2025/texmf-dist/tex/generic/pgfplots/libs/tikzlibrarypgfplo
ts.contourlua.code.tex)
\pgfplots@numplots=\count412
\pgfplots@xmin@reg=\dimen385
\pgfplots@xmax@reg=\dimen386
\pgfplots@ymin@reg=\dimen387
\pgfplots@ymax@reg=\dimen388
\pgfplots@zmin@reg=\dimen389
\pgfplots@zmax@reg=\dimen390
)
(/usr/local/texlive/2025/texmf-dist/tex/generic/pgf/frontendlayer/tikz/librarie
s/tikzlibraryplotmarks.code.tex
File: tikzlibraryplotmarks.code.tex 2023-01-15 v3.1.10 (3.1.10)

(/usr/local/texlive/2025/texmf-dist/tex/generic/pgf/libraries/pgflibraryplotmar
ks.code.tex
File: pgflibraryplotmarks.code.tex 2023-01-15 v3.1.10 (3.1.10)
)))
(/usr/local/texlive/2025/texmf-dist/tex/latex/movie15/movie15.sty
Package: movie15 2012/05/16

(/usr/local/texlive/2025/texmf-dist/tex/latex/oberdiek/ifdraft.sty
Package: ifdraft 2016/05/16 v1.4 Detect class options draft and final (HO)
)
(/usr/local/texlive/2025/texmf-dist/tex/latex/everyshi/everyshi.sty
Package: everyshi 2020/11/18 v4.00 EveryShipout Package
)
\@MXV@page=\count413
\@MXV@adict=\count414
\@MXV@aadict=\count415
\@MXV@includes=\count416
\@MXV@players=\count417
\@MXV@links=\count418
\@MXV@width=\dimen391
\@MXV@height=\dimen392
\@MXV@depth=\dimen393
\@MXV@totalheight=\dimen394
\@MXV@@boxdepth=\dimen395
\@MXV@traiselen=\dimen396
\@MXV@braiselen=\dimen397
\@MXV@start=\dimen398
\@MXV@end=\dimen399
\@MXV@textbox=\box144
)
(/usr/local/texlive/2025/texmf-dist/tex/latex/xpatch/xpatch.sty
Package: xpatch 2020/03/25 v0.3a Extending etoolbox patching commands
)
Package hyperref Info: Option `colorlinks' set `true' on input line 61.
Package hyperref Info: Option `colorlinks' set `true' on input line 63.

(/usr/local/texlive/2025/texmf-dist/tex/latex/microtype/microtype.sty
Package: microtype 2025/02/11 v3.2a Micro-typographical refinements (RS)
\MT@toks=\toks64
\MT@tempbox=\box145
\MT@count=\count419
LaTeX Info: Redefining \noprotrusionifhmode on input line 1087.
LaTeX Info: Redefining \leftprotrusion on input line 1088.
\MT@prot@toks=\toks65
LaTeX Info: Redefining \rightprotrusion on input line 1107.
LaTeX Info: Redefining \textls on input line 1449.
\MT@outer@kern=\dimen400
LaTeX Info: Redefining \microtypecontext on input line 2053.
LaTeX Info: Redefining \textmicrotypecontext on input line 2070.
\MT@listname@count=\count420

(/usr/local/texlive/2025/texmf-dist/tex/latex/microtype/microtype-pdftex.def
File: microtype-pdftex.def 2025/02/11 v3.2a Definitions specific to pdftex (RS)

LaTeX Info: Redefining \lsstyle on input line 944.
LaTeX Info: Redefining \lslig on input line 944.
\MT@outer@space=\skip119
)
Package microtype Info: Loading configuration file microtype.cfg.

(/usr/local/texlive/2025/texmf-dist/tex/latex/microtype/microtype.cfg
File: microtype.cfg 2025/02/11 v3.2a microtype main configuration file (RS)
)
LaTeX Info: Redefining \microtypesetup on input line 3065.
)
(/usr/local/texlive/2025/texmf-dist/tex/latex/lipsum/lipsum.sty
Package: lipsum 2021-09-20 v2.7 150 paragraphs of Lorem Ipsum dummy text
\g__lipsum_par_int=\count421
\l__lipsum_a_int=\count422
\l__lipsum_b_int=\count423

(/usr/local/texlive/2025/texmf-dist/tex/latex/lipsum/lipsum.ltd.tex))
(/usr/local/texlive/2025/texmf-dist/tex/latex/booktabs/booktabs.sty
Package: booktabs 2020/01/12 v1.61803398 Publication quality tables
\heavyrulewidth=\dimen401
\lightrulewidth=\dimen402
\cmidrulewidth=\dimen403
\belowrulesep=\dimen404
\belowbottomsep=\dimen405
\aboverulesep=\dimen406
\abovetopsep=\dimen407
\cmidrulesep=\dimen408
\cmidrulekern=\dimen409
\defaultaddspace=\dimen410
\@cmidla=\count424
\@cmidlb=\count425
\@aboverulesep=\dimen411
\@belowrulesep=\dimen412
\@thisruleclass=\count426
\@lastruleclass=\count427
\@thisrulewidth=\dimen413
)
(/usr/local/texlive/2025/texmf-dist/tex/latex/fancyvrb/fancyvrb.sty
Package: fancyvrb 2024/01/20 4.5c verbatim text (tvz,hv)
\FV@CodeLineNo=\count428
\FV@InFile=\read3
\FV@TabBox=\box146
\c@FancyVerbLine=\count429
\FV@StepNumber=\count430
\FV@OutFile=\write6
)
(/usr/local/texlive/2025/texmf-dist/tex/latex/tools/xspace.sty
Package: xspace 2014/10/28 v1.13 Space after command names (DPC,MH)
)
(/usr/local/texlive/2025/texmf-dist/tex/latex/units/units.sty
Package: units 1998/08/04 v0.9b Typesetting units

(/usr/local/texlive/2025/texmf-dist/tex/latex/units/nicefrac.sty
Package: nicefrac 1998/08/04 v0.9b Nice fractions
\L@UnitsRaiseDisplaystyle=\skip120
\L@UnitsRaiseTextstyle=\skip121
\L@UnitsRaiseScriptstyle=\skip122
))
(/usr/local/texlive/2025/texmf-dist/tex/latex/base/makeidx.sty
Package: makeidx 2021/10/04 v1.0m Standard LaTeX package
)
\@indexfile=\write7
\openout7 = `syllabus121.idx'.


Writing index file syllabus121.idx
(/usr/local/texlive/2025/texmf-dist/tex/latex/tcolorbox/tcolorbox.sty
Package: tcolorbox 2024/10/22 version 6.4.1 text color boxes

(/usr/local/texlive/2025/texmf-dist/tex/latex/tools/verbatim.sty
Package: verbatim 2024-01-22 v1.5x LaTeX2e package for verbatim enhancements
\every@verbatim=\toks66
\verbatim@line=\toks67
\verbatim@in@stream=\read4
)
(/usr/local/texlive/2025/texmf-dist/tex/latex/environ/environ.sty
Package: environ 2014/05/04 v0.3 A new way to define environments

(/usr/local/texlive/2025/texmf-dist/tex/latex/trimspaces/trimspaces.sty
Package: trimspaces 2009/09/17 v1.1 Trim spaces around a token list
))
\tcb@titlebox=\box147
\tcb@upperbox=\box148
\tcb@lowerbox=\box149
\tcb@phantombox=\box150
\c@tcbbreakpart=\count431
\c@tcblayer=\count432
\c@tcolorbox@number=\count433
\l__tcobox_tmpa_box=\box151
\l__tcobox_tmpa_dim=\dimen414
\tcb@temp=\box152
\tcb@temp=\box153
\tcb@temp=\box154
\tcb@temp=\box155

(/usr/local/texlive/2025/texmf-dist/tex/latex/tcolorbox/tcbraster.code.tex
Library (tcolorbox): 'tcbraster.code.tex' version '6.4.1'
\c@tcbrastercolumn=\count434
\c@tcbrasterrow=\count435
\c@tcbrasternum=\count436
\c@tcbraster=\count437
) (/usr/local/texlive/2025/texmf-dist/tex/latex/tcolorbox/tcbskins.code.tex
Library (tcolorbox): 'tcbskins.code.tex' version '6.4.1'
(/usr/local/texlive/2025/texmf-dist/tex/latex/tikzfill/tikzfill.image.sty
Package: tikzfill.image 2023/08/08 v1.0.1 Image filling library for TikZ

(/usr/local/texlive/2025/texmf-dist/tex/latex/tikzfill/tikzfill-common.sty
Package: tikzfill-common 2023/08/08 v1.0.1 Auxiliary code for tikzfill
)
(/usr/local/texlive/2025/texmf-dist/tex/latex/tikzfill/tikzlibraryfill.image.co
de.tex
File: tikzlibraryfill.image.code.tex 2023/08/08 v1.0.1 Image filling library
\l__tikzfill_img_box=\box156
))
(/usr/local/texlive/2025/texmf-dist/tex/latex/tcolorbox/tcbskinsjigsaw.code.tex
Library (tcolorbox): 'tcbskinsjigsaw.code.tex' version '6.4.1'
))
(/usr/local/texlive/2025/texmf-dist/tex/latex/tcolorbox/tcbbreakable.code.tex
Library (tcolorbox): 'tcbbreakable.code.tex' version '6.4.1'
(/usr/local/texlive/2025/texmf-dist/tex/latex/pdfcol/pdfcol.sty
Package: pdfcol 2022-09-21 v1.7 Handle new color stacks for pdfTeX (HO)
)
Package pdfcol Info: New color stack `tcb@breakable' = 1 on input line 23.
\tcb@testbox=\box157
\tcb@totalupperbox=\box158
\tcb@totallowerbox=\box159
)
(/usr/local/texlive/2025/texmf-dist/tex/latex/tcolorbox/tcbhooks.code.tex
Library (tcolorbox): 'tcbhooks.code.tex' version '6.4.1'
) (/usr/local/texlive/2025/texmf-dist/tex/latex/tcolorbox/tcbtheorems.code.tex
Library (tcolorbox): 'tcbtheorems.code.tex' version '6.4.1'
) (/usr/local/texlive/2025/texmf-dist/tex/latex/tcolorbox/tcbfitting.code.tex
Library (tcolorbox): 'tcbfitting.code.tex' version '6.4.1'
\tcbfitdim=\dimen415
\tcb@lowerfitdim=\dimen416
\tcb@upperfitdim=\dimen417
\tcb@cur@hbadness=\count438
)
(/usr/local/texlive/2025/texmf-dist/tex/latex/tcolorbox/tcblistingsutf8.code.te
x
Library (tcolorbox): 'tcblistingsutf8.code.tex' version '6.4.1'
(/usr/local/texlive/2025/texmf-dist/tex/latex/tcolorbox/tcblistings.code.tex
Library (tcolorbox): 'tcblistings.code.tex' version '6.4.1'
(/usr/local/texlive/2025/texmf-dist/tex/latex/listings/listings.sty
\lst@mode=\count439
\lst@gtempboxa=\box160
\lst@token=\toks68
\lst@length=\count440
\lst@currlwidth=\dimen418
\lst@column=\count441
\lst@pos=\count442
\lst@lostspace=\dimen419
\lst@width=\dimen420
\lst@newlines=\count443
\lst@lineno=\count444
\lst@maxwidth=\dimen421

(/usr/local/texlive/2025/texmf-dist/tex/latex/listings/lstpatch.sty
File: lstpatch.sty 2024/09/23 1.10c (Carsten Heinz)
)
(/usr/local/texlive/2025/texmf-dist/tex/latex/listings/lstmisc.sty
File: lstmisc.sty 2024/09/23 1.10c (Carsten Heinz)
\c@lstnumber=\count445
\lst@skipnumbers=\count446
\lst@framebox=\box161
)
(/usr/local/texlive/2025/texmf-dist/tex/latex/listings/listings.cfg
File: listings.cfg 2024/09/23 1.10c listings configuration
))
Package: listings 2024/09/23 1.10c (Carsten Heinz)

(/usr/local/texlive/2025/texmf-dist/tex/latex/tcolorbox/tcblistingscore.code.te
x
Library (tcolorbox): 'tcblistingscore.code.tex' version '6.4.1'
(/usr/local/texlive/2025/texmf-dist/tex/latex/tcolorbox/tcbprocessing.code.tex
Library (tcolorbox): 'tcbprocessing.code.tex' version '6.4.1'
)
\c@tcblisting=\count447
)) (/usr/local/texlive/2025/texmf-dist/tex/latex/listingsutf8/listingsutf8.sty
Package: listingsutf8 2019-12-10 v1.5 Allow UTF-8 in listings input (HO)
)) (/usr/local/texlive/2025/texmf-dist/tex/latex/tcolorbox/tcbexternal.code.tex
Library (tcolorbox): 'tcbexternal.code.tex' version '6.4.1'
) (/usr/local/texlive/2025/texmf-dist/tex/latex/tcolorbox/tcbmagazine.code.tex
Library (tcolorbox): 'tcbmagazine.code.tex' version '6.4.1'
) (/usr/local/texlive/2025/texmf-dist/tex/latex/tcolorbox/tcbvignette.code.tex
Library (tcolorbox): 'tcbvignette.code.tex' version '6.4.1'

(/usr/local/texlive/2025/texmf-dist/tex/generic/pgf/frontendlayer/tikz/librarie
s/tikzlibraryfadings.code.tex
File: tikzlibraryfadings.code.tex 2023-01-15 v3.1.10 (3.1.10)

(/usr/local/texlive/2025/texmf-dist/tex/generic/pgf/libraries/pgflibraryfadings
.code.tex
File: pgflibraryfadings.code.tex 2023-01-15 v3.1.10 (3.1.10)
)))
(/usr/local/texlive/2025/texmf-dist/tex/latex/tcolorbox/tcbposter.code.tex
Library (tcolorbox): 'tcbposter.code.tex' version '6.4.1'
))
\c@tcb@cnt@example=\count448
\c@tcb@cnt@problem=\count449
 (/usr/local/texlive/2025/texmf-dist/tex/latex/enumitem/enumitem.sty
Package: enumitem 2025/02/06 v3.11 Customized lists
\enitkv@toks@=\toks69
\labelindent=\skip123
\enit@outerparindent=\dimen422
\enit@toks=\toks70
\enit@inbox=\box162
\enit@count@id=\count450
\enitdp@description=\count451
)
(/usr/local/texlive/2025/texmf-dist/tex/latex/lettrine/lettrine.sty
File: lettrine.sty 2025-01-30 v2.80 (Daniel Flipo)

(/usr/local/texlive/2025/texmf-dist/tex/latex/l3packages/xfp/xfp.sty
Package: xfp 2024-08-16 L3 Floating point unit
)
\c@DefaultLines=\count452
\c@DefaultDepth=\count453
\DefaultFindent=\dimen423
\DefaultNindent=\dimen424
\DefaultSlope=\dimen425
\DiscardVskip=\dimen426
\L@lettrine=\box163
\L@lbox=\box164
\L@tbox=\box165
\c@L@lines=\count454
\c@L@depth=\count455
\L@Pindent=\dimen427
\L@Findent=\dimen428
\L@Nindent=\dimen429
\L@lraise=\dimen430
\L@first=\dimen431
\L@next=\dimen432
\L@slope=\dimen433
\L@height=\dimen434
\L@novskip=\dimen435
\L@target@ht=\dimen436
\L@target@dp=\dimen437
\L@target@tht=\dimen438
\LettrineWidth=\dimen439
\LettrineHeight=\dimen440
\LettrineDepth=\dimen441
\L@finalht=\dimen442
\L@finaldp=\dimen443

Loading lettrine.cfg
(/usr/local/texlive/2025/texmf-dist/tex/latex/lettrine/lettrine.cfg)
\Lettrine@tweaks=\toks71
\Llist@everypar=\toks72
)
(/usr/local/texlive/2025/texmf-dist/tex/latex/lm/lmodern.sty
Package: lmodern 2015/05/01 v1.6.1 Latin Modern Fonts
LaTeX Font Info:    Overwriting symbol font `operators' in version `normal'
(Font)                  OT1/pplx/m/n --> OT1/lmr/m/n on input line 22.
LaTeX Font Info:    Overwriting symbol font `letters' in version `normal'
(Font)                  OML/zplm/m/it --> OML/lmm/m/it on input line 23.
LaTeX Font Info:    Overwriting symbol font `symbols' in version `normal'
(Font)                  OMS/zplm/m/n --> OMS/lmsy/m/n on input line 24.
LaTeX Font Info:    Overwriting symbol font `largesymbols' in version `normal'
(Font)                  OMX/zplm/m/n --> OMX/lmex/m/n on input line 25.
LaTeX Font Info:    Overwriting symbol font `operators' in version `bold'
(Font)                  OT1/pplx/b/n --> OT1/lmr/bx/n on input line 26.
LaTeX Font Info:    Overwriting symbol font `letters' in version `bold'
(Font)                  OML/zplm/b/it --> OML/lmm/b/it on input line 27.
LaTeX Font Info:    Overwriting symbol font `symbols' in version `bold'
(Font)                  OMS/zplm/b/n --> OMS/lmsy/b/n on input line 28.
LaTeX Font Info:    Overwriting symbol font `largesymbols' in version `bold'
(Font)                  OMX/zplm/m/n --> OMX/lmex/m/n on input line 29.
LaTeX Font Info:    Overwriting math alphabet `\mathbf' in version `normal'
(Font)                  OT1/zplm/b/n --> OT1/lmr/bx/n on input line 31.
LaTeX Font Info:    Overwriting math alphabet `\mathsf' in version `normal'
(Font)                  OT1/cmss/m/n --> OT1/lmss/m/n on input line 32.
LaTeX Font Info:    Overwriting math alphabet `\mathit' in version `normal'
(Font)                  OT1/pplx/m/it --> OT1/lmr/m/it on input line 33.
LaTeX Font Info:    Overwriting math alphabet `\mathtt' in version `normal'
(Font)                  OT1/cmtt/m/n --> OT1/lmtt/m/n on input line 34.
LaTeX Font Info:    Overwriting math alphabet `\mathbf' in version `bold'
(Font)                  OT1/zplm/b/n --> OT1/lmr/bx/n on input line 35.
LaTeX Font Info:    Overwriting math alphabet `\mathsf' in version `bold'
(Font)                  OT1/cmss/bx/n --> OT1/lmss/bx/n on input line 36.
LaTeX Font Info:    Overwriting math alphabet `\mathit' in version `bold'
(Font)                  OT1/pplx/b/it --> OT1/lmr/bx/it on input line 37.
LaTeX Font Info:    Overwriting math alphabet `\mathtt' in version `bold'
(Font)                  OT1/cmtt/m/n --> OT1/lmtt/m/n on input line 38.
)
(/usr/local/texlive/2025/texmf-dist/tex/latex/mdframed/mdframed.sty
Package: mdframed 2013/07/01 1.9b: mdframed

(/usr/local/texlive/2025/texmf-dist/tex/latex/zref/zref-abspage.sty
Package: zref-abspage 2023-09-14 v2.35 Module abspage for zref (HO)

(/usr/local/texlive/2025/texmf-dist/tex/latex/zref/zref-base.sty
Package: zref-base 2023-09-14 v2.35 Module base for zref (HO)

(/usr/local/texlive/2025/texmf-dist/tex/latex/auxhook/auxhook.sty
Package: auxhook 2019-12-17 v1.6 Hooks for auxiliary files (HO)
)
Package zref Info: New property list: main on input line 767.
Package zref Info: New property: default on input line 768.
Package zref Info: New property: page on input line 769.
)
\c@abspage=\count456
Package zref Info: New property: abspage on input line 67.
)
(/usr/local/texlive/2025/texmf-dist/tex/latex/needspace/needspace.sty
Package: needspace 2010/09/12 v1.3d reserve vertical space
)
\mdf@templength=\skip124
\c@mdf@globalstyle@cnt=\count457
\mdf@skipabove@length=\skip125
\mdf@skipbelow@length=\skip126
\mdf@leftmargin@length=\skip127
\mdf@rightmargin@length=\skip128
\mdf@innerleftmargin@length=\skip129
\mdf@innerrightmargin@length=\skip130
\mdf@innertopmargin@length=\skip131
\mdf@innerbottommargin@length=\skip132
\mdf@splittopskip@length=\skip133
\mdf@splitbottomskip@length=\skip134
\mdf@outermargin@length=\skip135
\mdf@innermargin@length=\skip136
\mdf@linewidth@length=\skip137
\mdf@innerlinewidth@length=\skip138
\mdf@middlelinewidth@length=\skip139
\mdf@outerlinewidth@length=\skip140
\mdf@roundcorner@length=\skip141
\mdf@footenotedistance@length=\skip142
\mdf@userdefinedwidth@length=\skip143
\mdf@needspace@length=\skip144
\mdf@frametitleaboveskip@length=\skip145
\mdf@frametitlebelowskip@length=\skip146
\mdf@frametitlerulewidth@length=\skip147
\mdf@frametitleleftmargin@length=\skip148
\mdf@frametitlerightmargin@length=\skip149
\mdf@shadowsize@length=\skip150
\mdf@extratopheight@length=\skip151
\mdf@subtitleabovelinewidth@length=\skip152
\mdf@subtitlebelowlinewidth@length=\skip153
\mdf@subtitleaboveskip@length=\skip154
\mdf@subtitlebelowskip@length=\skip155
\mdf@subtitleinneraboveskip@length=\skip156
\mdf@subtitleinnerbelowskip@length=\skip157
\mdf@subsubtitleabovelinewidth@length=\skip158
\mdf@subsubtitlebelowlinewidth@length=\skip159
\mdf@subsubtitleaboveskip@length=\skip160
\mdf@subsubtitlebelowskip@length=\skip161
\mdf@subsubtitleinneraboveskip@length=\skip162
\mdf@subsubtitleinnerbelowskip@length=\skip163

(/usr/local/texlive/2025/texmf-dist/tex/latex/mdframed/md-frame-1.mdf
File: md-frame-1.mdf 2013/07/01\ 1.9b: md-frame-1
)
\mdf@frametitlebox=\box166
\mdf@footnotebox=\box167
\mdf@splitbox@one=\box168
\mdf@splitbox@two=\box169
\mdf@splitbox@save=\box170
\mdfsplitboxwidth=\skip164
\mdfsplitboxtotalwidth=\skip165
\mdfsplitboxheight=\skip166
\mdfsplitboxdepth=\skip167
\mdfsplitboxtotalheight=\skip168
\mdfframetitleboxwidth=\skip169
\mdfframetitleboxtotalwidth=\skip170
\mdfframetitleboxheight=\skip171
\mdfframetitleboxdepth=\skip172
\mdfframetitleboxtotalheight=\skip173
\mdffootnoteboxwidth=\skip174
\mdffootnoteboxtotalwidth=\skip175
\mdffootnoteboxheight=\skip176
\mdffootnoteboxdepth=\skip177
\mdffootnoteboxtotalheight=\skip178
\mdftotallinewidth=\skip179
\mdfboundingboxwidth=\skip180
\mdfboundingboxtotalwidth=\skip181
\mdfboundingboxheight=\skip182
\mdfboundingboxdepth=\skip183
\mdfboundingboxtotalheight=\skip184
\mdf@freevspace@length=\skip185
\mdf@horizontalwidthofbox@length=\skip186
\mdf@verticalmarginwhole@length=\skip187
\mdf@horizontalspaceofbox=\skip188
\mdfsubtitleheight=\skip189
\mdfsubsubtitleheight=\skip190
\c@mdfcountframes=\count458

****** mdframed patching \endmdf@trivlist

****** -- success******

\mdf@envdepth=\count459
\c@mdf@env@i=\count460
\c@mdf@env@ii=\count461
\c@mdf@zref@counter=\count462
Package zref Info: New property: mdf@pagevalue on input line 895.
)
(/usr/local/texlive/2025/texmf-dist/tex/latex/blindtext/blindtext.sty
Package: blindtext 2012/01/06 V2.0 blindtext-Package
\c@blindtext=\count463
\c@Blindtext=\count464
\c@blind@countparstart=\count465
\blind@countxx=\count466
\blindtext@numBlindtext=\count467
\blind@countyy=\count468
\c@blindlist=\count469
\c@blindlistlevel=\count470
\c@blindlist@level=\count471
\blind@listitem=\count472
\c@blind@listcount=\count473
\c@blind@levelcount=\count474
\blind@mathformula=\count475
\blind@Mathformula=\count476
\c@blind@randomcount=\count477
\c@blind@randommax=\count478
\c@blind@pangramcount=\count479
\c@blind@pangrammax=\count480
)
(/usr/local/texlive/2025/texmf-dist/tex/latex/amsfonts/amssymb.sty
Package: amssymb 2013/01/14 v3.01 AMS font symbols

(/usr/local/texlive/2025/texmf-dist/tex/latex/amsfonts/amsfonts.sty
Package: amsfonts 2013/01/14 v3.01 Basic AMSFonts support
\symAMSa=\mathgroup5
\symAMSb=\mathgroup6
LaTeX Font Info:    Redeclaring math symbol \hbar on input line 98.
LaTeX Font Info:    Overwriting math alphabet `\mathfrak' in version `bold'
(Font)                  U/euf/m/n --> U/euf/b/n on input line 106.
))
(/usr/local/texlive/2025/texmf-dist/tex/latex/preprint/balance.sty
Package: balance 1999/02/23 4.3 (PWD)
\oldvsize=\dimen444
)
(/usr/local/texlive/2025/texmf-dist/tex/latex/cancel/cancel.sty
Package: cancel 2013/04/12 v2.2 Cancel math terms
)
(/usr/local/texlive/2025/texmf-dist/tex/latex/colortbl/colortbl.sty
Package: colortbl 2024/07/06 v1.0i Color table columns (DPC)
\everycr=\toks73
\minrowclearance=\skip191
\rownum=\count481
)
(/usr/local/texlive/2025/texmf-dist/tex/latex/import/import.sty
Package: import 2020/04/01  v 6.2
)
(/usr/local/texlive/2025/texmf-dist/tex/latex/subfiles/subfiles.sty
Package: subfiles 2020/11/14 v2.2 Multi-file projects (package)
)
\yellownotewidth=\skip192
\yellownoteheight=\skip193

(/usr/local/texlive/2025/texmf-dist/tex/latex/base/fontenc.sty
Package: fontenc 2021/04/29 v2.0v Standard LaTeX package
LaTeX Font Info:    Trying to load font information for T1+lmr on input line 11
6.

(/usr/local/texlive/2025/texmf-dist/tex/latex/lm/t1lmr.fd
File: t1lmr.fd 2015/05/01 v1.6.1 Font defs for Latin Modern
))
(/usr/local/texlive/2025/texmf-dist/tex/latex/base/inputenc.sty
Package: inputenc 2024/02/08 v1.3d Input encoding file
\inpenc@prehook=\toks74
\inpenc@posthook=\toks75
)
(/usr/local/texlive/2025/texmf-dist/tex/generic/pgf/frontendlayer/tikz/librarie
s/tikzlibraryshadows.code.tex
File: tikzlibraryshadows.code.tex 2023-01-15 v3.1.10 (3.1.10)
)
(/usr/local/texlive/2025/texmf-dist/tex/latex/tocloft/tocloft.sty
Package: tocloft 2017/08/31 v2.3i parameterised ToC, etc., typesetting
Package tocloft Info: The document has chapter divisions on input line 51.
\cftparskip=\skip194
\cftbeforetoctitleskip=\skip195
\cftaftertoctitleskip=\skip196
\cftbeforepartskip=\skip197
\cftpartnumwidth=\skip198
\cftpartindent=\skip199
\cftbeforechapskip=\skip256
\cftchapindent=\skip257
\cftchapnumwidth=\skip258
\cftbeforesecskip=\skip259
\cftsecindent=\skip260
\cftsecnumwidth=\skip261
\cftbeforesubsecskip=\skip262
\cftsubsecindent=\skip263
\cftsubsecnumwidth=\skip264
\cftbeforesubsubsecskip=\skip265
\cftsubsubsecindent=\skip266
\cftsubsubsecnumwidth=\skip267
\cftbeforeparaskip=\skip268
\cftparaindent=\skip269
\cftparanumwidth=\skip270
\cftbeforesubparaskip=\skip271
\cftsubparaindent=\skip272
\cftsubparanumwidth=\skip273
\cftbeforeloftitleskip=\skip274
\cftafterloftitleskip=\skip275
\cftbeforefigskip=\skip276
\cftfigindent=\skip277
\cftfignumwidth=\skip278
\c@lofdepth=\count482
\c@lotdepth=\count483
\cftbeforelottitleskip=\skip279
\cftafterlottitleskip=\skip280
\cftbeforetabskip=\skip281
\cfttabindent=\skip282
\cfttabnumwidth=\skip283
)
(/usr/local/texlive/2025/texmf-dist/tex/latex/pgfornament/pgfornament.sty
(/usr/local/texlive/2025/texmf-dist/tex/latex/pgfopts/pgfopts.sty
Package: pgfopts 2014/07/10 v2.1a LaTeX package options with pgfkeys
\pgfopts@list@add@a@toks=\toks76
\pgfopts@list@add@b@toks=\toks77
)
Package: pgfornament 2024/08/14 v1.3 vector ornaments

(/usr/local/texlive/2025/texmf-dist/tex/latex/pgfornament/pgflibraryvectorian.c
ode.tex
2020/04/06 1.1 pgflibraryvectorian.code.tex
))
(/usr/local/texlive/2025/texmf-dist/tex/generic/pgf/frontendlayer/tikz/librarie
s/tikzlibraryshapes.code.tex
File: tikzlibraryshapes.code.tex 2023-01-15 v3.1.10 (3.1.10)

(/usr/local/texlive/2025/texmf-dist/tex/generic/pgf/frontendlayer/tikz/librarie
s/tikzlibraryshapes.geometric.code.tex
File: tikzlibraryshapes.geometric.code.tex 2023-01-15 v3.1.10 (3.1.10)

(/usr/local/texlive/2025/texmf-dist/tex/generic/pgf/libraries/shapes/pgflibrary
shapes.geometric.code.tex
File: pgflibraryshapes.geometric.code.tex 2023-01-15 v3.1.10 (3.1.10)
))
(/usr/local/texlive/2025/texmf-dist/tex/generic/pgf/frontendlayer/tikz/librarie
s/tikzlibraryshapes.misc.code.tex
File: tikzlibraryshapes.misc.code.tex 2023-01-15 v3.1.10 (3.1.10)

(/usr/local/texlive/2025/texmf-dist/tex/generic/pgf/libraries/shapes/pgflibrary
shapes.misc.code.tex
File: pgflibraryshapes.misc.code.tex 2023-01-15 v3.1.10 (3.1.10)
))
(/usr/local/texlive/2025/texmf-dist/tex/generic/pgf/frontendlayer/tikz/librarie
s/tikzlibraryshapes.symbols.code.tex
File: tikzlibraryshapes.symbols.code.tex 2023-01-15 v3.1.10 (3.1.10)

(/usr/local/texlive/2025/texmf-dist/tex/generic/pgf/libraries/shapes/pgflibrary
shapes.symbols.code.tex
File: pgflibraryshapes.symbols.code.tex 2023-01-15 v3.1.10 (3.1.10)
))
(/usr/local/texlive/2025/texmf-dist/tex/generic/pgf/frontendlayer/tikz/librarie
s/tikzlibraryshapes.arrows.code.tex
File: tikzlibraryshapes.arrows.code.tex 2023-01-15 v3.1.10 (3.1.10)

(/usr/local/texlive/2025/texmf-dist/tex/generic/pgf/libraries/shapes/pgflibrary
shapes.arrows.code.tex
File: pgflibraryshapes.arrows.code.tex 2023-01-15 v3.1.10 (3.1.10)
))
(/usr/local/texlive/2025/texmf-dist/tex/generic/pgf/frontendlayer/tikz/librarie
s/tikzlibraryshapes.callouts.code.tex
(/usr/local/texlive/2025/texmf-dist/tex/generic/pgf/libraries/shapes/pgflibrary
shapes.callouts.code.tex))
(/usr/local/texlive/2025/texmf-dist/tex/generic/pgf/frontendlayer/tikz/librarie
s/tikzlibraryshapes.multipart.code.tex
File: tikzlibraryshapes.multipart.code.tex 2023-01-15 v3.1.10 (3.1.10)

(/usr/local/texlive/2025/texmf-dist/tex/generic/pgf/libraries/shapes/pgflibrary
shapes.multipart.code.tex
File: pgflibraryshapes.multipart.code.tex 2023-01-15 v3.1.10 (3.1.10)
\pgfnodepartlowerbox=\box171
\pgfnodeparttwobox=\box172
\pgfnodepartthreebox=\box173
\pgfnodepartfourbox=\box174
\pgfnodeparttwentybox=\box175
\pgfnodepartnineteenbox=\box176
\pgfnodeparteighteenbox=\box177
\pgfnodepartseventeenbox=\box178
\pgfnodepartsixteenbox=\box179
\pgfnodepartfifteenbox=\box180
\pgfnodepartfourteenbox=\box181
\pgfnodepartthirteenbox=\box182
\pgfnodeparttwelvebox=\box183
\pgfnodepartelevenbox=\box184
\pgfnodeparttenbox=\box185
\pgfnodepartninebox=\box186
\pgfnodeparteightbox=\box187
\pgfnodepartsevenbox=\box188
\pgfnodepartsixbox=\box189
\pgfnodepartfivebox=\box190
)))
(/usr/local/texlive/2025/texmf-dist/tex/latex/framed/framed.sty
Package: framed 2011/10/22 v 0.96: framed or shaded text with page breaks
\OuterFrameSep=\skip284
\fb@frw=\dimen445
\fb@frh=\dimen446
\FrameRule=\dimen447
\FrameSep=\dimen448
)
(/usr/local/texlive/2025/texmf-dist/tex/latex/base/fontenc.sty
Package: fontenc 2021/04/29 v2.0v Standard LaTeX package
)
(/usr/local/texlive/2025/texmf-dist/tex/latex/libertine/libertine.sty
Package: libertine 2024/04/23 (Bob Tennent) Supports Libertine and Biolinum fon
ts for all LaTeX engines.

(/usr/local/texlive/2025/texmf-dist/tex/latex/base/fontenc.sty
Package: fontenc 2021/04/29 v2.0v Standard LaTeX package
)
(/usr/local/texlive/2025/texmf-dist/tex/latex/fontaxes/fontaxes.sty
Package: fontaxes 2020/07/21 v1.0e Font selection axes
LaTeX Info: Redefining \upshape on input line 29.
LaTeX Info: Redefining \itshape on input line 31.
LaTeX Info: Redefining \slshape on input line 33.
LaTeX Info: Redefining \swshape on input line 35.
LaTeX Info: Redefining \scshape on input line 37.
LaTeX Info: Redefining \sscshape on input line 39.
LaTeX Info: Redefining \ulcshape on input line 41.
LaTeX Info: Redefining \textsw on input line 47.
LaTeX Info: Redefining \textssc on input line 48.
LaTeX Info: Redefining \textulc on input line 49.
)
LaTeX Info: Redefining \oldstylenums on input line 485.

(/usr/local/texlive/2025/texmf-dist/tex/latex/libertine/LinLibertine_I.tex))
(/usr/local/texlive/2025/texmf-dist/tex/latex/mwe/mwe.sty
Package: mwe 2018/03/30 v0.5 Package to support minimal working examples (MWE)
)
\fullwidthlength=\skip285

(/usr/local/texlive/2025/texmf-dist/tex/latex/mathtools/mathtools.sty
Package: mathtools 2024/10/04 v1.31 mathematical typesetting tools

(/usr/local/texlive/2025/texmf-dist/tex/latex/mathtools/mhsetup.sty
Package: mhsetup 2021/03/18 v1.4 programming setup (MH)
)
\g_MT_multlinerow_int=\count484
\l_MT_multwidth_dim=\dimen449
\origjot=\skip286
\l_MT_shortvdotswithinadjustabove_dim=\dimen450
\l_MT_shortvdotswithinadjustbelow_dim=\dimen451
\l_MT_above_intertext_sep=\dimen452
\l_MT_below_intertext_sep=\dimen453
\l_MT_above_shortintertext_sep=\dimen454
\l_MT_below_shortintertext_sep=\dimen455
\xmathstrut@box=\box191
\xmathstrut@dim=\dimen456
)
(/usr/local/texlive/2025/texmf-dist/tex/latex/mathtools/empheq.sty
Package: empheq 2024/08/09 v2.17 Emphasizing equations
\l_EQ_equationtype_int=\count485
\l_EQ_alignmentmode_int=\count486
\l_EQ_totalwidth_dim=\dimen457
\l_EQ_displaywidth_dim=\dimen458
\l_EQ_temp_linewidth_dim=\dimen459
\l_EQ_linewidth_dim=\dimen460
\EmphEqdelimitershortfall=\dimen461
\EmphEqdelimiterfactor=\count487
\g_EQ_toptag_height_dim=\dimen462
\g_EQ_bottomtag_depth_dim=\dimen463
\g_EQ_toprow_height_dim=\dimen464
\g_EQ_bottomrow_depth_dim=\dimen465
\g_EQ_widesttag_dim=\dimen466
\EQ_mathdisplay_box=\box192
\EQ_tag_box=\box193
\g_EQ_temprow_int=\count488
)
(/usr/local/texlive/2025/texmf-dist/tex/latex/hf-tikz/hf-tikz.sty
Package: hf-tikz 2014/07/25 v0.3a A simple way to highlight formulas and formul
a parts.

(/usr/local/texlive/2025/texmf-dist/tex/generic/pgf/frontendlayer/tikz/librarie
s/tikzlibraryshadings.code.tex
File: tikzlibraryshadings.code.tex 2023-01-15 v3.1.10 (3.1.10)

(/usr/local/texlive/2025/texmf-dist/tex/generic/pgf/libraries/pgflibraryshading
s.code.tex
File: pgflibraryshadings.code.tex 2023-01-15 v3.1.10 (3.1.10)
))
(/usr/local/texlive/2025/texmf-dist/tex/generic/pgf/frontendlayer/tikz/librarie
s/tikzlibrarydecorations.markings.code.tex
(/usr/local/texlive/2025/texmf-dist/tex/generic/pgf/libraries/decorations/pgfli
brarydecorations.markings.code.tex)))
(/usr/local/texlive/2025/texmf-dist/tex/generic/pgf/frontendlayer/tikz/librarie
s/tikzlibrarypositioning.code.tex
File: tikzlibrarypositioning.code.tex 2023-01-15 v3.1.10 (3.1.10)
)

Package xcolor Warning: Package option `usenames' is obsolete and ignored on in
put line 706.

(/usr/local/texlive/2025/texmf-dist/tex/latex/tools/tabularx.sty
Package: tabularx 2023/12/11 v2.12a `tabularx' package (DPC)
\TX@col@width=\dimen467
\TX@old@table=\dimen468
\TX@old@col=\dimen469
\TX@target=\dimen470
\TX@delta=\dimen471
\TX@cols=\count489
\TX@ftn=\toks78
)
(/usr/local/texlive/2025/texmf-dist/tex/latex/psnfss/times.sty
Package: times 2020/03/25 PSNFSS-v9.3 (SPQR) 
)
\MBox=\box194
\pgf@layerbox@shadow=\box195
\pgf@layerboxsaved@shadow=\box196
\mybox=\box197
\mylen=\skip287


Package array Warning: Column Y is already defined on input line 830.

(/usr/local/texlive/2025/texmf-dist/tex/latex/tools/dcolumn.sty
Package: dcolumn 2023/07/08 v1.06 decimal alignment package (DPC)
)
(/usr/local/texlive/2025/texmf-dist/tex/latex/fancybox/fancybox.sty
Package: fancybox 2010/05/15 1.4

Style option: `fancybox' v1.4 <2010/05/15> (tvz)
\@fancybox=\box198
\shadowsize=\dimen472
\@Sbox=\box199
\do@VerbBox=\toks79
\the@fancyput=\toks80
\this@fancyput=\toks81
\EndVerbatimTokens=\toks82
\Verbatim@Outfile=\write8
\Verbatim@Infile=\read5
)
\enitdp@where=\count490
 (/usr/local/texlive/2025/texmf-dist/tex/latex/smartdiagram/smartdiagram.sty
Package: smartdiagram 2016/12/23 v0.3b Automatic creation of smart diagrams fro
m lists of items.

(/usr/local/texlive/2025/texmf-dist/tex/generic/xstring/xstring.sty
(/usr/local/texlive/2025/texmf-dist/tex/generic/xstring/xstring.tex
\xs_counta=\count491
\xs_countb=\count492
)
Package: xstring 2023/08/22 v1.86 String manipulations (CT)
)
(/usr/local/texlive/2025/texmf-dist/tex/generic/pgf/frontendlayer/tikz/librarie
s/tikzlibrarybackgrounds.code.tex
File: tikzlibrarybackgrounds.code.tex 2023-01-15 v3.1.10 (3.1.10)
\pgf@layerbox@background=\box256
\pgf@layerboxsaved@background=\box257
)
\pgf@layerbox@smart diagram arrow back=\box258
\pgf@layerboxsaved@smart diagram arrow back=\box259

(/usr/local/texlive/2025/texmf-dist/tex/latex/smartdiagram/smartdiagramlibraryc
ore.definitions.code.tex)
(/usr/local/texlive/2025/texmf-dist/tex/latex/smartdiagram/smartdiagramlibraryc
ore.styles.code.tex)
(/usr/local/texlive/2025/texmf-dist/tex/latex/smartdiagram/smartdiagramlibraryc
ore.commands.code.tex))
(/usr/local/texlive/2025/texmf-dist/tex/latex/paratype/PTSansNarrow.sty
Package: PTSansNarrow 2011/02/09 Style file for PTSansNarrow.
)
(/usr/local/texlive/2025/texmf-dist/tex/latex/base/fontenc.sty
Package: fontenc 2021/04/29 v2.0v Standard LaTeX package
LaTeX Font Info:    Trying to load font information for T1+ptm on input line 11
6.

(/usr/local/texlive/2025/texmf-dist/tex/latex/psnfss/t1ptm.fd
File: t1ptm.fd 2001/06/04 font definitions for T1/ptm.
))
(/usr/local/texlive/2025/texmf-dist/tex/generic/pgf/frontendlayer/tikz/librarie
s/tikzlibrarymatrix.code.tex
File: tikzlibrarymatrix.code.tex 2023-01-15 v3.1.10 (3.1.10)
)
(/usr/local/texlive/2025/texmf-dist/tex/latex/graphics/rotating.sty
Package: rotating 2016/08/11 v2.16d rotated objects in LaTeX
\c@r@tfl@t=\count493
\rotFPtop=\skip288
\rotFPbot=\skip289
\rot@float@box=\box260
\rot@mess@toks=\toks83
)
\c@saveenumerate=\count494
\c@figurenewcounter=\count495
\c@tablenewcounter=\count496
\c@formulanewcounter=\count497
\c@tcb@cnt@summary=\count498

(/usr/local/texlive/2025/texmf-dist/tex/latex/ifsym/ifsym.sty
Package: ifsym 2000/04/18 I.Kloeckl
\c@ifsymcnt=\count499
)
(/usr/local/texlive/texmf-local/tex/latex/carbohydrates/carbohydrates.sty
Package: carbohydrates 2015/12/01 v0.1 carbohydrate molecules with chemfig (CN)

)
(/usr/local/texlive/2025/texmf-dist/tex/latex/everypage/everypage.sty
Package: everypage 2020/10/17 R2.0b Hooks to run on every page


Package everypage Warning: Functionality similar to this package has recently
(everypage)                been implemented in LaTeX. This package is now in
(everypage)                legacy status.
(everypage)                Please, don't use it in new documents and packages.


Package everypage Warning: You appear to be running a version of LaTeX
(everypage)                providing the new functionality.
(everypage)                Doing the best to deliver the original `everypage`
(everypage)                interface on top of it. Strict equivalence is
(everypage)                not possible, breakage may occur.
(everypage)                If truly needed, Use `everypage-1x` to force the
(everypage)                loading of an older code base.

) (/usr/local/texlive/2025/texmf-dist/tex/latex/koma-script/scrlayer.sty
Package: scrlayer 2024/10/24 v3.43 KOMA-Script package (defining layers and pag
e styles)

(/usr/local/texlive/2025/texmf-dist/tex/latex/koma-script/scrkbase.sty
Package: scrkbase 2024/10/24 v3.43 KOMA-Script package (KOMA-Script-dependent b
asics and keyval usage)

(/usr/local/texlive/2025/texmf-dist/tex/latex/koma-script/scrbase.sty
Package: scrbase 2024/10/24 v3.43 KOMA-Script package (KOMA-Script-independent 
basics and keyval usage)

(/usr/local/texlive/2025/texmf-dist/tex/latex/koma-script/scrlfile.sty
Package: scrlfile 2024/10/24 v3.43 KOMA-Script package (file load hooks)

(/usr/local/texlive/2025/texmf-dist/tex/latex/koma-script/scrlfile-hook.sty
Package: scrlfile-hook 2024/10/24 v3.43 KOMA-Script package (using LaTeX hooks)


(/usr/local/texlive/2025/texmf-dist/tex/latex/koma-script/scrlogo.sty
Package: scrlogo 2024/10/24 v3.43 KOMA-Script package (logo)
)))
Applying: [2021/05/01] Usage of raw or classic option list on input line 254.
Already applied: [0000/00/00] Usage of raw or classic option list on input line
 370.
))
\footheight=\skip290
Package scrlayer Info: patching LaTeX kernel macro \pagestyle on input line 218
2.
)
(/usr/local/texlive/2025/texmf-dist/tex/latex/makecell/makecell.sty
Package: makecell 2009/08/03 V0.1e Managing of Tab Column Heads and Cells
\rotheadsize=\dimen473
\c@nlinenum=\count500
\TeXr@lab=\toks84
)
\c@stepsi=\count501
\enitdp@steps=\count502
\tempfile=\write9

(/usr/local/texlive/2025/texmf-dist/tex/latex/multirow/multirow.sty
Package: multirow 2024/11/12 v2.9 Span multiple rows of a table
\multirow@colwidth=\skip291
\multirow@cntb=\count503
\multirow@dima=\skip292
\bigstrutjot=\dimen474
)
(/usr/local/texlive/2025/texmf-dist/tex/latex/caption/caption.sty
Package: caption 2023/08/05 v3.6o Customizing captions (AR)

(/usr/local/texlive/2025/texmf-dist/tex/latex/caption/caption3.sty
Package: caption3 2023/07/31 v2.4d caption3 kernel (AR)
\caption@tempdima=\dimen475
\captionmargin=\dimen476
\caption@leftmargin=\dimen477
\caption@rightmargin=\dimen478
\caption@width=\dimen479
\caption@indent=\dimen480
\caption@parindent=\dimen481
\caption@hangindent=\dimen482
Package caption Info: Standard document class detected.
)
\c@caption@flags=\count504
\c@continuedfloat=\count505
Package caption Info: changepage package is loaded.
\caption@adjustwidth@hsize=\dimen483
\caption@adjustwidth@linewidth=\dimen484
Package caption Info: hyperref package is loaded.
Package caption Info: listings package is loaded.
Package caption Info: rotating package is loaded.
Package caption Info: wrapfig package is loaded.
)
(/usr/local/texlive/2025/texmf-dist/tex/latex/float/float.sty
Package: float 2001/11/08 v1.3d Float enhancements (AL)
\c@float@type=\count506
\float@exts=\toks85
\float@box=\box261
\@float@everytoks=\toks86
\@floatcapt=\box262
)
(/usr/local/texlive/2025/texmf-dist/tex/latex/floatflt/floatflt.sty
Package: floatflt 1997/07/16 v. 1.31
\c@OptionTest=\count507
\figbox=\box263
\tabbox=\box264
\pagebox=\box265
\ffigcount=\count508
\ftabcount=\count509
\fftest=\count510
\hangcount=\count511
\nosuccesstryfig=\count512
\nosuccesstrytab=\count513
\figgutter=\dimen485
\tabgutter=\dimen486
\htdone=\dimen487
\pageht=\dimen488
\startpageht=\dimen489
\tabbredd=\dimen490
\floatfltwidth=\dimen491
\fltitemwidth=\dimen492
\outputpretest=\toks87
)
(/usr/local/texlive/2025/texmf-dist/tex/generic/pgf/frontendlayer/tikz/librarie
s/tikzlibrarypatterns.code.tex
File: tikzlibrarypatterns.code.tex 2023-01-15 v3.1.10 (3.1.10)

(/usr/local/texlive/2025/texmf-dist/tex/generic/pgf/libraries/pgflibrarypattern
s.code.tex
File: pgflibrarypatterns.code.tex 2023-01-15 v3.1.10 (3.1.10)
))
(/usr/local/texlive/2025/texmf-dist/tex/generic/pgf/frontendlayer/tikz/librarie
s/tikzlibraryfit.code.tex
File: tikzlibraryfit.code.tex 2023-01-15 v3.1.10 (3.1.10)
)
\pgf@layerbox@backbackground=\box266
\pgf@layerboxsaved@backbackground=\box267


Package mdframed Warning: Environment example already exits
(mdframed)                 on input line 1444.

(/usr/local/texlive/2025/texmf-dist/tex/latex/tools/longtable.sty
Package: longtable 2024-10-27 v4.22 Multi-page Table package (DPC)
\LTleft=\skip293
\LTright=\skip294
\LTpre=\skip295
\LTpost=\skip296
\LTchunksize=\count514
\LTcapwidth=\dimen493
\LT@head=\box268
\LT@firsthead=\box269
\LT@foot=\box270
\LT@lastfoot=\box271
\LT@gbox=\box272
\LT@cols=\count515
\LT@rows=\count516
\c@LT@tables=\count517
\c@LT@chunks=\count518
\LT@p@ftn=\toks88
)
\tablebox=\box273

(/usr/local/texlive/2025/texmf-dist/tex/latex/adjustbox/adjustbox.sty
Package: adjustbox 2025/02/26 v1.3c Adjusting TeX boxes (trim, clip, ...)

(/usr/local/texlive/2025/texmf-dist/tex/latex/adjustbox/adjcalc.sty
Package: adjcalc 2012/05/16 v1.1 Provides advanced setlength with multiple back
-ends (calc, etex, pgfmath)
)
(/usr/local/texlive/2025/texmf-dist/tex/latex/adjustbox/trimclip.sty
Package: trimclip 2025/02/21 v1.2a Trim and clip general TeX material

(/usr/local/texlive/2025/texmf-dist/tex/latex/collectbox/collectbox.sty
Package: collectbox 2022/10/17 v0.4c Collect macro arguments as boxes
\collectedbox=\box274
)
\tc@llx=\dimen494
\tc@lly=\dimen495
\tc@urx=\dimen496
\tc@ury=\dimen497
Package trimclip Info: Using driver 'tc-pdftex.def'.

(/usr/local/texlive/2025/texmf-dist/tex/latex/adjustbox/tc-pdftex.def
File: tc-pdftex.def 2025/02/26 v2.3 Clipping driver for pdftex
))
\adjbox@Width=\dimen498
\adjbox@Height=\dimen499
\adjbox@Depth=\dimen500
\adjbox@Totalheight=\dimen501
\adjbox@pwidth=\dimen502
\adjbox@pheight=\dimen503
\adjbox@pdepth=\dimen504
\adjbox@ptotalheight=\dimen505

(/usr/local/texlive/2025/texmf-dist/tex/latex/ifoddpage/ifoddpage.sty
Package: ifoddpage 2022/10/18 v1.2 Conditionals for odd/even page detection
\c@checkoddpage=\count519
LaTeX Info: Redefining \checkoddpage on input line 45.
))
(/usr/local/texlive/2025/texmf-dist/tex/latex/siunitx/siunitx.sty
Rollback for package 'siunitx' requested -> version 'v2'.
         This corresponds to the release introduced on 2010-05-23.

(/usr/local/texlive/2025/texmf-dist/tex/latex/siunitx/siunitx-v2.sty
Package: siunitx 2021-04-17 v2.8e A comprehensive (SI) units package
\l__siunitx_tmp_box=\box275
\l__siunitx_tmp_dim=\dimen506
\l__siunitx_tmp_int=\count520
\l__siunitx_number_mantissa_length_int=\count521
\l__siunitx_number_uncert_length_int=\count522
\l__siunitx_round_int=\count523
\l__siunitx_process_decimal_int=\count524
\l__siunitx_process_uncertainty_int=\count525
\l__siunitx_process_fixed_int=\count526
\l__siunitx_process_integer_min_int=\count527
\l__siunitx_process_precision_int=\count528
\l__siunitx_group_min_int=\count529
\l__siunitx_angle_marker_box=\box276
\l__siunitx_angle_unit_box=\box277
\l__siunitx_angle_marker_dim=\dimen507
\l__siunitx_angle_unit_dim=\dimen508
\l__siunitx_unit_int=\count530
\l__siunitx_unit_denominator_int=\count531
\l__siunitx_unit_numerator_int=\count532
\l__siunitx_unit_prefix_int=\count533
\l__siunitx_unit_prefix_base_int=\count534
\l__siunitx_unit_prefix_gram_int=\count535
\l__siunitx_number_product_int=\count536
\c__siunitx_one_fill_skip=\skip297
\l__siunitx_table_unit_align_skip=\skip298
\l__siunitx_table_exponent_dim=\dimen509
\l__siunitx_table_integer_dim=\dimen510
\l__siunitx_table_mantissa_dim=\dimen511
\l__siunitx_table_marker_dim=\dimen512
\l__siunitx_table_result_dim=\dimen513
\l__siunitx_table_uncert_dim=\dimen514
\l__siunitx_table_fill_pre_dim=\dimen515
\l__siunitx_table_fill_post_dim=\dimen516
\l__siunitx_table_fill_mid_dim=\dimen517
\l__siunitx_table_pre_box=\box278
\l__siunitx_table_post_box=\box279
\l__siunitx_table_mantissa_box=\box280
\l__siunitx_table_result_box=\box281
\l__siunitx_table_number_align_skip=\skip299
\l__siunitx_table_text_align_skip=\skip300

(/usr/local/texlive/2025/texmf-dist/tex/latex/translator/translator.sty
Package: translator 2021-05-31 v1.12d Easy translation of strings in LaTeX
)))
(/usr/local/texlive/2025/texmf-dist/tex/generic/pgfplots/libs/tikzlibrarypgfplo
ts.units.code.tex)
(/usr/local/texlive/2025/texmf-dist/tex/generic/pgfplots/libs/tikzlibrarypgfplo
ts.fillbetween.code.tex
(/usr/local/texlive/2025/texmf-dist/tex/generic/pgfplots/pgfcontrib/tikzlibrary
fillbetween.code.tex
(/usr/local/texlive/2025/texmf-dist/tex/generic/pgf/frontendlayer/tikz/librarie
s/tikzlibraryintersections.code.tex
(/usr/local/texlive/2025/texmf-dist/tex/generic/pgf/libraries/pgflibraryinterse
ctions.code.tex
\pgf@intersect@solutions=\count537
))
(/usr/local/texlive/2025/texmf-dist/tex/generic/pgfplots/pgfcontrib/tikzlibrary
decorations.softclip.code.tex
(/usr/local/texlive/2025/texmf-dist/tex/generic/pgfplots/pgfcontrib/pgflibraryf
illbetween.code.tex)))
(/usr/local/texlive/2025/texmf-dist/tex/generic/pgfplots/libs/tikzlibrarypgfplo
ts.decorations.softclip.code.tex))
(/usr/local/texlive/2025/texmf-dist/tex/generic/pgfplots/libs/tikzlibrarypgfplo
ts.colormaps.code.tex)
(/usr/local/texlive/2025/texmf-dist/tex/latex/lineno/lineno.sty
Package: lineno 2025/01/29 line numbers on paragraphs v5.4
\linenopenalty=\count538
\output=\toks89
\linenoprevgraf=\count539
\linenumbersep=\dimen518
\linenumberwidth=\dimen519
\c@linenumber=\count540
\c@pagewiselinenumber=\count541
\c@LN@truepage=\count542
\c@internallinenumber=\count543
\c@internallinenumbers=\count544
\quotelinenumbersep=\dimen520
\bframerule=\dimen521
\bframesep=\dimen522
\bframebox=\box282
\@LN@amsmath@ams@eqpen=\count545
LaTeX Info: Redefining \\ on input line 3187.
)
(/usr/local/texlive/2025/texmf-dist/tex/generic/pgf/frontendlayer/tikz/librarie
s/tikzlibrarychains.code.tex
File: tikzlibrarychains.code.tex 2023-01-15 v3.1.10 (3.1.10)
)
\mononut=\box283
\mononutdashed=\box284
\peanut=\box285
\peanutdashed=\box286

(/usr/local/texlive/2025/texmf-dist/tex/latex/tikz-3dplot/tikz-3dplot.sty)
(/usr/local/texlive/2025/texmf-dist/tex/latex/scalerel/scalerel.sty
Package: scalerel 2016/12/29 v1.8 Routines for constrained scaling and stretchi
ng of objects, relative to a reference object or in absolute terms
\thesrwidth=\skip301
\thesrheight=\skip302
\srblobheight=\skip303
\srblobdepth=\skip304
\mnxsrwidth=\skip305
\LMex=\skip306
\LMpt=\skip307
)
\tempdimA=\skip308
\tempdimB=\skip309


Package array Warning: Column L is already defined on input line 1855.

(/usr/local/texlive/2025/texmf-dist/tex/latex/chemmacros/chemmacros.sty
Package: chemmacros 2022/03/11 v6.2a comprehensive support for typesetting chem
istry documents (CN & SK)
\l__chemmacros_tmpa_dim=\dimen523
\l__chemmacros_tmpb_dim=\dimen524
\l__chemmacros_tmpc_dim=\dimen525
\l__chemmacros_tmpa_int=\count546
\l__chemmacros_tmpb_int=\count547
\l__chemmacros_tmpc_int=\count548
\l__chemmacros_tmpa_box=\box287
\l__chemmacros_tmpb_box=\box288
\l__chemmacros_tmpc_box=\box289
Loading the chemmacros module `base' ...

Loading the chemmacros module `base' ...
(/usr/local/texlive/2025/texmf-dist/tex/latex/tools/bm.sty
Package: bm 2023/12/19 v1.2f Bold Symbol Support (DPC/FMi)
\symboldoperators=\mathgroup7
\symboldletters=\mathgroup8
\symboldsymbols=\mathgroup9
Package bm Info: No bold for \OMX/lmex/m/n, using \pmb.
\symboldupright=\mathgroup10
Package bm Info: No bold for \U/msa/m/n, using \pmb.
Package bm Info: No bold for \U/msb/m/n, using \pmb.
LaTeX Font Info:    Redeclaring math alphabet \mathbf on input line 149.
)
Loading the chemmacros module `errorcheck' ...

Loading the chemmacros module `errorcheck' ...
Loading the chemmacros module `lang' ...
Loading the chemmacros module `lang' ...
(/usr/local/texlive/2025/texmf-dist/tex/latex/translations/translations.sty
Package: translations 2022/02/05 v1.12 internationalization of LaTeX2e packages
 (CN)
)
Loading the chemmacros module `greek' ...

Loading the chemmacros module `greek' ...
Loading the chemmacros module `formula' ...
Loading the chemmacros module `formula' ...
Loading the chemmacros module `charges' ...
Loading the chemmacros module `charges' ...
Loading the chemmacros module `acid-base' ...
Loading the chemmacros module `acid-base' ...
Loading the chemmacros module `symbols' ...
Loading the chemmacros module `symbols' ...
Loading the chemmacros module `particles' ...
Loading the chemmacros module `particles' ...
\l__chemmacros_nucleophile_dim=\dimen526
Loading the chemmacros module `phases' ...
Loading the chemmacros module `phases' ...
\l__chemmacros_phases_space_dim=\dimen527
Loading the chemmacros module `nomenclature' ...
Loading the chemmacros module `nomenclature' ...
\l__chemmacros_cip_kern_dim=\dimen528
\l__chemmacros_iupac_hyphen_pre_dim=\dimen529
\l__chemmacros_iupac_hyphen_post_dim=\dimen530
\l__chemmacros_iupac_break_dim=\dimen531
\l__chemmacros_iupac_break_skip=\skip310
Loading the chemmacros module `tikz' ...
Loading the chemmacros module `tikz' ...
\l__chemmacros_el_length_dim=\dimen532
Loading the chemmacros module `isotopes' ...
Loading the chemmacros module `isotopes' ...
(/usr/local/texlive/2025/texmf-dist/tex/latex/elements/elements.sty
Package: elements 2022/01/29 v0.4 properties of chemical elements
\c@@elements@orbital@type=\count549
\c@@elements@shell@number=\count550
)
Loading the chemmacros module `mechanisms' ...

Loading the chemmacros module `mechanisms' ...
Loading the chemmacros module `newman' ...
Loading the chemmacros module `newman' ...
Loading the chemmacros module `orbital' ...
Loading the chemmacros module `orbital' ...
Loading the chemmacros module `polymers' ...
Loading the chemmacros module `polymers' ...
\l__chemmacros_polymer_delimiter_height_dim=\dimen533
\l__chemmacros_polymer_delimiter_depth_dim=\dimen534
Loading the chemmacros module `reactions' ...
Loading the chemmacros module `reactions' ...
\c@reaction=\count551
Loading the chemmacros module `redox' ...
Loading the chemmacros module `redox' ...
(/usr/local/texlive/2025/texmf-dist/tex/latex/relsize/relsize.sty
Package: relsize 2013/03/29 ver 4.1
)
\l__chemmacros_ox_number_int=\count552
\l__chemmacros_redox_sep_dim=\dimen535
\l__chemmacros_redox_sep_default_dim=\dimen536
\l__chemmacros_redox_dist_dim=\dimen537
Loading the chemmacros module `xfrac' ...

Loading the chemmacros module `xfrac' ...
(/usr/local/texlive/2025/texmf-dist/tex/latex/xfrac/xfrac.sty
Package: xfrac 2024-06-04 Split-level fractions
\l__xfrac_slash_box=\box290
\l__xfrac_tmp_box=\box291
\l__xfrac_denominator_bot_sep_dim=\dimen538
\l__xfrac_numerator_bot_sep_dim=\dimen539
\l__xfrac_numerator_top_sep_dim=\dimen540
\l__xfrac_slash_left_sep_dim=\dimen541
\l__xfrac_slash_right_sep_dim=\dimen542
\l__xfrac_slash_left_muskip=\muskip19
\l__xfrac_slash_right_muskip=\muskip20

LaTeX template Info: Declaring template type 'xfrac' taking 3 argument(s) on
(template)           line 100.


LaTeX template Info: Declaring instance 'cmr' of type xfrac on line 392.


LaTeX template Info: Declaring instance 'cmss' of type xfrac on line 392.


LaTeX template Info: Declaring instance 'cmtt' of type xfrac on line 392.

)

LaTeX template Info: Declaring instance 'chemmacros-frac-cmr-superscript' of
(template)           type xfrac on line 4683.


LaTeX template Info: Declaring instance 'chemmacros-frac-cmr-text' of type
(template)           xfrac on line 4691.

Loading the chemmacros module `scheme' ...

Loading the chemmacros module `scheme' ...
(/usr/local/texlive/2025/texmf-dist/tex/latex/chemnum/chemnum.sty
Package: chemnum 2021/01/21 v1.3a a comprehensive approach for the numbering of
 chemical compounds (CN)

(/usr/local/texlive/2025/texmf-dist/tex/latex/psfrag/psfrag.sty
Package: psfrag 1998/04/11 v3.04 PSfrag (MCG)
\pfg@pcount=\count553
\pfg@scount=\count554
\pfg@temp=\write10
)
\l__chemnum_tmpa_int=\count555
\l__chemnum_tmpb_int=\count556
\l__chemnum_tmpc_int=\count557
\c@cmpdmain=\count558
\g__chemnum_main_int=\count559
\l__chemnum_compound_replace_int=\count560
)
Loading the chemmacros module `spectroscopy' ...

Loading the chemmacros module `spectroscopy' ...
\l__chemmacros_nmr_space_skip=\skip311
Loading the chemmacros module `thermodynamics' ...
Loading the chemmacros module `thermodynamics' ...
Loading the chemmacros module `units' ...
Loading the chemmacros module `units' ...
Loading the chemmacros module `reactants' ...
Loading the chemmacros module `reactants' ...
Loading the chemmacros module `translations' ...
Loading the chemmacros module `translations' ...
)

Package chemmacros Warning: The module mechanism has changed with v6!
(chemmacros)                =========================================
(chemmacros)                * All modules have been integrated into 
(chemmacros)                the main package and thus are preloaded 
(chemmacros)                already (unless you have loaded 
(chemmacros)                `chemmacros' with the `minimal' option).
(chemmacros)                * The new default corresponds to the 
(chemmacros)                earlier setting `modules=all'.
(chemmacros)                The command \usechemmodule is deprecated.


(/usr/local/texlive/2025/texmf-dist/tex/generic/pgf/frontendlayer/tikz/librarie
s/tikzlibrarylindenmayersystems.code.tex
(/usr/local/texlive/2025/texmf-dist/tex/generic/pgf/libraries/pgflibrarylindenm
ayersystems.code.tex
\pgflsystemstep=\dimen543
\c@pgf@lsystem@iteration=\count561
))
(/Users/daniel/Library/texmf/tex/latex/emerald/emerald.sty
Package: emerald 2006/01/26 v1.0 LaTeX2e package which gives support for ECF (e
merald city fontwerks) fonts
)
(/usr/local/texlive/2025/texmf-dist/tex/generic/pgf/frontendlayer/tikz/librarie
s/tikzlibrarycalendar.code.tex
File: tikzlibrarycalendar.code.tex 2023-01-15 v3.1.10 (3.1.10)

(/usr/local/texlive/2025/texmf-dist/tex/latex/pgf/utilities/pgfcalendar.sty
(/usr/local/texlive/2025/texmf-dist/tex/generic/pgf/utilities/pgfcalendar.code.
tex
File: pgfcalendar.code.tex 2023-01-15 v3.1.10 (3.1.10)
\pgfcalendarcurrentjulian=\count562
\pgf@cal@easter@Y=\count563
\pgf@cal@easter@G=\count564
\pgf@cal@easter@C=\count565
\pgf@cal@easter@X=\count566
\pgf@cal@easter@Z=\count567
\pgf@cal@easter@D=\count568
\pgf@cal@easter@E=\count569
\pgf@cal@easter@N=\count570
\pgf@cal@easter@M=\count571
\pgf@cal@easter@julianday=\count572
)))
(/usr/local/texlive/2025/texmf-dist/tex/generic/pgf/frontendlayer/tikz/librarie
s/tikzlibraryer.code.tex
File: tikzlibraryer.code.tex 2023-01-15 v3.1.10 (3.1.10)
)
(/usr/local/texlive/2025/texmf-dist/tex/latex/chngcntr/chngcntr.sty
Package: chngcntr 2018/04/09 v1.1a change counter resetting
Package chngcntr Info: \counterwithout already defined.
(chngcntr)             Quitting chngcntr on input line 21.
)
(/usr/local/texlive/2025/texmf-dist/tex/latex/stackengine/stackengine.sty
Package: stackengine 2021/07/22 v4.11\ Stacking text and objects in convenient 
ways

(/usr/local/texlive/2025/texmf-dist/tex/generic/listofitems/listofitems.sty
(/usr/local/texlive/2025/texmf-dist/tex/generic/listofitems/listofitems.tex
\loi_cnt_foreach_nest=\count573
\loi_nestcnt=\count574
)
Package: listofitems 2024/03/09 v1.65 Grab items in lists using user-specified 
sep char (CT)
)
\c@@stackindex=\count575
\@boxshift=\skip312
\stack@tmplength=\skip313
\temp@stkl=\skip314
\@stackedboxwidth=\skip315
\@addedbox=\box292
\@anchorbox=\box293
\@insetbox=\box294
\se@backgroundbox=\box295
\stackedbox=\box296
\@centerbox=\box297
\c@ROWcellindex@=\count576
)
(/usr/local/texlive/2025/texmf-dist/tex/latex/tasks/tasks.sty
(/usr/local/texlive/2025/texmf-dist/tex/latex/l3packages/xtemplate/xtemplate.st
y
Package: xtemplate 2024-08-16 L3 Experimental prototype document functions
)
Package: tasks 2022/01/08 v1.4a lists with columns filled horizontally
\g__tasks_total_items_int=\count577
\l__tasks_columns_int=\count578
\g__tasks_rows_int=\count579
\g__tasks_current_col_num_int=\count580
\g__tasks_current_row_num_int=\count581
\l__tasks_item_columns_int=\count582
\g__tasks_env_int=\count583
\l__tasks_start_int=\count584
\l__tasks_item_indent_dim=\dimen544
\l__tasks_item_default_indent_dim=\dimen545
\l__tasks_item_width_dim=\dimen546
\l__tasks_label_width_dim=\dimen547
\l__tasks_label_default_width_dim=\dimen548
\l__tasks_label_offset_dim=\dimen549
\l__tasks_label_default_offset_dim=\dimen550
\l__tasks_column_sep_dim=\dimen551
\l__tasks_correction_dim=\dimen552
\l__tasks_full_width_dim=\dimen553
\l__tasks_after_item_skip=\skip316
\l__tasks_custom_after_item_skip=\skip317
\l__tasks_before_list_skip=\skip318
\l__tasks_after_list_skip=\skip319
\l__tasks_item_coffin=\box298
\l__tasks_label_coffin=\box299
\c@task=\count585
\l__tasks_tmpa_int=\count586
\l__tasks_tmpb_int=\count587
\l__tasks_tmpa_coffin=\box300
\l__tasks_tmpa_box=\box301

LaTeX template Info: Declaring template type 'tasks' taking 3 argument(s) on
(template)           line 450.

 (/usr/local/texlive/2025/texmf-dist/tex/latex/tasks/tasks.cfg))
\longestlabel=\skip320


Package tasks Warning: You've tried setting option `counter-format' on line
(tasks)                2119. However, option `counter-format' is deprecated.
(tasks)                Please use option `label' instead. Refer to the manual
(tasks)                for details.

(/usr/local/texlive/2025/texmf-dist/tex/latex/exercise/exercise.sty
Package: exercise 2014/10/20 v1.6 Exercise package (P.Pichaureau)
\ExerciseSkipBefore=\skip321
\ExerciseSkipAfter=\skip322
\AnswerSkipBefore=\skip323
\AnswerSkipAfter=\skip324
\Exesep=\skip325
\Exetopsep=\skip326
\Exeparsep=\skip327
\Exepartopsep=\skip328
\Exeleftmargin=\skip329
\Exerightmargin=\skip330
\Exelabelwidth=\skip331
\Exelabelsep=\skip332
\ExerciseBefore=\skip333
\QuestionBefore=\skip334
\subQuestionBefore=\skip335
\subsubQuestionBefore=\skip336
\QuestionIndent=\skip337
\subQuestionIndent=\skip338
\subsubQuestionIndent=\skip339
\c@Exercise=\count588
\c@Answer=\count589
\c@ExePart=\count590
\c@Question=\count591
\c@subQuestion=\count592
\c@subsubQuestion=\count593
\c@savedQuestion=\count594
\c@savedsubQuestion=\count595
\c@savedsubsubQuestion=\count596
\@QuestionLevel=\count597
\@Exercisebox=\box302
\all@Exercisebox=\box303
\temp@Exercisebox=\box304
\all@Answerbox=\box305
\temp@Answerbox=\box306
\ExerciseDifficulty=\count598
\QuestionDifficulty=\count599
\subQuestionDifficulty=\count600
\subsubQuestionDifficulty=\count601
\ExePartDifficulty=\count602
\@Answerbox=\box307
\colonnesLevel=\count603
\tempskipa=\skip340
\tempskipb=\skip341
\@savedmathindent=\skip342
)
(/Users/daniel/Library/texmf/tex/latex/xcolor-material.sty
Package: xcolor-material 2016/10/11 v0.1 A package for accessing Google Materia
l colors using the xcolor package
)
(/usr/local/texlive/2025/texmf-dist/tex/latex/exsheets/exsheets.sty
Package: exsheets 2019/09/30 v0.21k Yet another package for the creation of exe
rcise sheets and exams.
\l__exsheets_tmpa_int=\count604
\l__exsheets_tmpb_int=\count605
\l__exsheets_tmpc_int=\count606
\l__exsheets_tmpd_int=\count607
\l__exsheets_tmpe_int=\count608
\g__exsheets_tmpa_int=\count609
\l__exsheets_tmpa_dim=\dimen554
\l__exsheets_tmpb_dim=\dimen555
\l__exsheets_variations_int=\count610
\g__exsheets_questions_id_int=\count611
\g__exsheets_questions_used_int=\count612
\l__exsheets_include_random_int=\count613
\l__exsheets_questions_set_int=\count614
\g__exsheets_select_random_int=\count615
\g__exsheets_selection_number_int=\count616
\l__exsheets_counter_ch_int=\count617
\l__exsheets_current_ch_int=\count618
\l__exsheets_counter_sec_int=\count619
\l__exsheets_current_sec_int=\count620
\l_exsheets_counter_qu_int=\count621
\l__exsheets_questions_skip_below_dim=\dimen556
\l__exsheets_solutions_skip_below_dim=\dimen557
\l__exsheets_blank_dim=\dimen558
\l__exsheets_blank_line_increment_dim=\dimen559
\l__exsheets_blank_line_minimum_length_dim=\dimen560
\l__exsheets_blank_box=\box308

(/usr/local/texlive/2025/texmf-dist/tex/latex/cntformats/cntformats.sty
Package: cntformats 2014/07/20 v0.7 A different way to read counters. (CN)

(/usr/local/texlive/2025/texmf-dist/tex/latex/cnltx/cnltx-base.sty
Package: cnltx-base 2019/11/01 v0.15 LaTeX tools and documenting facilities (CN
)
\c@cnltx@tmpa=\count622
\c@cnltx@tmpb=\count623
\c@cnltx@tmpc=\count624
\cnltx@tmpa@length=\skip343
\cnltx@tmpb@length=\skip344
\cnltx@tmpc@length=\skip345
))
\c@question=\count625


Package exsheets Warning: The option `load-headings' has been dropped.

(/usr/local/texlive/2025/texmf-dist/tex/latex/exsheets/exsheets_headings.def
File: exsheets_headings.def  2019/09/30 v0.21k ExSheets headings object
\l__exsheets_heading_above_dim=\dimen561
\l__exsheets_heading_below_dim=\dimen562
\l__exsheets_heading_main_coffin=\box309
\l__exsheets_heading_pre_coffin=\box310
\l__exsheets_heading_post_coffin=\box311
\l__exsheets_heading_title_coffin=\box312
\l__exsheets_heading_number_coffin=\box313
\l__exsheets_heading_points_coffin=\box314
\l__exsheets_heading_subtitle_coffin=\box315

LaTeX template Info: Declaring template type 'exsheets-heading' taking 5
(template)           argument(s) on line 184.

)
(/usr/local/texlive/2025/texmf-dist/tex/latex/exsheets/exsheets_headings.cfg
File: exsheets_headings.cfg  2019/09/30 v0.21k ExSheets headings instances 
)
(/usr/local/texlive/2025/texmf-dist/tex/generic/ulem/ulem.sty
\UL@box=\box316
\UL@hyphenbox=\box317
\UL@skip=\skip346
\UL@hook=\toks90
\UL@height=\dimen563
\UL@pe=\count626
\UL@pixel=\dimen564
\ULC@box=\box318
Package: ulem 2019/11/18
\ULdepth=\dimen565
))

Package tasks Warning: You've tried setting command `\NewTasks ' on line 2244.
(tasks)                However, command `\NewTasks ' is deprecated. Please use
(tasks)                command `\NewTasksEnvironment ' instead. Refer to the
(tasks)                manual for details.

(/usr/local/texlive/2025/texmf-dist/tex/latex/sttools/flushend.sty
Package: flushend 2021/10/04 v4.0 Balancing columns in twocolumn mode
\flushend@@lastskip@a=\skip347
\flushend@@lastskip@b=\skip348
\flushend@@lastnode=\count627
\var@@loop@iter=\count628
\var@@temp@spread=\dimen566
\var@@temp@a=\dimen567
\var@@temp@loop=\dimen568
\flushend@@page@rule=\dimen569
\flushend@@varbox@lastpage=\box319
\flushend@@varbox@a=\box320
\flushend@@varbox@c=\box321
\flushend@@tempbox@a=\box322
\flushend@@tempbox@c=\box323
\flushend@@floatbox=\box324
\@viper=\box325
\hold@viper=\box326
\atColsBreak=\toks91
\atColsEnd=\toks92
\oldbreak@skip=\dimen570
)
(/usr/local/texlive/2025/texmf-dist/tex/generic/pgf/frontendlayer/tikz/librarie
s/tikzlibraryscopes.code.tex
File: tikzlibraryscopes.code.tex 2023-01-15 v3.1.10 (3.1.10)
)
(/usr/local/texlive/2025/texmf-dist/tex/latex/tikz-cd/tikz-cd.sty
Package: tikz-cd 2021/05/04 v1.0 Commutative diagrams with TikZ

(/usr/local/texlive/2025/texmf-dist/tex/generic/tikz-cd/tikzlibrarycd.code.tex
(/usr/local/texlive/2025/texmf-dist/tex/generic/pgf/frontendlayer/tikz/librarie
s/tikzlibraryquotes.code.tex
File: tikzlibraryquotes.code.tex 2023-01-15 v3.1.10 (3.1.10)
)))
(/usr/local/texlive/2025/texmf-dist/tex/latex/totcount/totcount.sty
Package: totcount 2011/01/25 v1.2 package for gettingthe total value of LaTeX c
ounters
)
\c@numA=\count629

(/usr/local/texlive/2025/texmf-dist/tex/latex/tkz-euclide/tkz-euclide.sty
2024/04/19 5.10c tkz-euclide.sty
Package: tkz-euclide  2024/04/19 5.10c for pure Euclidean Geometry 

(/usr/local/texlive/2025/texmf-dist/tex/generic/pgf/frontendlayer/tikz/librarie
s/tikzlibraryangles.code.tex
File: tikzlibraryangles.code.tex 2023-01-15 v3.1.10 (3.1.10)
)
(/usr/local/texlive/2025/texmf-dist/tex/generic/pgf/frontendlayer/tikz/librarie
s/tikzlibrarydecorations.shapes.code.tex
(/usr/local/texlive/2025/texmf-dist/tex/generic/pgf/libraries/decorations/pgfli
brarydecorations.shapes.code.tex))
(/usr/local/texlive/2025/texmf-dist/tex/generic/pgf/frontendlayer/tikz/librarie
s/tikzlibrarydecorations.text.code.tex
(/usr/local/texlive/2025/texmf-dist/tex/generic/pgf/libraries/decorations/pgfli
brarydecorations.text.code.tex
\pgf@lib@dec@text@box=\box327
)
\tikz@lib@dec@te@box=\box328
)
(/usr/local/texlive/2025/texmf-dist/tex/generic/pgf/frontendlayer/tikz/librarie
s/tikzlibrarymath.code.tex
(/usr/local/texlive/2025/texmf-dist/tex/generic/pgf/frontendlayer/tikz/librarie
s/tikzlibraryfpu.code.tex)
\tikz@math@for@depth=\count630
\tikz@math@dimen=\dimen571
\tikz@math@toks=\toks93
)
(/usr/local/texlive/2025/texmf-dist/tex/generic/pgf/frontendlayer/tikz/librarie
s/tikzlibrarythrough.code.tex
File: tikzlibrarythrough.code.tex 2023-01-15 v3.1.10 (3.1.10)
)
\tkzRadius=\dimen572
\tkzLength=\dimen573
\tkz@radi=\dimen574
\tkz@ax=\dimen575
\tkz@ay=\dimen576
\tkz@bx=\dimen577
\tkz@by=\dimen578
\tkz@cx=\dimen579
\tkz@cy=\dimen580
\tkz@dx=\dimen581
\tkz@dy=\dimen582
\tkz@cntmk=\count631

Local configuration file tkz-euclide.cfg found and used
(/usr/local/texlive/2025/texmf-dist/tex/latex/tkz-euclide/tkz-euclide.cfg
2024/04/19 5.10c tkz-euclide.cfg
)
(/usr/local/texlive/2025/texmf-dist/tex/latex/tkz-euclide/tkz-tools-eu-base.tex
2024/04/19 5.10c tkz-tools-eu-base.tex
)
(/usr/local/texlive/2025/texmf-dist/tex/latex/tkz-euclide/tkz-tools-eu-utilitie
s.tex
2024/04/19 5.10c tkz-tools-eu-utilities.tex
) (/usr/local/texlive/2025/texmf-dist/tex/latex/tkz-euclide/tkz-tools-eu-BB.tex
2024/04/19 5.10c tkz-obj-eu-BB.tex
)
(/usr/local/texlive/2025/texmf-dist/tex/latex/tkz-euclide/tkz-obj-eu-grids.tex
2024/04/19 5.10c tkz-obj-eu-grids.tex
)
(/usr/local/texlive/2025/texmf-dist/tex/latex/tkz-euclide/tkz-lib-eu-marks.tex
2024/04/19 5.10c tkz-lib-eu-marks.tex
)
(/usr/local/texlive/2025/texmf-dist/tex/latex/tkz-euclide/tkz-tools-eu-text.tex
2024/04/19 5.10c tkz-tools-eu-text.tex
)
(/usr/local/texlive/2025/texmf-dist/tex/latex/tkz-euclide/tkz-lib-eu-shape.tex
2024/04/19 5.10c tkz-lib-eu-shape.tex
)
(/usr/local/texlive/2025/texmf-dist/tex/latex/tkz-euclide/tkz-obj-eu-axesmin.te
x
2024/04/19 5.10c tkz-obj-eu-axesmin
)
(/usr/local/texlive/2025/texmf-dist/tex/latex/tkz-euclide/tkz-tools-eu-colors.t
ex
2024/04/19 5.10c tkz-tools-eu-colors
)
(/usr/local/texlive/2025/texmf-dist/tex/latex/tkz-euclide/tkz-obj-eu-points.tex
2024/04/19 5.10c tkz-obj-eu-points.tex
)
(/usr/local/texlive/2025/texmf-dist/tex/latex/tkz-euclide/tkz-draw-eu-points.te
x
2024/04/19 5.10c tkz-draw-eu-points.tex
)
(/usr/local/texlive/2025/texmf-dist/tex/latex/tkz-euclide/tkz-obj-eu-points.tex
2024/04/19 5.10c tkz-obj-eu-points.tex
)
(/usr/local/texlive/2025/texmf-dist/tex/latex/tkz-euclide/tkz-obj-eu-points-by.
tex
2024/04/19 5.10c tkz-tools-eu-points-by.tex
)
(/usr/local/texlive/2025/texmf-dist/tex/latex/tkz-euclide/tkz-tools-eu-math.tex
2024/04/19 5.10c tkz-tools-eu-math.tex
)
(/usr/local/texlive/2025/texmf-dist/tex/latex/tkz-euclide/tkz-tools-eu-intersec
tions.tex
2024/04/19 5.10c tkz-tools-eu-intersections.tex
)
(/usr/local/texlive/2025/texmf-dist/tex/latex/tkz-euclide/tkz-obj-eu-points-wit
h.tex
2024/04/19 5.10c tkz-obj-eu-points-with.tex
)
(/usr/local/texlive/2025/texmf-dist/tex/latex/tkz-euclide/tkz-obj-eu-points-spc
.tex
2024/04/19 5.10c tkz-obj-el-points.tex
)
(/usr/local/texlive/2025/texmf-dist/tex/latex/tkz-euclide/tkz-tools-eu-angles.t
ex
2024/04/19 5.10c tkz-tools-eu-angles.tex
)
(/usr/local/texlive/2025/texmf-dist/tex/latex/tkz-euclide/tkz-obj-eu-circles.te
x
2024/04/19 5.10c tkz-obj-eu-circles.tex
)
(/usr/local/texlive/2025/texmf-dist/tex/latex/tkz-euclide/tkz-obj-eu-circles-by
.tex
2024/04/19 5.10c tkz-obj-eu-circles.tex
)
(/usr/local/texlive/2025/texmf-dist/tex/latex/tkz-euclide/tkz-obj-eu-points-rnd
.tex
2024/04/19 5.10c tkz-obj-eu-points-rnd.tex
)
(/usr/local/texlive/2025/texmf-dist/tex/latex/tkz-euclide/tkz-obj-eu-lines.tex
2024/04/19 5.10c tkz-obj-eu-lines.tex
)
(/usr/local/texlive/2025/texmf-dist/tex/latex/tkz-euclide/tkz-obj-eu-polygons.t
ex
2024/04/19 5.10c tkz-obj-eu-polygons.tex
)
(/usr/local/texlive/2025/texmf-dist/tex/latex/tkz-euclide/tkz-obj-eu-triangles.
tex
2024/04/19 5.10c tkz-obj-eu-triangles.tex
)
(/usr/local/texlive/2025/texmf-dist/tex/latex/tkz-euclide/tkz-draw-eu-lines.tex
2024/04/19 5.10c tkz-obj-eu-draw-lines.tex
)
(/usr/local/texlive/2025/texmf-dist/tex/latex/tkz-euclide/tkz-draw-eu-circles.t
ex
2024/04/19 5.10c tkz-obj-eu-draw-circles.tex
)
(/usr/local/texlive/2025/texmf-dist/tex/latex/tkz-euclide/tkz-draw-eu-ellipses.
tex
2024/04/19 5.10c tkz-obj-eu-draw-ellipses.tex
)
(/usr/local/texlive/2025/texmf-dist/tex/latex/tkz-euclide/tkz-draw-eu-polygons.
tex
2024/04/19 5.10c tkz-obj-eu-polygons.tex
)
(/usr/local/texlive/2025/texmf-dist/tex/latex/tkz-euclide/tkz-draw-eu-arcs.tex
2024/04/19 5.10c tkz-tool-eu-arcs.tex
)
(/usr/local/texlive/2025/texmf-dist/tex/latex/tkz-euclide/tkz-draw-eu-angles.te
x
2024/04/19 5.10c tkz-tool-eu-angles.tex
)
(/usr/local/texlive/2025/texmf-dist/tex/latex/tkz-euclide/tkz-draw-eu-sectors.t
ex
2024/04/19 5.10c tkz-obj-eu-sectors.tex
)
(/usr/local/texlive/2025/texmf-dist/tex/latex/tkz-euclide/tkz-draw-eu-compass.t
ex
2024/04/19 5.10c tkz-obj-eu-compass.tex
)
(/usr/local/texlive/2025/texmf-dist/tex/latex/tkz-euclide/tkz-draw-eu-show.tex
2024/04/19 5.10c tkz-obj-eu-show.tex
)
(/usr/local/texlive/2025/texmf-dist/tex/latex/tkz-euclide/tkz-draw-eu-protracto
r.tex
2024/04/19 5.10c tkz-obj-eu-protractor.tex
))
(/usr/local/texlive/2025/texmf-dist/tex/latex/pgf-blur/tikzlibraryshadows.blur.
code.tex  v1.02, 2012/12/09
\pgfbs@fading@count=\count632
)
\pgf@layerbox@foreground=\box329
\pgf@layerboxsaved@foreground=\box330

(/usr/local/texlive/2025/texmf-dist/tex/generic/pgf/frontendlayer/tikz/librarie
s/tikzlibraryspy.code.tex
File: tikzlibraryspy.code.tex 2023-01-15 v3.1.10 (3.1.10)
\tikz@lib@spybox=\box331
)

Package chemmacros Warning: The module mechanism has changed with v6!
(chemmacros)                =========================================
(chemmacros)                * All modules have been integrated into 
(chemmacros)                the main package and thus are preloaded 
(chemmacros)                already (unless you have loaded 
(chemmacros)                `chemmacros' with the `minimal' option).
(chemmacros)                * The new default corresponds to the 
(chemmacros)                earlier setting `modules=all'.


Package chemmacros Warning: `modules' is a load-time option!
(chemmacros)                You cannot set it with \chemsetup!
(chemmacros)                You need to use \usepackage[modules]{chemmacros}.

(/usr/local/texlive/2025/texmf-dist/tex/latex/tikzorbital/tikzorbital.sty
Package: tikzorbital 2012/12/05 draw atomic orbitals and molecular diagrams wit
h tikz
)
(/usr/local/texlive/2025/texmf-dist/tex/latex/pgfplots/pgfplotstable.sty
(/usr/local/texlive/2025/texmf-dist/tex/generic/pgfplots/pgfplots.revision.tex)
Package: pgfplotstable 2021/05/15 v1.18.1 Table typesetting and Pretty-printing
 (1.18.1)

(/usr/local/texlive/2025/texmf-dist/tex/generic/pgfplots/numtable/pgfplotstable
.code.tex
(/usr/local/texlive/2025/texmf-dist/tex/generic/pgfplots/numtable/pgfplotstable
.coltype.code.tex)))
(/usr/local/texlive/2025/texmf-dist/tex/latex/filecontents/filecontents.sty
Package: filecontents 2023/04/02 v1.5a Create an external file from within a La
TeX document


Package filecontents Warning: This package is obsolete. Disabling it and
(filecontents)                passing control to the filecontents environment
(filecontents)                defined by the LaTeX kernel.

)
(/usr/local/texlive/2025/texmf-dist/tex/generic/pgfplots/libs/tikzlibrarypgfplo
ts.groupplots.code.tex
\pgfplots@group@current@plot=\count633
\pgfplots@group@current@row=\count634
\pgfplots@group@current@column=\count635
)
(/usr/local/texlive/2025/texmf-dist/tex/latex/endiagram/endiagram.sty
Package: endiagram 2014/06/28 v0.1d Easy creation of potential energy curve dia
grams
\l__endiagram_tmpa_dim=\dimen583
\g__Endiagram_tmpa_dim=\dimen584
\l__endiagram_points_int=\count636
\g__endiagram_curve_int=\count637
\g__endiagram_points_max_int=\count638
\l__endiagram_points_counter_int=\count639
\l__endiagram_niveau_counter_int=\count640
\g__endiagram_ea_int=\count641
\l__endiagram_ea_count_int=\count642
)
(/usr/local/texlive/2025/texmf-dist/tex/latex/spath3/tikzlibrarycalligraphy.cod
e.tex (/usr/local/texlive/2025/texmf-dist/tex/latex/spath3/spath3.sty
Package: spath3 2024/05/31 v2.8 Functions for manipulating PGF soft paths
\g__spath_output_int=\count643
\l__spath_tmpa_dim=\dimen585
\l__spath_tmpb_dim=\dimen586
\l__spath_tmpa_int=\count644
\l__spath_tmpb_int=\count645
\l__spath_move_x_dim=\dimen587
\l__spath_move_y_dim=\dimen588
\l__spath_rectx_dim=\dimen589
\l__spath_recty_dim=\dimen590
\g__spath_anon_int=\count646
)
\l__cal_tmpa_int=\count647
\l__cal_tmpb_int=\count648
\g__cal_path_component_int=\count649
\g__cal_label_int=\count650
\l__cal_tmpa_dim=\dimen591
\l__cal_tmpb_dim=\dimen592
\l__cal_tmpc_dim=\dimen593
\l__cal_tmpd_dim=\dimen594
\l__cal_tmpe_dim=\dimen595
\l__cal_tmpf_dim=\dimen596
\l__cal_tmpg_dim=\dimen597
\l__cal_tmph_dim=\dimen598
\l__cal_taper_width_dim=\dimen599
\l__cal_line_width_dim=\dimen600
)
(/usr/local/texlive/2025/texmf-dist/tex/latex/physics/physics.sty
Package: physics 
)
(/usr/local/texlive/2025/texmf-dist/tex/latex/lcd/lcd.sty
Package: lcd 2004/01/05 v0.3 drawing alphanumerical LCDisplays
\LCDunitlength=\skip349
\c@@LCDdotx=\count651
\c@@LCDdoty=\count652
\c@@LCDchrx=\count653
\c@@LCDlines=\count654
\c@@LCDlower=\count655
)
\templength=\skip350

(/usr/local/texlive/2025/texmf-dist/tex/latex/lcg/lcg.sty
Package: lcg 2013/08/09 v1.3 generating random numbers
\f@rst=\count656
\l@st=\count657
\cr@nd=\count658
\c@rand=\count659

Smallest possible random number: 1
Largest possible random number: 2147483647
The pseudo random numbers will be stored in the LaTeX counter `rand'
)
\c@SavedRandom=\count660
 (/usr/local/texlive/2025/texmf-dist/tex/latex/textpos/textpos.sty
Package: textpos 2022/07/23 v1.10.1
Package textpos Info: choosing support for LaTeX3 on input line 60.
\TP@textbox=\box332
\TPHorizModule=\dimen601
\TPVertModule=\dimen602
\TP@margin=\dimen603
\TP@absmargin=\dimen604

Grid set 16 x 16 = 37.34424pt x 52.81541pt
\TPboxrulesize=\dimen605
\TP@tbargs=\toks94
) (/usr/local/texlive/2025/texmf-dist/tex/latex/wasysym/wasysym.sty
Package: wasysym 2020/01/19 v2.4 Wasy-2 symbol support package
\symwasy=\mathgroup11
LaTeX Font Info:    Overwriting symbol font `wasy' in version `bold'
(Font)                  U/wasy/m/n --> U/wasy/b/n on input line 93.
)

Package array Warning: Column C is already defined on input line 5814.

Package translations Info: No language package found. I am going to use `englis
h' as default language. on input line 5818.

Package chemmacros Info: Using float defining method `float'.

\@float@every@scheme=\toks95
\c@scheme=\count661

LaTeX Warning: Unused global option(s):
    [14pt].

No file syllabus121.aux.
\openout1 = `syllabus121.aux'.

LaTeX Font Info:    Checking defaults for OML/cmm/m/it on input line 5818.
LaTeX Font Info:    ... okay on input line 5818.
LaTeX Font Info:    Checking defaults for OMS/cmsy/m/n on input line 5818.
LaTeX Font Info:    ... okay on input line 5818.
LaTeX Font Info:    Checking defaults for OT1/cmr/m/n on input line 5818.
LaTeX Font Info:    ... okay on input line 5818.
LaTeX Font Info:    Checking defaults for T1/cmr/m/n on input line 5818.
LaTeX Font Info:    ... okay on input line 5818.
LaTeX Font Info:    Checking defaults for TS1/cmr/m/n on input line 5818.
LaTeX Font Info:    ... okay on input line 5818.
LaTeX Font Info:    Checking defaults for OMX/cmex/m/n on input line 5818.
LaTeX Font Info:    ... okay on input line 5818.
LaTeX Font Info:    Checking defaults for U/cmr/m/n on input line 5818.
LaTeX Font Info:    ... okay on input line 5818.
LaTeX Font Info:    Checking defaults for PD1/pdf/m/n on input line 5818.
LaTeX Font Info:    ... okay on input line 5818.
LaTeX Font Info:    Checking defaults for PU/pdf/m/n on input line 5818.
LaTeX Font Info:    ... okay on input line 5818.
Package hyperref Info: Link coloring ON on input line 5818.
\@outlinefile=\write11
\openout11 = `syllabus121.out'.

*geometry* driver: auto-detecting
*geometry* detected driver: pdftex
*geometry* verbose mode - [ preamble ] result:
* driver: pdftex
* paper: a4paper
* layout: <same size as paper>
* layoutoffset:(h,v)=(0.0pt,0.0pt)
* modes: twoside 
* h-part:(L,W,R)=(59.75078pt, 478.00632pt, 59.75078pt)
* v-part:(T,H,B)=(71.13188pt, 702.78308pt, 71.13188pt)
* \paperwidth=597.50787pt
* \paperheight=845.04684pt
* \textwidth=478.00632pt
* \textheight=702.78308pt
* \oddsidemargin=-12.51921pt
* \evensidemargin=-12.51921pt
* \topmargin=-43.1381pt
* \headheight=14.0pt
* \headsep=28.0pt
* \topskip=10.0pt
* \footskip=25.29494pt
* \marginparwidth=140.5566pt
* \marginparsep=23.33124pt
* \columnsep=10.0pt
* \skip\footins=9.0pt plus 4.0pt minus 2.0pt
* \hoffset=0.0pt
* \voffset=0.0pt
* \mag=1000
* \@twocolumnfalse
* \@twosidetrue
* \@mparswitchtrue
* \@reversemarginfalse
* (1in=72.27pt=25.4mm, 1cm=28.453pt)

\langwohyphens=\language90
Package microtype Info: Patching varwidth to enable character protrusion.
\MT@vwid@leftmargin=\dimen606
\MT@vwid@rightmargin=\dimen607
LaTeX Info: Redefining \microtypecontext on input line 5818.
Package microtype Info: Applying patch `item' on input line 5818.
Package microtype Info: Applying patch `toc' on input line 5818.
Package microtype Info: Applying patch `eqnum' on input line 5818.

Package microtype Warning: Unable to apply patch `footnote' on input line 5818.


Package microtype Info: Applying patch `verbatim' on input line 5818.
LaTeX Info: Redefining \microtypesetup on input line 5818.
Package microtype Info: Generating PDF output.
Package microtype Info: Character protrusion enabled (level 2).
Package microtype Info: Using default protrusion set `alltext'.
Package microtype Info: Automatic font expansion enabled (level 2),
(microtype)             stretch: 20, shrink: 20, step: 1, non-selected.
Package microtype Info: Using default expansion set `alltext-nott'.
LaTeX Info: Redefining \showhyphens on input line 5818.
Package microtype Info: No adjustment of tracking.
Package microtype Info: No adjustment of interword spacing.
Package microtype Info: No adjustment of character kerning.
(/usr/local/texlive/2025/texmf-dist/tex/latex/microtype/mt-ptm.cfg
File: mt-ptm.cfg 2006/04/20 v1.7 microtype config. file: Times (RS)
)
(/usr/local/texlive/2025/texmf-dist/tex/context/base/mkii/supp-pdf.mkii
[Loading MPS to PDF converter (version 2006.09.02).]
\scratchcounter=\count662
\scratchdimen=\dimen608
\scratchbox=\box333
\nofMPsegments=\count663
\nofMParguments=\count664
\everyMPshowfont=\toks96
\MPscratchCnt=\count665
\MPscratchDim=\dimen609
\MPnumerator=\count666
\makeMPintoPDFobject=\count667
\everyMPtoPDFconversion=\toks97
) (/usr/local/texlive/2025/texmf-dist/tex/latex/epstopdf-pkg/epstopdf-base.sty
Package: epstopdf-base 2020-01-24 v2.11 Base part for package epstopdf
Package epstopdf-base Info: Redefining graphics rule for `.eps' on input line 4
85.

(/usr/local/texlive/2025/texmf-dist/tex/latex/latexconfig/epstopdf-sys.cfg
File: epstopdf-sys.cfg 2010/07/13 v1.3 Configuration of (r)epstopdf for TeX Liv
e
))
(/usr/local/texlive/2025/texmf-dist/tex/latex/fmtcount/fc-english.def
File: fc-english.def 2016/01/12
)

Package chemgreek Info: Activating mapping `default' on line 5818.


Package pgfplots notification 'compat/show suggested version=true': document ha
s been generated with the most recent feature set (\pgfplotsset{compat=1.18}).

\c@lstlisting=\count668
\c@mv@tabular=\count669
\c@mv@boldtabular=\count670
Package caption Info: Begin \AtBeginDocument code.
Package caption Info: float package is loaded.
Package caption Info: floatflt package is loaded.
Package caption Info: longtable package is loaded.
(/usr/local/texlive/2025/texmf-dist/tex/latex/caption/ltcaption.sty
Package: ltcaption 2021/01/08 v1.4c longtable captions (AR)
)
Package caption Info: End \AtBeginDocument code.

(/usr/local/texlive/2025/texmf-dist/tex/latex/siunitx/siunitx-abbreviations.cfg
File: siunitx-abbreviations.cfg 2021-04-17 v2.8e siunitx: Abbreviated units
)
(/usr/local/texlive/2025/texmf-dist/tex/latex/translator/translator-basic-dicti
onary-English.dict
Dictionary: translator-basic-dictionary, Language: English 
)
(/usr/local/texlive/2025/texmf-dist/tex/latex/translator/translator-months-dict
ionary-English.dict
Dictionary: translator-months-dictionary, Language: English 
)
(/usr/local/texlive/2025/texmf-dist/tex/latex/translations/translations-basic-d
ictionary-english.trsl
File: translations-basic-dictionary-english.trsl (english translation file `tra
nslations-basic-dictionary')
)
Package translations Info: loading dictionary `translations-basic-dictionary' f
or `english'. on input line 5818.

Package exsheets Info: Loading custom configurations file
(exsheets)             `exsheets_configurations.cfg'.


(/usr/local/texlive/2025/texmf-dist/tex/latex/exsheets/exsheets_configurations.
cfg
File: exsheets_configurations.cfg 
)
LaTeX Font Info:    Trying to load font information for OT1+lmr on input line 5
818.
 (/usr/local/texlive/2025/texmf-dist/tex/latex/lm/ot1lmr.fd
File: ot1lmr.fd 2015/05/01 v1.6.1 Font defs for Latin Modern
)
(/usr/local/texlive/2025/texmf-dist/tex/latex/microtype/mt-cmr.cfg
File: mt-cmr.cfg 2013/05/19 v2.2 microtype config. file: Computer Modern Roman 
(RS)
)
LaTeX Font Info:    Trying to load font information for OML+lmm on input line 5
818.

(/usr/local/texlive/2025/texmf-dist/tex/latex/lm/omllmm.fd
File: omllmm.fd 2015/05/01 v1.6.1 Font defs for Latin Modern
)
LaTeX Font Info:    Trying to load font information for OMS+lmsy on input line 
5818.

(/usr/local/texlive/2025/texmf-dist/tex/latex/lm/omslmsy.fd
File: omslmsy.fd 2015/05/01 v1.6.1 Font defs for Latin Modern
)
LaTeX Font Info:    Trying to load font information for OMX+lmex on input line 
5818.

(/usr/local/texlive/2025/texmf-dist/tex/latex/lm/omxlmex.fd
File: omxlmex.fd 2015/05/01 v1.6.1 Font defs for Latin Modern
)
LaTeX Font Info:    External font `lmex10' loaded for size
(Font)              <10> on input line 5818.
LaTeX Font Info:    External font `lmex10' loaded for size
(Font)              <7.6> on input line 5818.
LaTeX Font Info:    External font `lmex10' loaded for size
(Font)              <6> on input line 5818.
LaTeX Font Info:    Trying to load font information for OT1+zplm on input line 
5818.

(/usr/local/texlive/2025/texmf-dist/tex/latex/psnfss/ot1zplm.fd
File: ot1zplm.fd 2002/09/08 Fontinst v1.914 font definitions for OT1/zplm.
)
Package microtype Info: Loading generic protrusion settings for font family
(microtype)             `zplm' (encoding: OT1).
(microtype)             For optimal results, create family-specific settings.
(microtype)             See the microtype manual for details.
LaTeX Font Info:    Font shape `U/msa/m/n' will be
(Font)              scaled to size 10.42007pt on input line 5818.

(/usr/local/texlive/2025/texmf-dist/tex/latex/microtype/mt-msa.cfg
File: mt-msa.cfg 2006/02/04 v1.1 microtype config. file: AMS symbols (a) (RS)
)
LaTeX Font Info:    Font shape `U/msa/m/n' will be
(Font)              scaled to size 7.91925pt on input line 5818.
LaTeX Font Info:    Font shape `U/msa/m/n' will be
(Font)              scaled to size 6.25204pt on input line 5818.
LaTeX Font Info:    Font shape `U/msb/m/n' will be
(Font)              scaled to size 10.42007pt on input line 5818.

(/usr/local/texlive/2025/texmf-dist/tex/latex/microtype/mt-msb.cfg
File: mt-msb.cfg 2005/06/01 v1.0 microtype config. file: AMS symbols (b) (RS)
)
LaTeX Font Info:    Font shape `U/msb/m/n' will be
(Font)              scaled to size 7.91925pt on input line 5818.
LaTeX Font Info:    Font shape `U/msb/m/n' will be
(Font)              scaled to size 6.25204pt on input line 5818.
LaTeX Font Info:    Trying to load font information for U+wasy on input line 58
18.

(/usr/local/texlive/2025/texmf-dist/tex/latex/wasysym/uwasy.fd
File: uwasy.fd 2020/01/19 v2.4 Wasy-2 symbol font definitions
)
LaTeX Font Info:    Trying to load font information for OT1+lmss on input line 
5818.

(/usr/local/texlive/2025/texmf-dist/tex/latex/lm/ot1lmss.fd
File: ot1lmss.fd 2015/05/01 v1.6.1 Font defs for Latin Modern
)
Package microtype Info: Loading generic protrusion settings for font family
(microtype)             `lmss' (encoding: OT1).
(microtype)             For optimal results, create family-specific settings.
(microtype)             See the microtype manual for details.
LaTeX Font Info:    Trying to load font information for OT1+lmtt on input line 
5818.

(/usr/local/texlive/2025/texmf-dist/tex/latex/lm/ot1lmtt.fd
File: ot1lmtt.fd 2015/05/01 v1.6.1 Font defs for Latin Modern
)
Package microtype Info: Loading generic protrusion settings for font family
(microtype)             `lmtt' (encoding: OT1).
(microtype)             For optimal results, create family-specific settings.
(microtype)             See the microtype manual for details.


Package chemmacros Warning: You haven't loaded any package for upright Greek
(chemmacros)                letters or no unique choice was possible. Either
(chemmacros)                load one of packages specified in the manual or
(chemmacros)                select a chemgreek mapping manually.


(/usr/local/texlive/2025/texmf-dist/tex/latex/elements/elements_names_english.d
ef)
Overfull \hbox (21.19366pt too wide) in paragraph at lines 5824--5827
[][] 
 []


Underfull \hbox (badness 10000) in paragraph at lines 5831--5842

 []



[1
Non-PDF special ignored!
<special> header=psfrag.pro

{/usr/local/texlive/2025/texmf-var/fonts/map/pdftex/updmap/pdftex.map}{/usr/loc
al/texlive/2025/texmf-dist/fonts/enc/dvips/base/8r.enc}{/usr/local/texlive/2025
/texmf-dist/fonts/enc/dvips/lm/lm-rm.enc}] (././rubric)

[2{/usr/local/texlive/2025/texmf-dist/fonts/enc/dvips/lm/lm-mathsy.enc}]
(././policies

[3]

Package mdframed Warning: Unknown definedstyle MyFrame
 You have to define a style 
 via \mdfdefinedstyle
(mdframed)                 on input line 2.

Package mdframed Info: mdframed works in twoside mode on input line 2.
Package mdframed Info: Not enough space on this page on input line 24.

LaTeX Warning: Reference `mdf@pagelabel-1' on page 4 undefined on input line 24
.



[4]

Package mdframed Warning: Unknown definedstyle MyFrame
 You have to define a style 
 via \mdfdefinedstyle
(mdframed)                 on input line 26.

Package mdframed Info: mdframed works in twoside mode on input line 26.
Package mdframed Info: Not enough space on this page on input line 46.

LaTeX Warning: Reference `mdf@pagelabel-2' on page 5 undefined on input line 46
.

)

Package bibentry Warning: You have used \nobibliography* 
(bibentry)                without a following \bibliography.
(bibentry)                You may not be able to run BibTeX.


Package movie15 Warning: @@@@@@@@@@@@@@@@@@@@@@@@@@@@@@@@@@@@@@@
(movie15)                @@ Package `movie15' is obsolete and @@
(movie15)                @@ superseded by `media9'.           @@
(movie15)                @@@@@@@@@@@@@@@@@@@@@@@@@@@@@@@@@@@@@@@.



[5] (./syllabus121.aux)
 ***********
LaTeX2e <2024-11-01> patch level 2
L3 programming layer <2020/03/25>
 ***********


LaTeX Warning: There were undefined references.


LaTeX Warning: Label(s) may have changed. Rerun to get cross-references right.


Package rerunfilecheck Warning: File `syllabus121.out' has changed.
(rerunfilecheck)                Rerun to get outlines right
(rerunfilecheck)                or use package `bookmark'.

Package rerunfilecheck Info: Checksums for `syllabus121.out':
(rerunfilecheck)             Before: <no file>
(rerunfilecheck)             After:  D41D8CD98F00B204E9800998ECF8427E;0.
 ) 
Here is how much of TeX's memory you used:
 83389 strings out of 473190
 1949711 string characters out of 34465801
 3011035 words of memory out of 7000000
 104832 multiletter control sequences out of 15000+600000
 616672 words of font info for 170 fonts, out of 8000000 for 9000
 1141 hyphenation exceptions out of 8191
 108i,11n,117p,1179b,2105s stack positions out of 10000i,1000n,20000p,200000b,200000s
</usr/local/texlive/2025/texmf-dist/fonts/type1/public/lm/lmr10.pfb></usr/loc
al/texlive/2025/texmf-dist/fonts/type1/public/lm/lmsy10.pfb></usr/local/texlive
/2025/texmf-dist/fonts/type1/urw/times/utmb8a.pfb></usr/local/texlive/2025/texm
f-dist/fonts/type1/urw/times/utmr8a.pfb></usr/local/texlive/2025/texmf-dist/fon
ts/type1/public/wasy-type1/wasy10.pfb>
Output written on syllabus121.pdf (5 pages, 73217 bytes).
PDF statistics:
 200 PDF objects out of 1000 (max. 8388607)
 118 compressed objects within 2 object streams
 33 named destinations out of 1000 (max. 500000)
 21893 words of extra memory for PDF output out of 24883 (max. 10000000)

