5.0e2 -1.0e1 -6.61108e1 -6.61108e1
5.050504e2 -1.0e1 -6.70766e1 -6.70766e1
5.101008e2 -1.0e1 -6.80424e1 -6.80424e1
5.151512e2 -1.0e1 -6.90082e1 -6.90082e1
5.202016e2 -1.0e1 -6.99739e1 -6.99739e1
5.25252e2 -1.0e1 -7.09396e1 -7.09396e1
5.303024e2 -1.0e1 -7.19054e1 -7.19054e1
5.353528e2 -1.0e1 -7.28711e1 -7.28711e1
5.404032e2 -1.0e1 -7.38368e1 -7.38368e1
5.454536e2 -1.0e1 -7.48026e1 -7.48026e1
5.50504e2 -1.0e1 -7.57684e1 -7.57684e1
5.555544e2 -1.0e1 -7.67342e1 -7.67342e1
5.606048e2 -1.0e1 -7.76999e1 -7.76999e1
5.656552e2 -1.0e1 -7.86656e1 -7.86656e1
5.707056e2 -1.0e1 -7.96313e1 -7.96313e1
5.75756e2 -1.0e1 -8.05971e1 -8.05971e1
5.808064e2 -1.0e1 -8.15628e1 -8.15628e1
5.858568e2 -1.0e1 -8.25285e1 -8.25285e1
5.909072e2 -1.0e1 -8.34943e1 -8.34943e1
5.959576e2 -1.0e1 -8.44601e1 -8.44601e1
6.01008e2 -1.0e1 -8.54259e1 -8.54259e1
6.060584e2 -1.0e1 -8.63916e1 -8.63916e1
6.111088e2 -1.0e1 -8.73573e1 -8.73573e1
6.161592e2 -1.0e1 -8.8323e1 -8.8323e1
6.212096e2 -1.0e1 -8.92888e1 -8.92888e1
6.2626e2 -1.0e1 -9.02545e1 -9.02545e1
6.313104e2 -1.0e1 -9.12204e1 -9.12204e1
6.363608e2 -1.0e1 -9.21861e1 -9.21861e1
6.414112e2 -1.0e1 -9.31519e1 -9.31519e1
6.464616e2 -1.0e1 -9.41176e1 -9.41176e1
6.51512e2 -1.0e1 -9.50833e1 -9.50833e1
6.565624e2 -1.0e1 -9.6049e1 -9.6049e1
6.616128e2 -1.0e1 -9.70148e1 -9.70148e1
6.666632e2 -1.0e1 -9.79805e1 -9.79805e1
6.717136e2 -1.0e1 -9.89462e1 -9.89462e1
6.7676399e2 -1.0e1 -9.9912e1 -9.9912e1
6.8181439e2 -1.0e1 -1.00877e2 -1.00877e2
6.8686479e2 -1.0e1 -1.01843e2 -1.01843e2
6.9191519e2 -1.0e1 -1.02809e2 -1.02809e2
6.9696559e2 -1.0e1 -1.03775e2 -1.03775e2
7.0201599e2 -1.0e1 -1.04741e2 -1.04741e2
7.0706639e2 -1.0e1 -1.05705e2 -1.05705e2
7.1211679e2 -1.0e1 -1.06671e2 -1.06671e2
7.1716719e2 -1.0e1 -1.07637e2 -1.07637e2
7.2221759e2 -1.0e1 -1.08603e2 -1.08603e2
7.2726799e2 -1.0e1 -1.09569e2 -1.09569e2
7.3231839e2 -1.0e1 -1.10535e2 -1.10535e2
7.3736879e2 -1.0e1 -1.115e2 -1.115e2
7.4241919e2 -1.0e1 -1.12466e2 -1.12466e2
7.4746959e2 -1.0e1 -1.13432e2 -1.13432e2
7.5251999e2 -1.0e1 -1.14398e2 -1.14398e2
7.5757039e2 -1.0e1 -1.15364e2 -1.15364e2
7.6262079e2 -1.0e1 -1.16328e2 -1.16328e2
7.6767119e2 -1.0e1 -1.17294e2 -1.17294e2
7.7272159e2 -1.0e1 -1.1826e2 -1.1826e2
7.7777199e2 -1.0e1 -1.19226e2 -1.19226e2
7.8282239e2 -1.0e1 -1.20192e2 -1.20192e2
7.8787279e2 -1.0e1 -1.21158e2 -1.21158e2
7.9292319e2 -1.0e1 -1.22124e2 -1.22124e2
7.9797359e2 -1.0e1 -1.2309e2 -1.2309e2
8.0302399e2 -1.0e1 -1.24055e2 -1.24055e2
8.0807439e2 -1.0e1 -1.25021e2 -1.25021e2
8.1312479e2 -1.0e1 -1.25987e2 -1.25987e2
8.1817519e2 -1.0e1 -1.26952e2 -1.26952e2
8.2322559e2 -1.0e1 -1.27917e2 -1.27917e2
8.2827599e2 -1.0e1 -1.28883e2 -1.28883e2
8.3332639e2 -1.0e1 -1.2985e2 -1.2985e2
8.3837679e2 -1.0e1 -1.30815e2 -1.30815e2
8.4342719e2 -1.0e1 -1.31781e2 -1.31781e2
8.4847758e2 -1.0e1 -1.32747e2 -1.32747e2
8.5352798e2 -1.0e1 -1.33713e2 -1.33713e2
8.5857838e2 -1.0e1 -1.34679e2 -1.34679e2
8.6362878e2 -1.0e1 -1.35645e2 -1.35645e2
8.6867918e2 -1.0e1 -1.3661e2 -1.3661e2
8.7372958e2 -1.0e1 -1.37576e2 -1.37576e2
8.7877998e2 -1.0e1 -1.3854e2 -1.3854e2
8.8383038e2 -1.0e1 -1.39507e2 -1.39507e2
8.8888078e2 -1.0e1 -1.40472e2 -1.40472e2
8.9393118e2 -1.0e1 -1.41438e2 -1.41438e2
8.9898158e2 -1.0e1 -1.42404e2 -1.42404e2
9.0403198e2 -1.0e1 -1.4337e2 -1.4337e2
9.0908238e2 -1.0e1 -1.44336e2 -1.44336e2
9.1413278e2 -1.0e1 -1.45302e2 -1.45302e2
9.1918318e2 -1.0e1 -1.46268e2 -1.46268e2
9.2423358e2 -1.0e1 -1.47234e2 -1.47234e2
9.2928398e2 -1.0e1 -1.482e2 -1.482e2
9.3433438e2 -1.0e1 -1.49164e2 -1.49164e2
9.3938478e2 -1.0e1 -1.5013e2 -1.5013e2
9.4443518e2 -1.0e1 -1.51096e2 -1.51096e2
9.4948558e2 -1.0e1 -1.52061e2 -1.52061e2
9.5453598e2 -1.0e1 -1.53027e2 -1.53027e2
9.5958638e2 -1.0e1 -1.53993e2 -1.53993e2
9.6463678e2 -1.0e1 -1.54959e2 -1.54959e2
9.6968718e2 -1.0e1 -1.55925e2 -1.55925e2
9.7473758e2 -1.0e1 -1.56891e2 -1.56891e2
9.7978798e2 -1.0e1 -1.57857e2 -1.57857e2
9.8483838e2 -1.0e1 -1.58823e2 -1.58823e2
9.8988878e2 -1.0e1 -1.59789e2 -1.59789e2
9.9493918e2 -1.0e1 -1.60753e2 -1.60753e2
9.9998958e2 -1.0e1 -1.61719e2 -1.61719e2

5.0e2 -9.79799e0 -6.41693e1 -6.41693e1
5.050504e2 -9.79799e0 -6.51155e1 -6.51155e1
5.101008e2 -9.79799e0 -6.60619e1 -6.60619e1
5.151512e2 -9.79799e0 -6.7008e1 -6.7008e1
5.202016e2 -9.79799e0 -6.79543e1 -6.79543e1
5.25252e2 -9.79799e0 -6.89006e1 -6.89006e1
5.303024e2 -9.79799e0 -6.98468e1 -6.98468e1
5.353528e2 -9.79799e0 -7.0793e1 -7.0793e1
5.404032e2 -9.79799e0 -7.17392e1 -7.17392e1
5.454536e2 -9.79799e0 -7.26855e1 -7.26855e1
5.50504e2 -9.79799e0 -7.36317e1 -7.36317e1
5.555544e2 -9.79799e0 -7.4578e1 -7.4578e1
5.606048e2 -9.79799e0 -7.55241e1 -7.55241e1
5.656552e2 -9.79799e0 -7.64705e1 -7.64705e1
5.707056e2 -9.79799e0 -7.74167e1 -7.74167e1
5.75756e2 -9.79799e0 -7.83629e1 -7.83629e1
5.808064e2 -9.79799e0 -7.93091e1 -7.93091e1
5.858568e2 -9.79799e0 -8.02554e1 -8.02554e1
5.909072e2 -9.79799e0 -8.12016e1 -8.12016e1
5.959576e2 -9.79799e0 -8.21478e1 -8.21478e1
6.01008e2 -9.79799e0 -8.3094e1 -8.3094e1
6.060584e2 -9.79799e0 -8.40404e1 -8.40404e1
6.111088e2 -9.79799e0 -8.49866e1 -8.49866e1
6.161592e2 -9.79799e0 -8.59328e1 -8.59328e1
6.212096e2 -9.79799e0 -8.6879e1 -8.6879e1
6.2626e2 -9.79799e0 -8.78253e1 -8.78253e1
6.313104e2 -9.79799e0 -8.87715e1 -8.87715e1
6.363608e2 -9.79799e0 -8.97177e1 -8.97177e1
6.414112e2 -9.79799e0 -9.06639e1 -9.06639e1
6.464616e2 -9.79799e0 -9.16103e1 -9.16103e1
6.51512e2 -9.79799e0 -9.25565e1 -9.25565e1
6.565624e2 -9.79799e0 -9.35027e1 -9.35027e1
6.616128e2 -9.79799e0 -9.4449e1 -9.4449e1
6.666632e2 -9.79799e0 -9.53952e1 -9.53952e1
6.717136e2 -9.79799e0 -9.63414e1 -9.63414e1
6.7676399e2 -9.79799e0 -9.72876e1 -9.72876e1
6.8181439e2 -9.79799e0 -9.8234e1 -9.8234e1
6.8686479e2 -9.79799e0 -9.91801e1 -9.91801e1
6.9191519e2 -9.79799e0 -1.00125e2 -1.00125e2
6.9696559e2 -9.79799e0 -1.01073e2 -1.01073e2
7.0201599e2 -9.79799e0 -1.02019e2 -1.02019e2
7.0706639e2 -9.79799e0 -1.02965e2 -1.02965e2
7.1211679e2 -9.79799e0 -1.03911e2 -1.03911e2
7.1716719e2 -9.79799e0 -1.04857e2 -1.04857e2
7.2221759e2 -9.79799e0 -1.05803e2 -1.05803e2
7.2726799e2 -9.79799e0 -1.06749e2 -1.06749e2
7.3231839e2 -9.79799e0 -1.07695e2 -1.07695e2
7.3736879e2 -9.79799e0 -1.08643e2 -1.08643e2
7.4241919e2 -9.79799e0 -1.09589e2 -1.09589e2
7.4746959e2 -9.79799e0 -1.10535e2 -1.10535e2
7.5251999e2 -9.79799e0 -1.1148e2 -1.1148e2
7.5757039e2 -9.79799e0 -1.12427e2 -1.12427e2
7.6262079e2 -9.79799e0 -1.13373e2 -1.13373e2
7.6767119e2 -9.79799e0 -1.14319e2 -1.14319e2
7.7272159e2 -9.79799e0 -1.15265e2 -1.15265e2
7.7777199e2 -9.79799e0 -1.16212e2 -1.16212e2
7.8282239e2 -9.79799e0 -1.17159e2 -1.17159e2
7.8787279e2 -9.79799e0 -1.18105e2 -1.18105e2
7.9292319e2 -9.79799e0 -1.1905e2 -1.1905e2
7.9797359e2 -9.79799e0 -1.19997e2 -1.19997e2
8.0302399e2 -9.79799e0 -1.20943e2 -1.20943e2
8.0807439e2 -9.79799e0 -1.21889e2 -1.21889e2
8.1312479e2 -9.79799e0 -1.22835e2 -1.22835e2
8.1817519e2 -9.79799e0 -1.23782e2 -1.23782e2
8.2322559e2 -9.79799e0 -1.24728e2 -1.24728e2
8.2827599e2 -9.79799e0 -1.25674e2 -1.25674e2
8.3332639e2 -9.79799e0 -1.2662e2 -1.2662e2
8.3837679e2 -9.79799e0 -1.27567e2 -1.27567e2
8.4342719e2 -9.79799e0 -1.28513e2 -1.28513e2
8.4847758e2 -9.79799e0 -1.29459e2 -1.29459e2
8.5352798e2 -9.79799e0 -1.30405e2 -1.30405e2
8.5857838e2 -9.79799e0 -1.31352e2 -1.31352e2
8.6362878e2 -9.79799e0 -1.32298e2 -1.32298e2
8.6867918e2 -9.79799e0 -1.33244e2 -1.33244e2
8.7372958e2 -9.79799e0 -1.3419e2 -1.3419e2
8.7877998e2 -9.79799e0 -1.35136e2 -1.35136e2
8.8383038e2 -9.79799e0 -1.36082e2 -1.36082e2
8.8888078e2 -9.79799e0 -1.37029e2 -1.37029e2
8.9393118e2 -9.79799e0 -1.37975e2 -1.37975e2
8.9898158e2 -9.79799e0 -1.38922e2 -1.38922e2
9.0403198e2 -9.79799e0 -1.39868e2 -1.39868e2
9.0908238e2 -9.79799e0 -1.40814e2 -1.40814e2
9.1413278e2 -9.79799e0 -1.4176e2 -1.4176e2
9.1918318e2 -9.79799e0 -1.42706e2 -1.42706e2
9.2423358e2 -9.79799e0 -1.43652e2 -1.43652e2
9.2928398e2 -9.79799e0 -1.44598e2 -1.44598e2
9.3433438e2 -9.79799e0 -1.45544e2 -1.45544e2
9.3938478e2 -9.79799e0 -1.46492e2 -1.46492e2
9.4443518e2 -9.79799e0 -1.47438e2 -1.47438e2
9.4948558e2 -9.79799e0 -1.48384e2 -1.48384e2
9.5453598e2 -9.79799e0 -1.4933e2 -1.4933e2
9.5958638e2 -9.79799e0 -1.50276e2 -1.50276e2
9.6463678e2 -9.79799e0 -1.51222e2 -1.51222e2
9.6968718e2 -9.79799e0 -1.52168e2 -1.52168e2
9.7473758e2 -9.79799e0 -1.53114e2 -1.53114e2
9.7978798e2 -9.79799e0 -1.54062e2 -1.54062e2
9.8483838e2 -9.79799e0 -1.55008e2 -1.55008e2
9.8988878e2 -9.79799e0 -1.55954e2 -1.55954e2
9.9493918e2 -9.79799e0 -1.569e2 -1.569e2
9.9998958e2 -9.79799e0 -1.57846e2 -1.57846e2

5.0e2 -9.59598e0 -6.22278e1 -6.22278e1
5.050504e2 -9.59598e0 -6.31544e1 -6.31544e1
5.101008e2 -9.59598e0 -6.40813e1 -6.40813e1
5.151512e2 -9.59598e0 -6.5008e1 -6.5008e1
5.202016e2 -9.59598e0 -6.59348e1 -6.59348e1
5.25252e2 -9.59598e0 -6.68614e1 -6.68614e1
5.303024e2 -9.59598e0 -6.77881e1 -6.77881e1
5.353528e2 -9.59598e0 -6.87149e1 -6.87149e1
5.404032e2 -9.59598e0 -6.96416e1 -6.96416e1
5.454536e2 -9.59598e0 -7.05684e1 -7.05684e1
5.50504e2 -9.59598e0 -7.1495e1 -7.1495e1
5.555544e2 -9.59598e0 -7.24217e1 -7.24217e1
5.606048e2 -9.59598e0 -7.33485e1 -7.33485e1
5.656552e2 -9.59598e0 -7.42752e1 -7.42752e1
5.707056e2 -9.59598e0 -7.5202e1 -7.5202e1
5.75756e2 -9.59598e0 -7.61287e1 -7.61287e1
5.808064e2 -9.59598e0 -7.70555e1 -7.70555e1
5.858568e2 -9.59598e0 -7.79822e1 -7.79822e1
5.909072e2 -9.59598e0 -7.89088e1 -7.89088e1
5.959576e2 -9.59598e0 -7.98357e1 -7.98357e1
6.01008e2 -9.59598e0 -8.07623e1 -8.07623e1
6.060584e2 -9.59598e0 -8.16891e1 -8.16891e1
6.111088e2 -9.59598e0 -8.26158e1 -8.26158e1
6.161592e2 -9.59598e0 -8.35425e1 -8.35425e1
6.212096e2 -9.59598e0 -8.44693e1 -8.44693e1
6.2626e2 -9.59598e0 -8.5396e1 -8.5396e1
6.313104e2 -9.59598e0 -8.63228e1 -8.63228e1
6.363608e2 -9.59598e0 -8.72495e1 -8.72495e1
6.414112e2 -9.59598e0 -8.81761e1 -8.81761e1
6.464616e2 -9.59598e0 -8.9103e1 -8.9103e1
6.51512e2 -9.59598e0 -9.00296e1 -9.00296e1
6.565624e2 -9.59598e0 -9.09564e1 -9.09564e1
6.616128e2 -9.59598e0 -9.18831e1 -9.18831e1
6.666632e2 -9.59598e0 -9.28099e1 -9.28099e1
6.717136e2 -9.59598e0 -9.37366e1 -9.37366e1
6.7676399e2 -9.59598e0 -9.46632e1 -9.46632e1
6.8181439e2 -9.59598e0 -9.559e1 -9.559e1
6.8686479e2 -9.59598e0 -9.65167e1 -9.65167e1
6.9191519e2 -9.59598e0 -9.74434e1 -9.74434e1
6.9696559e2 -9.59598e0 -9.83702e1 -9.83702e1
7.0201599e2 -9.59598e0 -9.92969e1 -9.92969e1
7.0706639e2 -9.59598e0 -1.00223e2 -1.00223e2
7.1211679e2 -9.59598e0 -1.0115e2 -1.0115e2
7.1716719e2 -9.59598e0 -1.02077e2 -1.02077e2
7.2221759e2 -9.59598e0 -1.03003e2 -1.03003e2
7.2726799e2 -9.59598e0 -1.0393e2 -1.0393e2
7.3231839e2 -9.59598e0 -1.04857e2 -1.04857e2
7.3736879e2 -9.59598e0 -1.05783e2 -1.05783e2
7.4241919e2 -9.59598e0 -1.06711e2 -1.06711e2
7.4746959e2 -9.59598e0 -1.07637e2 -1.07637e2
7.5251999e2 -9.59598e0 -1.08563e2 -1.08563e2
7.5757039e2 -9.59598e0 -1.09491e2 -1.09491e2
7.6262079e2 -9.59598e0 -1.10417e2 -1.10417e2
7.6767119e2 -9.59598e0 -1.11343e2 -1.11343e2
7.7272159e2 -9.59598e0 -1.12271e2 -1.12271e2
7.7777199e2 -9.59598e0 -1.13197e2 -1.13197e2
7.8282239e2 -9.59598e0 -1.14124e2 -1.14124e2
7.8787279e2 -9.59598e0 -1.15051e2 -1.15051e2
7.9292319e2 -9.59598e0 -1.15977e2 -1.15977e2
7.9797359e2 -9.59598e0 -1.16904e2 -1.16904e2
8.0302399e2 -9.59598e0 -1.17831e2 -1.17831e2
8.0807439e2 -9.59598e0 -1.18758e2 -1.18758e2
8.1312479e2 -9.59598e0 -1.19684e2 -1.19684e2
8.1817519e2 -9.59598e0 -1.20612e2 -1.20612e2
8.2322559e2 -9.59598e0 -1.21538e2 -1.21538e2
8.2827599e2 -9.59598e0 -1.22464e2 -1.22464e2
8.3332639e2 -9.59598e0 -1.23392e2 -1.23392e2
8.3837679e2 -9.59598e0 -1.24318e2 -1.24318e2
8.4342719e2 -9.59598e0 -1.25244e2 -1.25244e2
8.4847758e2 -9.59598e0 -1.26172e2 -1.26172e2
8.5352798e2 -9.59598e0 -1.27098e2 -1.27098e2
8.5857838e2 -9.59598e0 -1.28024e2 -1.28024e2
8.6362878e2 -9.59598e0 -1.28952e2 -1.28952e2
8.6867918e2 -9.59598e0 -1.29878e2 -1.29878e2
8.7372958e2 -9.59598e0 -1.30804e2 -1.30804e2
8.7877998e2 -9.59598e0 -1.31732e2 -1.31732e2
8.8383038e2 -9.59598e0 -1.32658e2 -1.32658e2
8.8888078e2 -9.59598e0 -1.33585e2 -1.33585e2
8.9393118e2 -9.59598e0 -1.34512e2 -1.34512e2
8.9898158e2 -9.59598e0 -1.35439e2 -1.35439e2
9.0403198e2 -9.59598e0 -1.36365e2 -1.36365e2
9.0908238e2 -9.59598e0 -1.37292e2 -1.37292e2
9.1413278e2 -9.59598e0 -1.38219e2 -1.38219e2
9.1918318e2 -9.59598e0 -1.39145e2 -1.39145e2
9.2423358e2 -9.59598e0 -1.40073e2 -1.40073e2
9.2928398e2 -9.59598e0 -1.40999e2 -1.40999e2
9.3433438e2 -9.59598e0 -1.41927e2 -1.41927e2
9.3938478e2 -9.59598e0 -1.42853e2 -1.42853e2
9.4443518e2 -9.59598e0 -1.43779e2 -1.43779e2
9.4948558e2 -9.59598e0 -1.44707e2 -1.44707e2
9.5453598e2 -9.59598e0 -1.45633e2 -1.45633e2
9.5958638e2 -9.59598e0 -1.46559e2 -1.46559e2
9.6463678e2 -9.59598e0 -1.47487e2 -1.47487e2
9.6968718e2 -9.59598e0 -1.48413e2 -1.48413e2
9.7473758e2 -9.59598e0 -1.4934e2 -1.4934e2
9.7978798e2 -9.59598e0 -1.50267e2 -1.50267e2
9.8483838e2 -9.59598e0 -1.51193e2 -1.51193e2
9.8988878e2 -9.59598e0 -1.5212e2 -1.5212e2
9.9493918e2 -9.59598e0 -1.53047e2 -1.53047e2
9.9998958e2 -9.59598e0 -1.53973e2 -1.53973e2

5.0e2 -9.393968e0 -6.02863e1 -6.02863e1
5.050504e2 -9.393968e0 -6.11935e1 -6.11935e1
5.101008e2 -9.393968e0 -6.21007e1 -6.21007e1
5.151512e2 -9.393968e0 -6.3008e1 -6.3008e1
5.202016e2 -9.393968e0 -6.39151e1 -6.39151e1
5.25252e2 -9.393968e0 -6.48224e1 -6.48224e1
5.303024e2 -9.393968e0 -6.57297e1 -6.57297e1
5.353528e2 -9.393968e0 -6.66368e1 -6.66368e1
5.404032e2 -9.393968e0 -6.75441e1 -6.75441e1
5.454536e2 -9.393968e0 -6.84512e1 -6.84512e1
5.50504e2 -9.393968e0 -6.93585e1 -6.93585e1
5.555544e2 -9.393968e0 -7.02657e1 -7.02657e1
5.606048e2 -9.393968e0 -7.1173e1 -7.1173e1
5.656552e2 -9.393968e0 -7.20802e1 -7.20802e1
5.707056e2 -9.393968e0 -7.29874e1 -7.29874e1
5.75756e2 -9.393968e0 -7.38947e1 -7.38947e1
5.808064e2 -9.393968e0 -7.48018e1 -7.48018e1
5.858568e2 -9.393968e0 -7.5709e1 -7.5709e1
5.909072e2 -9.393968e0 -7.66162e1 -7.66162e1
5.959576e2 -9.393968e0 -7.75235e1 -7.75235e1
6.01008e2 -9.393968e0 -7.84306e1 -7.84306e1
6.060584e2 -9.393968e0 -7.93379e1 -7.93379e1
6.111088e2 -9.393968e0 -8.02452e1 -8.02452e1
6.161592e2 -9.393968e0 -8.11523e1 -8.11523e1
6.212096e2 -9.393968e0 -8.20596e1 -8.20596e1
6.2626e2 -9.393968e0 -8.29668e1 -8.29668e1
6.313104e2 -9.393968e0 -8.3874e1 -8.3874e1
6.363608e2 -9.393968e0 -8.47812e1 -8.47812e1
6.414112e2 -9.393968e0 -8.56885e1 -8.56885e1
6.464616e2 -9.393968e0 -8.65958e1 -8.65958e1
6.51512e2 -9.393968e0 -8.75029e1 -8.75029e1
6.565624e2 -9.393968e0 -8.84102e1 -8.84102e1
6.616128e2 -9.393968e0 -8.93173e1 -8.93173e1
6.666632e2 -9.393968e0 -9.02246e1 -9.02246e1
6.717136e2 -9.393968e0 -9.11317e1 -9.11317e1
6.7676399e2 -9.393968e0 -9.2039e1 -9.2039e1
6.8181439e2 -9.393968e0 -9.29462e1 -9.29462e1
6.8686479e2 -9.393968e0 -9.38535e1 -9.38535e1
6.9191519e2 -9.393968e0 -9.47606e1 -9.47606e1
6.9696559e2 -9.393968e0 -9.56679e1 -9.56679e1
7.0201599e2 -9.393968e0 -9.65752e1 -9.65752e1
7.0706639e2 -9.393968e0 -9.74823e1 -9.74823e1
7.1211679e2 -9.393968e0 -9.83896e1 -9.83896e1
7.1716719e2 -9.393968e0 -9.92967e1 -9.92967e1
7.2221759e2 -9.393968e0 -1.00203e2 -1.00203e2
7.2726799e2 -9.393968e0 -1.01111e2 -1.01111e2
7.3231839e2 -9.393968e0 -1.02017e2 -1.02017e2
7.3736879e2 -9.393968e0 -1.02925e2 -1.02925e2
7.4241919e2 -9.393968e0 -1.03831e2 -1.03831e2
7.4746959e2 -9.393968e0 -1.0474e2 -1.0474e2
7.5251999e2 -9.393968e0 -1.05647e2 -1.05647e2
7.5757039e2 -9.393968e0 -1.06554e2 -1.06554e2
7.6262079e2 -9.393968e0 -1.07462e2 -1.07462e2
7.6767119e2 -9.393968e0 -1.08368e2 -1.08368e2
7.7272159e2 -9.393968e0 -1.09276e2 -1.09276e2
7.7777199e2 -9.393968e0 -1.10182e2 -1.10182e2
7.8282239e2 -9.393968e0 -1.1109e2 -1.1109e2
7.8787279e2 -9.393968e0 -1.11998e2 -1.11998e2
7.9292319e2 -9.393968e0 -1.12904e2 -1.12904e2
7.9797359e2 -9.393968e0 -1.13812e2 -1.13812e2
8.0302399e2 -9.393968e0 -1.14719e2 -1.14719e2
8.0807439e2 -9.393968e0 -1.15627e2 -1.15627e2
8.1312479e2 -9.393968e0 -1.16533e2 -1.16533e2
8.1817519e2 -9.393968e0 -1.17441e2 -1.17441e2
8.2322559e2 -9.393968e0 -1.18347e2 -1.18347e2
8.2827599e2 -9.393968e0 -1.19255e2 -1.19255e2
8.3332639e2 -9.393968e0 -1.20163e2 -1.20163e2
8.3837679e2 -9.393968e0 -1.2107e2 -1.2107e2
8.4342719e2 -9.393968e0 -1.21977e2 -1.21977e2
8.4847758e2 -9.393968e0 -1.22884e2 -1.22884e2
8.5352798e2 -9.393968e0 -1.23792e2 -1.23792e2
8.5857838e2 -9.393968e0 -1.24698e2 -1.24698e2
8.6362878e2 -9.393968e0 -1.25606e2 -1.25606e2
8.6867918e2 -9.393968e0 -1.26512e2 -1.26512e2
8.7372958e2 -9.393968e0 -1.2742e2 -1.2742e2
8.7877998e2 -9.393968e0 -1.28328e2 -1.28328e2
8.8383038e2 -9.393968e0 -1.29234e2 -1.29234e2
8.8888078e2 -9.393968e0 -1.30142e2 -1.30142e2
8.9393118e2 -9.393968e0 -1.31049e2 -1.31049e2
8.9898158e2 -9.393968e0 -1.31956e2 -1.31956e2
9.0403198e2 -9.393968e0 -1.32863e2 -1.32863e2
9.0908238e2 -9.393968e0 -1.3377e2 -1.3377e2
9.1413278e2 -9.393968e0 -1.34677e2 -1.34677e2
9.1918318e2 -9.393968e0 -1.35585e2 -1.35585e2
9.2423358e2 -9.393968e0 -1.36493e2 -1.36493e2
9.2928398e2 -9.393968e0 -1.374e2 -1.374e2
9.3433438e2 -9.393968e0 -1.38307e2 -1.38307e2
9.3938478e2 -9.393968e0 -1.39214e2 -1.39214e2
9.4443518e2 -9.393968e0 -1.40121e2 -1.40121e2
9.4948558e2 -9.393968e0 -1.41028e2 -1.41028e2
9.5453598e2 -9.393968e0 -1.41936e2 -1.41936e2
9.5958638e2 -9.393968e0 -1.42842e2 -1.42842e2
9.6463678e2 -9.393968e0 -1.4375e2 -1.4375e2
9.6968718e2 -9.393968e0 -1.44658e2 -1.44658e2
9.7473758e2 -9.393968e0 -1.45564e2 -1.45564e2
9.7978798e2 -9.393968e0 -1.46472e2 -1.46472e2
9.8483838e2 -9.393968e0 -1.47379e2 -1.47379e2
9.8988878e2 -9.393968e0 -1.48286e2 -1.48286e2
9.9493918e2 -9.393968e0 -1.49193e2 -1.49193e2
9.9998958e2 -9.393968e0 -1.501e2 -1.501e2

5.0e2 -9.191957e0 -5.83447e1 -5.83447e1
5.050504e2 -9.191957e0 -5.92325e1 -5.92325e1
5.101008e2 -9.191957e0 -6.01202e1 -6.01202e1
5.151512e2 -9.191957e0 -6.10078e1 -6.10078e1
5.202016e2 -9.191957e0 -6.18956e1 -6.18956e1
5.25252e2 -9.191957e0 -6.27834e1 -6.27834e1
5.303024e2 -9.191957e0 -6.3671e1 -6.3671e1
5.353528e2 -9.191957e0 -6.45587e1 -6.45587e1
5.404032e2 -9.191957e0 -6.54465e1 -6.54465e1
5.454536e2 -9.191957e0 -6.6334e1 -6.6334e1
5.50504e2 -9.191957e0 -6.72218e1 -6.72218e1
5.555544e2 -9.191957e0 -6.81096e1 -6.81096e1
5.606048e2 -9.191957e0 -6.89973e1 -6.89973e1
5.656552e2 -9.191957e0 -6.9885e1 -6.9885e1
5.707056e2 -9.191957e0 -7.07727e1 -7.07727e1
5.75756e2 -9.191957e0 -7.16605e1 -7.16605e1
5.808064e2 -9.191957e0 -7.2548e1 -7.2548e1
5.858568e2 -9.191957e0 -7.34358e1 -7.34358e1
5.909072e2 -9.191957e0 -7.43236e1 -7.43236e1
5.959576e2 -9.191957e0 -7.52113e1 -7.52113e1
6.01008e2 -9.191957e0 -7.6099e1 -7.6099e1
6.060584e2 -9.191957e0 -7.69867e1 -7.69867e1
6.111088e2 -9.191957e0 -7.78745e1 -7.78745e1
6.161592e2 -9.191957e0 -7.8762e1 -7.8762e1
6.212096e2 -9.191957e0 -7.96498e1 -7.96498e1
6.2626e2 -9.191957e0 -8.05376e1 -8.05376e1
6.313104e2 -9.191957e0 -8.14252e1 -8.14252e1
6.363608e2 -9.191957e0 -8.2313e1 -8.2313e1
6.414112e2 -9.191957e0 -8.32007e1 -8.32007e1
6.464616e2 -9.191957e0 -8.40884e1 -8.40884e1
6.51512e2 -9.191957e0 -8.4976e1 -8.4976e1
6.565624e2 -9.191957e0 -8.58638e1 -8.58638e1
6.616128e2 -9.191957e0 -8.67516e1 -8.67516e1
6.666632e2 -9.191957e0 -8.76392e1 -8.76392e1
6.717136e2 -9.191957e0 -8.85269e1 -8.85269e1
6.7676399e2 -9.191957e0 -8.94147e1 -8.94147e1
6.8181439e2 -9.191957e0 -9.03023e1 -9.03023e1
6.8686479e2 -9.191957e0 -9.119e1 -9.119e1
6.9191519e2 -9.191957e0 -9.20778e1 -9.20778e1
6.9696559e2 -9.191957e0 -9.29655e1 -9.29655e1
7.0201599e2 -9.191957e0 -9.38531e1 -9.38531e1
7.0706639e2 -9.191957e0 -9.47409e1 -9.47409e1
7.1211679e2 -9.191957e0 -9.56287e1 -9.56287e1
7.1716719e2 -9.191957e0 -9.65163e1 -9.65163e1
7.2221759e2 -9.191957e0 -9.7404e1 -9.7404e1
7.2726799e2 -9.191957e0 -9.82918e1 -9.82918e1
7.3231839e2 -9.191957e0 -9.91794e1 -9.91794e1
7.3736879e2 -9.191957e0 -1.00067e2 -1.00067e2
7.4241919e2 -9.191957e0 -1.00954e2 -1.00954e2
7.4746959e2 -9.191957e0 -1.01842e2 -1.01842e2
7.5251999e2 -9.191957e0 -1.0273e2 -1.0273e2
7.5757039e2 -9.191957e0 -1.03618e2 -1.03618e2
7.6262079e2 -9.191957e0 -1.04504e2 -1.04504e2
7.6767119e2 -9.191957e0 -1.05392e2 -1.05392e2
7.7272159e2 -9.191957e0 -1.0628e2 -1.0628e2
7.7777199e2 -9.191957e0 -1.07169e2 -1.07169e2
7.8282239e2 -9.191957e0 -1.08057e2 -1.08057e2
7.8787279e2 -9.191957e0 -1.08943e2 -1.08943e2
7.9292319e2 -9.191957e0 -1.09831e2 -1.09831e2
7.9797359e2 -9.191957e0 -1.1072e2 -1.1072e2
8.0302399e2 -9.191957e0 -1.11607e2 -1.11607e2
8.0807439e2 -9.191957e0 -1.12494e2 -1.12494e2
8.1312479e2 -9.191957e0 -1.13382e2 -1.13382e2
8.1817519e2 -9.191957e0 -1.1427e2 -1.1427e2
8.2322559e2 -9.191957e0 -1.15158e2 -1.15158e2
8.2827599e2 -9.191957e0 -1.16045e2 -1.16045e2
8.3332639e2 -9.191957e0 -1.16933e2 -1.16933e2
8.3837679e2 -9.191957e0 -1.1782e2 -1.1782e2
8.4342719e2 -9.191957e0 -1.18709e2 -1.18709e2
8.4847758e2 -9.191957e0 -1.19597e2 -1.19597e2
8.5352798e2 -9.191957e0 -1.20483e2 -1.20483e2
8.5857838e2 -9.191957e0 -1.21371e2 -1.21371e2
8.6362878e2 -9.191957e0 -1.2226e2 -1.2226e2
8.6867918e2 -9.191957e0 -1.23148e2 -1.23148e2
8.7372958e2 -9.191957e0 -1.24034e2 -1.24034e2
8.7877998e2 -9.191957e0 -1.24922e2 -1.24922e2
8.8383038e2 -9.191957e0 -1.2581e2 -1.2581e2
8.8888078e2 -9.191957e0 -1.26698e2 -1.26698e2
8.9393118e2 -9.191957e0 -1.27585e2 -1.27585e2
8.9898158e2 -9.191957e0 -1.28473e2 -1.28473e2
9.0403198e2 -9.191957e0 -1.29361e2 -1.29361e2
9.0908238e2 -9.191957e0 -1.30249e2 -1.30249e2
9.1413278e2 -9.191957e0 -1.31137e2 -1.31137e2
9.1918318e2 -9.191957e0 -1.32024e2 -1.32024e2
9.2423358e2 -9.191957e0 -1.32912e2 -1.32912e2
9.2928398e2 -9.191957e0 -1.338e2 -1.338e2
9.3433438e2 -9.191957e0 -1.34688e2 -1.34688e2
9.3938478e2 -9.191957e0 -1.35574e2 -1.35574e2
9.4443518e2 -9.191957e0 -1.36462e2 -1.36462e2
9.4948558e2 -9.191957e0 -1.3735e2 -1.3735e2
9.5453598e2 -9.191957e0 -1.38239e2 -1.38239e2
9.5958638e2 -9.191957e0 -1.39125e2 -1.39125e2
9.6463678e2 -9.191957e0 -1.40013e2 -1.40013e2
9.6968718e2 -9.191957e0 -1.40901e2 -1.40901e2
9.7473758e2 -9.191957e0 -1.4179e2 -1.4179e2
9.7978798e2 -9.191957e0 -1.42677e2 -1.42677e2
9.8483838e2 -9.191957e0 -1.43564e2 -1.43564e2
9.8988878e2 -9.191957e0 -1.44452e2 -1.44452e2
9.9493918e2 -9.191957e0 -1.4534e2 -1.4534e2
9.9998958e2 -9.191957e0 -1.46228e2 -1.46228e2

5.0e2 -8.989946e0 -5.64032e1 -5.64032e1
5.050504e2 -8.989946e0 -5.72714e1 -5.72714e1
5.101008e2 -8.989946e0 -5.81396e1 -5.81396e1
5.151512e2 -8.989946e0 -5.90077e1 -5.90077e1
5.202016e2 -8.989946e0 -5.9876e1 -5.9876e1
5.25252e2 -8.989946e0 -6.07442e1 -6.07442e1
5.303024e2 -8.989946e0 -6.16124e1 -6.16124e1
5.353528e2 -8.989946e0 -6.24806e1 -6.24806e1
5.404032e2 -8.989946e0 -6.33488e1 -6.33488e1
5.454536e2 -8.989946e0 -6.4217e1 -6.4217e1
5.50504e2 -8.989946e0 -6.50851e1 -6.50851e1
5.555544e2 -8.989946e0 -6.59534e1 -6.59534e1
5.606048e2 -8.989946e0 -6.68216e1 -6.68216e1
5.656552e2 -8.989946e0 -6.76898e1 -6.76898e1
5.707056e2 -8.989946e0 -6.8558e1 -6.8558e1
5.75756e2 -8.989946e0 -6.94263e1 -6.94263e1
5.808064e2 -8.989946e0 -7.02943e1 -7.02943e1
5.858568e2 -8.989946e0 -7.11626e1 -7.11626e1
5.909072e2 -8.989946e0 -7.20308e1 -7.20308e1
5.959576e2 -8.989946e0 -7.2899e1 -7.2899e1
6.01008e2 -8.989946e0 -7.37672e1 -7.37672e1
6.060584e2 -8.989946e0 -7.46355e1 -7.46355e1
6.111088e2 -8.989946e0 -7.55037e1 -7.55037e1
6.161592e2 -8.989946e0 -7.63718e1 -7.63718e1
6.212096e2 -8.989946e0 -7.724e1 -7.724e1
6.2626e2 -8.989946e0 -7.81082e1 -7.81082e1
6.313104e2 -8.989946e0 -7.89764e1 -7.89764e1
6.363608e2 -8.989946e0 -7.98447e1 -7.98447e1
6.414112e2 -8.989946e0 -8.07129e1 -8.07129e1
6.464616e2 -8.989946e0 -8.15811e1 -8.15811e1
6.51512e2 -8.989946e0 -8.24492e1 -8.24492e1
6.565624e2 -8.989946e0 -8.33174e1 -8.33174e1
6.616128e2 -8.989946e0 -8.41856e1 -8.41856e1
6.666632e2 -8.989946e0 -8.50539e1 -8.50539e1
6.717136e2 -8.989946e0 -8.59221e1 -8.59221e1
6.7676399e2 -8.989946e0 -8.67902e1 -8.67902e1
6.8181439e2 -8.989946e0 -8.76584e1 -8.76584e1
6.8686479e2 -8.989946e0 -8.85266e1 -8.85266e1
6.9191519e2 -8.989946e0 -8.93948e1 -8.93948e1
6.9696559e2 -8.989946e0 -9.0263e1 -9.0263e1
7.0201599e2 -8.989946e0 -9.11313e1 -9.11313e1
7.0706639e2 -8.989946e0 -9.19995e1 -9.19995e1
7.1211679e2 -8.989946e0 -9.28677e1 -9.28677e1
7.1716719e2 -8.989946e0 -9.37358e1 -9.37358e1
7.2221759e2 -8.989946e0 -9.4604e1 -9.4604e1
7.2726799e2 -8.989946e0 -9.54723e1 -9.54723e1
7.3231839e2 -8.989946e0 -9.63405e1 -9.63405e1
7.3736879e2 -8.989946e0 -9.72087e1 -9.72087e1
7.4241919e2 -8.989946e0 -9.80768e1 -9.80768e1
7.4746959e2 -8.989946e0 -9.8945e1 -9.8945e1
7.5251999e2 -8.989946e0 -9.98132e1 -9.98132e1
7.5757039e2 -8.989946e0 -1.0068e2 -1.0068e2
7.6262079e2 -8.989946e0 -1.01549e2 -1.01549e2
7.6767119e2 -8.989946e0 -1.02417e2 -1.02417e2
7.7272159e2 -8.989946e0 -1.03285e2 -1.03285e2
7.7777199e2 -8.989946e0 -1.04153e2 -1.04153e2
7.8282239e2 -8.989946e0 -1.05022e2 -1.05022e2
7.8787279e2 -8.989946e0 -1.0589e2 -1.0589e2
7.9292319e2 -8.989946e0 -1.06758e2 -1.06758e2
7.9797359e2 -8.989946e0 -1.07626e2 -1.07626e2
8.0302399e2 -8.989946e0 -1.08495e2 -1.08495e2
8.0807439e2 -8.989946e0 -1.09363e2 -1.09363e2
8.1312479e2 -8.989946e0 -1.10231e2 -1.10231e2
8.1817519e2 -8.989946e0 -1.111e2 -1.111e2
8.2322559e2 -8.989946e0 -1.11967e2 -1.11967e2
8.2827599e2 -8.989946e0 -1.12836e2 -1.12836e2
8.3332639e2 -8.989946e0 -1.13704e2 -1.13704e2
8.3837679e2 -8.989946e0 -1.14572e2 -1.14572e2
8.4342719e2 -8.989946e0 -1.1544e2 -1.1544e2
8.4847758e2 -8.989946e0 -1.16309e2 -1.16309e2
8.5352798e2 -8.989946e0 -1.17177e2 -1.17177e2
8.5857838e2 -8.989946e0 -1.18045e2 -1.18045e2
8.6362878e2 -8.989946e0 -1.18913e2 -1.18913e2
8.6867918e2 -8.989946e0 -1.19781e2 -1.19781e2
8.7372958e2 -8.989946e0 -1.2065e2 -1.2065e2
8.7877998e2 -8.989946e0 -1.21518e2 -1.21518e2
8.8383038e2 -8.989946e0 -1.22386e2 -1.22386e2
8.8888078e2 -8.989946e0 -1.23254e2 -1.23254e2
8.9393118e2 -8.989946e0 -1.24123e2 -1.24123e2
8.9898158e2 -8.989946e0 -1.24991e2 -1.24991e2
9.0403198e2 -8.989946e0 -1.25859e2 -1.25859e2
9.0908238e2 -8.989946e0 -1.26727e2 -1.26727e2
9.1413278e2 -8.989946e0 -1.27596e2 -1.27596e2
9.1918318e2 -8.989946e0 -1.28464e2 -1.28464e2
9.2423358e2 -8.989946e0 -1.29332e2 -1.29332e2
9.2928398e2 -8.989946e0 -1.302e2 -1.302e2
9.3433438e2 -8.989946e0 -1.31068e2 -1.31068e2
9.3938478e2 -8.989946e0 -1.31937e2 -1.31937e2
9.4443518e2 -8.989946e0 -1.32805e2 -1.32805e2
9.4948558e2 -8.989946e0 -1.33673e2 -1.33673e2
9.5453598e2 -8.989946e0 -1.34541e2 -1.34541e2
9.5958638e2 -8.989946e0 -1.3541e2 -1.3541e2
9.6463678e2 -8.989946e0 -1.36278e2 -1.36278e2
9.6968718e2 -8.989946e0 -1.37146e2 -1.37146e2
9.7473758e2 -8.989946e0 -1.38014e2 -1.38014e2
9.7978798e2 -8.989946e0 -1.38882e2 -1.38882e2
9.8483838e2 -8.989946e0 -1.3975e2 -1.3975e2
9.8988878e2 -8.989946e0 -1.40617e2 -1.40617e2
9.9493918e2 -8.989946e0 -1.41486e2 -1.41486e2
9.9998958e2 -8.989946e0 -1.42354e2 -1.42354e2

5.0e2 -8.787935e0 -5.44617e1 -5.44617e1
5.050504e2 -8.787935e0 -5.53104e1 -5.53104e1
5.101008e2 -8.787935e0 -5.6159e1 -5.6159e1
5.151512e2 -8.787935e0 -5.70078e1 -5.70078e1
5.202016e2 -8.787935e0 -5.78564e1 -5.78564e1
5.25252e2 -8.787935e0 -5.87051e1 -5.87051e1
5.303024e2 -8.787935e0 -5.95538e1 -5.95538e1
5.353528e2 -8.787935e0 -6.04025e1 -6.04025e1
5.404032e2 -8.787935e0 -6.12512e1 -6.12512e1
5.454536e2 -8.787935e0 -6.20999e1 -6.20999e1
5.50504e2 -8.787935e0 -6.29486e1 -6.29486e1
5.555544e2 -8.787935e0 -6.37973e1 -6.37973e1
5.606048e2 -8.787935e0 -6.4646e1 -6.4646e1
5.656552e2 -8.787935e0 -6.54947e1 -6.54947e1
5.707056e2 -8.787935e0 -6.63432e1 -6.63432e1
5.75756e2 -8.787935e0 -6.71921e1 -6.71921e1
5.808064e2 -8.787935e0 -6.80408e1 -6.80408e1
5.858568e2 -8.787935e0 -6.88893e1 -6.88893e1
5.909072e2 -8.787935e0 -6.9738e1 -6.9738e1
5.959576e2 -8.787935e0 -7.05869e1 -7.05869e1
6.01008e2 -8.787935e0 -7.14355e1 -7.14355e1
6.060584e2 -8.787935e0 -7.22841e1 -7.22841e1
6.111088e2 -8.787935e0 -7.3133e1 -7.3133e1
6.161592e2 -8.787935e0 -7.39816e1 -7.39816e1
6.212096e2 -8.787935e0 -7.48302e1 -7.48302e1
6.2626e2 -8.787935e0 -7.5679e1 -7.5679e1
6.313104e2 -8.787935e0 -7.65277e1 -7.65277e1
6.363608e2 -8.787935e0 -7.73763e1 -7.73763e1
6.414112e2 -8.787935e0 -7.8225e1 -7.8225e1
6.464616e2 -8.787935e0 -7.90738e1 -7.90738e1
6.51512e2 -8.787935e0 -7.99223e1 -7.99223e1
6.565624e2 -8.787935e0 -8.0771e1 -8.0771e1
6.616128e2 -8.787935e0 -8.16197e1 -8.16197e1
6.666632e2 -8.787935e0 -8.24684e1 -8.24684e1
6.717136e2 -8.787935e0 -8.33171e1 -8.33171e1
6.7676399e2 -8.787935e0 -8.41658e1 -8.41658e1
6.8181439e2 -8.787935e0 -8.50145e1 -8.50145e1
6.8686479e2 -8.787935e0 -8.58632e1 -8.58632e1
6.9191519e2 -8.787935e0 -8.67119e1 -8.67119e1
6.9696559e2 -8.787935e0 -8.75606e1 -8.75606e1
7.0201599e2 -8.787935e0 -8.84093e1 -8.84093e1
7.0706639e2 -8.787935e0 -8.9258e1 -8.9258e1
7.1211679e2 -8.787935e0 -9.01067e1 -9.01067e1
7.1716719e2 -8.787935e0 -9.09554e1 -9.09554e1
7.2221759e2 -8.787935e0 -9.1804e1 -9.1804e1
7.2726799e2 -8.787935e0 -9.26527e1 -9.26527e1
7.3231839e2 -8.787935e0 -9.35014e1 -9.35014e1
7.3736879e2 -8.787935e0 -9.43501e1 -9.43501e1
7.4241919e2 -8.787935e0 -9.51988e1 -9.51988e1
7.4746959e2 -8.787935e0 -9.60475e1 -9.60475e1
7.5251999e2 -8.787935e0 -9.68962e1 -9.68962e1
7.5757039e2 -8.787935e0 -9.77449e1 -9.77449e1
7.6262079e2 -8.787935e0 -9.85936e1 -9.85936e1
7.6767119e2 -8.787935e0 -9.94423e1 -9.94423e1
7.7272159e2 -8.787935e0 -1.0029e2 -1.0029e2
7.7777199e2 -8.787935e0 -1.0114e2 -1.0114e2
7.8282239e2 -8.787935e0 -1.01988e2 -1.01988e2
7.8787279e2 -8.787935e0 -1.02837e2 -1.02837e2
7.9292319e2 -8.787935e0 -1.03685e2 -1.03685e2
7.9797359e2 -8.787935e0 -1.04533e2 -1.04533e2
8.0302399e2 -8.787935e0 -1.05383e2 -1.05383e2
8.0807439e2 -8.787935e0 -1.06232e2 -1.06232e2
8.1312479e2 -8.787935e0 -1.0708e2 -1.0708e2
8.1817519e2 -8.787935e0 -1.07928e2 -1.07928e2
8.2322559e2 -8.787935e0 -1.08777e2 -1.08777e2
8.2827599e2 -8.787935e0 -1.09627e2 -1.09627e2
8.3332639e2 -8.787935e0 -1.10475e2 -1.10475e2
8.3837679e2 -8.787935e0 -1.11324e2 -1.11324e2
8.4342719e2 -8.787935e0 -1.12172e2 -1.12172e2
8.4847758e2 -8.787935e0 -1.1302e2 -1.1302e2
8.5352798e2 -8.787935e0 -1.13869e2 -1.13869e2
8.5857838e2 -8.787935e0 -1.14719e2 -1.14719e2
8.6362878e2 -8.787935e0 -1.15567e2 -1.15567e2
8.6867918e2 -8.787935e0 -1.16415e2 -1.16415e2
8.7372958e2 -8.787935e0 -1.17264e2 -1.17264e2
8.7877998e2 -8.787935e0 -1.18112e2 -1.18112e2
8.8383038e2 -8.787935e0 -1.18962e2 -1.18962e2
8.8888078e2 -8.787935e0 -1.1981e2 -1.1981e2
8.9393118e2 -8.787935e0 -1.20659e2 -1.20659e2
8.9898158e2 -8.787935e0 -1.21507e2 -1.21507e2
9.0403198e2 -8.787935e0 -1.22356e2 -1.22356e2
9.0908238e2 -8.787935e0 -1.23206e2 -1.23206e2
9.1413278e2 -8.787935e0 -1.24054e2 -1.24054e2
9.1918318e2 -8.787935e0 -1.24902e2 -1.24902e2
9.2423358e2 -8.787935e0 -1.2575e2 -1.2575e2
9.2928398e2 -8.787935e0 -1.26599e2 -1.26599e2
9.3433438e2 -8.787935e0 -1.27449e2 -1.27449e2
9.3938478e2 -8.787935e0 -1.28297e2 -1.28297e2
9.4443518e2 -8.787935e0 -1.29146e2 -1.29146e2
9.4948558e2 -8.787935e0 -1.29994e2 -1.29994e2
9.5453598e2 -8.787935e0 -1.30843e2 -1.30843e2
9.5958638e2 -8.787935e0 -1.31693e2 -1.31693e2
9.6463678e2 -8.787935e0 -1.32541e2 -1.32541e2
9.6968718e2 -8.787935e0 -1.3339e2 -1.3339e2
9.7473758e2 -8.787935e0 -1.34238e2 -1.34238e2
9.7978798e2 -8.787935e0 -1.35086e2 -1.35086e2
9.8483838e2 -8.787935e0 -1.35936e2 -1.35936e2
9.8988878e2 -8.787935e0 -1.36784e2 -1.36784e2
9.9493918e2 -8.787935e0 -1.37633e2 -1.37633e2
9.9998958e2 -8.787935e0 -1.38481e2 -1.38481e2

5.0e2 -8.585924e0 -5.252e1 -5.252e1
5.050504e2 -8.585924e0 -5.33493e1 -5.33493e1
5.101008e2 -8.585924e0 -5.41785e1 -5.41785e1
5.151512e2 -8.585924e0 -5.50076e1 -5.50076e1
5.202016e2 -8.585924e0 -5.58368e1 -5.58368e1
5.25252e2 -8.585924e0 -5.6666e1 -5.6666e1
5.303024e2 -8.585924e0 -5.74951e1 -5.74951e1
5.353528e2 -8.585924e0 -5.83243e1 -5.83243e1
5.404032e2 -8.585924e0 -5.91534e1 -5.91534e1
5.454536e2 -8.585924e0 -5.99828e1 -5.99828e1
5.50504e2 -8.585924e0 -6.08119e1 -6.08119e1
5.555544e2 -8.585924e0 -6.16411e1 -6.16411e1
5.606048e2 -8.585924e0 -6.24702e1 -6.24702e1
5.656552e2 -8.585924e0 -6.32994e1 -6.32994e1
5.707056e2 -8.585924e0 -6.41286e1 -6.41286e1
5.75756e2 -8.585924e0 -6.49579e1 -6.49579e1
5.808064e2 -8.585924e0 -6.5787e1 -6.5787e1
5.858568e2 -8.585924e0 -6.66162e1 -6.66162e1
5.909072e2 -8.585924e0 -6.74454e1 -6.74454e1
5.959576e2 -8.585924e0 -6.82745e1 -6.82745e1
6.01008e2 -8.585924e0 -6.91037e1 -6.91037e1
6.060584e2 -8.585924e0 -6.99329e1 -6.99329e1
6.111088e2 -8.585924e0 -7.07622e1 -7.07622e1
6.161592e2 -8.585924e0 -7.15913e1 -7.15913e1
6.212096e2 -8.585924e0 -7.24205e1 -7.24205e1
6.2626e2 -8.585924e0 -7.32497e1 -7.32497e1
6.313104e2 -8.585924e0 -7.40788e1 -7.40788e1
6.363608e2 -8.585924e0 -7.4908e1 -7.4908e1
6.414112e2 -8.585924e0 -7.57372e1 -7.57372e1
6.464616e2 -8.585924e0 -7.65663e1 -7.65663e1
6.51512e2 -8.585924e0 -7.73956e1 -7.73956e1
6.565624e2 -8.585924e0 -7.82248e1 -7.82248e1
6.616128e2 -8.585924e0 -7.9054e1 -7.9054e1
6.666632e2 -8.585924e0 -7.98831e1 -7.98831e1
6.717136e2 -8.585924e0 -8.07123e1 -8.07123e1
6.7676399e2 -8.585924e0 -8.15414e1 -8.15414e1
6.8181439e2 -8.585924e0 -8.23706e1 -8.23706e1
6.8686479e2 -8.585924e0 -8.31998e1 -8.31998e1
6.9191519e2 -8.585924e0 -8.40291e1 -8.40291e1
6.9696559e2 -8.585924e0 -8.48582e1 -8.48582e1
7.0201599e2 -8.585924e0 -8.56874e1 -8.56874e1
7.0706639e2 -8.585924e0 -8.65166e1 -8.65166e1
7.1211679e2 -8.585924e0 -8.73457e1 -8.73457e1
7.1716719e2 -8.585924e0 -8.81749e1 -8.81749e1
7.2221759e2 -8.585924e0 -8.9004e1 -8.9004e1
7.2726799e2 -8.585924e0 -8.98332e1 -8.98332e1
7.3231839e2 -8.585924e0 -9.06625e1 -9.06625e1
7.3736879e2 -8.585924e0 -9.14917e1 -9.14917e1
7.4241919e2 -8.585924e0 -9.23209e1 -9.23209e1
7.4746959e2 -8.585924e0 -9.315e1 -9.315e1
7.5251999e2 -8.585924e0 -9.39792e1 -9.39792e1
7.5757039e2 -8.585924e0 -9.48083e1 -9.48083e1
7.6262079e2 -8.585924e0 -9.56377e1 -9.56377e1
7.6767119e2 -8.585924e0 -9.64668e1 -9.64668e1
7.7272159e2 -8.585924e0 -9.7296e1 -9.7296e1
7.7777199e2 -8.585924e0 -9.81252e1 -9.81252e1
7.8282239e2 -8.585924e0 -9.89543e1 -9.89543e1
7.8787279e2 -8.585924e0 -9.97835e1 -9.97835e1
7.9292319e2 -8.585924e0 -1.00612e2 -1.00612e2
7.9797359e2 -8.585924e0 -1.01442e2 -1.01442e2
8.0302399e2 -8.585924e0 -1.0227e2 -1.0227e2
8.0807439e2 -8.585924e0 -1.03099e2 -1.03099e2
8.1312479e2 -8.585924e0 -1.03929e2 -1.03929e2
8.1817519e2 -8.585924e0 -1.04758e2 -1.04758e2
8.2322559e2 -8.585924e0 -1.05588e2 -1.05588e2
8.2827599e2 -8.585924e0 -1.06416e2 -1.06416e2
8.3332639e2 -8.585924e0 -1.07245e2 -1.07245e2
8.3837679e2 -8.585924e0 -1.08075e2 -1.08075e2
8.4342719e2 -8.585924e0 -1.08904e2 -1.08904e2
8.4847758e2 -8.585924e0 -1.09734e2 -1.09734e2
8.5352798e2 -8.585924e0 -1.10562e2 -1.10562e2
8.5857838e2 -8.585924e0 -1.11392e2 -1.11392e2
8.6362878e2 -8.585924e0 -1.12221e2 -1.12221e2
8.6867918e2 -8.585924e0 -1.1305e2 -1.1305e2
8.7372958e2 -8.585924e0 -1.1388e2 -1.1388e2
8.7877998e2 -8.585924e0 -1.14708e2 -1.14708e2
8.8383038e2 -8.585924e0 -1.15538e2 -1.15538e2
8.8888078e2 -8.585924e0 -1.16367e2 -1.16367e2
8.9393118e2 -8.585924e0 -1.17195e2 -1.17195e2
8.9898158e2 -8.585924e0 -1.18025e2 -1.18025e2
9.0403198e2 -8.585924e0 -1.18854e2 -1.18854e2
9.0908238e2 -8.585924e0 -1.19684e2 -1.19684e2
9.1413278e2 -8.585924e0 -1.20512e2 -1.20512e2
9.1918318e2 -8.585924e0 -1.21341e2 -1.21341e2
9.2423358e2 -8.585924e0 -1.22171e2 -1.22171e2
9.2928398e2 -8.585924e0 -1.23e2 -1.23e2
9.3433438e2 -8.585924e0 -1.2383e2 -1.2383e2
9.3938478e2 -8.585924e0 -1.24658e2 -1.24658e2
9.4443518e2 -8.585924e0 -1.25488e2 -1.25488e2
9.4948558e2 -8.585924e0 -1.26317e2 -1.26317e2
9.5453598e2 -8.585924e0 -1.27145e2 -1.27145e2
9.5958638e2 -8.585924e0 -1.27975e2 -1.27975e2
9.6463678e2 -8.585924e0 -1.28804e2 -1.28804e2
9.6968718e2 -8.585924e0 -1.29634e2 -1.29634e2
9.7473758e2 -8.585924e0 -1.30463e2 -1.30463e2
9.7978798e2 -8.585924e0 -1.31291e2 -1.31291e2
9.8483838e2 -8.585924e0 -1.32121e2 -1.32121e2
9.8988878e2 -8.585924e0 -1.3295e2 -1.3295e2
9.9493918e2 -8.585924e0 -1.3378e2 -1.3378e2
9.9998958e2 -8.585924e0 -1.34608e2 -1.34608e2

5.0e2 -8.383913e0 -5.05785e1 -5.05785e1
5.050504e2 -8.383913e0 -5.13882e1 -5.13882e1
5.101008e2 -8.383913e0 -5.21979e1 -5.21979e1
5.151512e2 -8.383913e0 -5.30075e1 -5.30075e1
5.202016e2 -8.383913e0 -5.38171e1 -5.38171e1
5.25252e2 -8.383913e0 -5.46269e1 -5.46269e1
5.303024e2 -8.383913e0 -5.54366e1 -5.54366e1
5.353528e2 -8.383913e0 -5.62462e1 -5.62462e1
5.404032e2 -8.383913e0 -5.70558e1 -5.70558e1
5.454536e2 -8.383913e0 -5.78656e1 -5.78656e1
5.50504e2 -8.383913e0 -5.86752e1 -5.86752e1
5.555544e2 -8.383913e0 -5.94849e1 -5.94849e1
5.606048e2 -8.383913e0 -6.02946e1 -6.02946e1
5.656552e2 -8.383913e0 -6.11043e1 -6.11043e1
5.707056e2 -8.383913e0 -6.19139e1 -6.19139e1
5.75756e2 -8.383913e0 -6.27237e1 -6.27237e1
5.808064e2 -8.383913e0 -6.35333e1 -6.35333e1
5.858568e2 -8.383913e0 -6.4343e1 -6.4343e1
5.909072e2 -8.383913e0 -6.51526e1 -6.51526e1
5.959576e2 -8.383913e0 -6.59624e1 -6.59624e1
6.01008e2 -8.383913e0 -6.6772e1 -6.6772e1
6.060584e2 -8.383913e0 -6.75816e1 -6.75816e1
6.111088e2 -8.383913e0 -6.83913e1 -6.83913e1
6.161592e2 -8.383913e0 -6.9201e1 -6.9201e1
6.212096e2 -8.383913e0 -7.00107e1 -7.00107e1
6.2626e2 -8.383913e0 -7.08203e1 -7.08203e1
6.313104e2 -8.383913e0 -7.16301e1 -7.16301e1
6.363608e2 -8.383913e0 -7.24397e1 -7.24397e1
6.414112e2 -8.383913e0 -7.32494e1 -7.32494e1
6.464616e2 -8.383913e0 -7.4059e1 -7.4059e1
6.51512e2 -8.383913e0 -7.48688e1 -7.48688e1
6.565624e2 -8.383913e0 -7.56784e1 -7.56784e1
6.616128e2 -8.383913e0 -7.6488e1 -7.6488e1
6.666632e2 -8.383913e0 -7.72978e1 -7.72978e1
6.717136e2 -8.383913e0 -7.81075e1 -7.81075e1
6.7676399e2 -8.383913e0 -7.89171e1 -7.89171e1
6.8181439e2 -8.383913e0 -7.97267e1 -7.97267e1
6.8686479e2 -8.383913e0 -8.05365e1 -8.05365e1
6.9191519e2 -8.383913e0 -8.13461e1 -8.13461e1
6.9696559e2 -8.383913e0 -8.21558e1 -8.21558e1
7.0201599e2 -8.383913e0 -8.29654e1 -8.29654e1
7.0706639e2 -8.383913e0 -8.37752e1 -8.37752e1
7.1211679e2 -8.383913e0 -8.45848e1 -8.45848e1
7.1716719e2 -8.383913e0 -8.53944e1 -8.53944e1
7.2221759e2 -8.383913e0 -8.62042e1 -8.62042e1
7.2726799e2 -8.383913e0 -8.70139e1 -8.70139e1
7.3231839e2 -8.383913e0 -8.78235e1 -8.78235e1
7.3736879e2 -8.383913e0 -8.86331e1 -8.86331e1
7.4241919e2 -8.383913e0 -8.94429e1 -8.94429e1
7.4746959e2 -8.383913e0 -9.02525e1 -9.02525e1
7.5251999e2 -8.383913e0 -9.10622e1 -9.10622e1
7.5757039e2 -8.383913e0 -9.18718e1 -9.18718e1
7.6262079e2 -8.383913e0 -9.26816e1 -9.26816e1
7.6767119e2 -8.383913e0 -9.34912e1 -9.34912e1
7.7272159e2 -8.383913e0 -9.43008e1 -9.43008e1
7.7777199e2 -8.383913e0 -9.51106e1 -9.51106e1
7.8282239e2 -8.383913e0 -9.59203e1 -9.59203e1
7.8787279e2 -8.383913e0 -9.67299e1 -9.67299e1
7.9292319e2 -8.383913e0 -9.75395e1 -9.75395e1
7.9797359e2 -8.383913e0 -9.83493e1 -9.83493e1
8.0302399e2 -8.383913e0 -9.9159e1 -9.9159e1
8.0807439e2 -8.383913e0 -9.99686e1 -9.99686e1
8.1312479e2 -8.383913e0 -1.00778e2 -1.00778e2
8.1817519e2 -8.383913e0 -1.01587e2 -1.01587e2
8.2322559e2 -8.383913e0 -1.02397e2 -1.02397e2
8.2827599e2 -8.383913e0 -1.03207e2 -1.03207e2
8.3332639e2 -8.383913e0 -1.04016e2 -1.04016e2
8.3837679e2 -8.383913e0 -1.04826e2 -1.04826e2
8.4342719e2 -8.383913e0 -1.05635e2 -1.05635e2
8.4847758e2 -8.383913e0 -1.06445e2 -1.06445e2
8.5352798e2 -8.383913e0 -1.07256e2 -1.07256e2
8.5857838e2 -8.383913e0 -1.08064e2 -1.08064e2
8.6362878e2 -8.383913e0 -1.08875e2 -1.08875e2
8.6867918e2 -8.383913e0 -1.09685e2 -1.09685e2
8.7372958e2 -8.383913e0 -1.10493e2 -1.10493e2
8.7877998e2 -8.383913e0 -1.11304e2 -1.11304e2
8.8383038e2 -8.383913e0 -1.12112e2 -1.12112e2
8.8888078e2 -8.383913e0 -1.12923e2 -1.12923e2
8.9393118e2 -8.383913e0 -1.13733e2 -1.13733e2
8.9898158e2 -8.383913e0 -1.14542e2 -1.14542e2
9.0403198e2 -8.383913e0 -1.15352e2 -1.15352e2
9.0908238e2 -8.383913e0 -1.16162e2 -1.16162e2
9.1413278e2 -8.383913e0 -1.16971e2 -1.16971e2
9.1918318e2 -8.383913e0 -1.17781e2 -1.17781e2
9.2423358e2 -8.383913e0 -1.1859e2 -1.1859e2
9.2928398e2 -8.383913e0 -1.194e2 -1.194e2
9.3433438e2 -8.383913e0 -1.2021e2 -1.2021e2
9.3938478e2 -8.383913e0 -1.21019e2 -1.21019e2
9.4443518e2 -8.383913e0 -1.21829e2 -1.21829e2
9.4948558e2 -8.383913e0 -1.2264e2 -1.2264e2
9.5453598e2 -8.383913e0 -1.23448e2 -1.23448e2
9.5958638e2 -8.383913e0 -1.24258e2 -1.24258e2
9.6463678e2 -8.383913e0 -1.25069e2 -1.25069e2
9.6968718e2 -8.383913e0 -1.25877e2 -1.25877e2
9.7473758e2 -8.383913e0 -1.26688e2 -1.26688e2
9.7978798e2 -8.383913e0 -1.27496e2 -1.27496e2
9.8483838e2 -8.383913e0 -1.28307e2 -1.28307e2
9.8988878e2 -8.383913e0 -1.29117e2 -1.29117e2
9.9493918e2 -8.383913e0 -1.29926e2 -1.29926e2
9.9998958e2 -8.383913e0 -1.30736e2 -1.30736e2

5.0e2 -8.181902e0 -4.8637e1 -4.8637e1
5.050504e2 -8.181902e0 -4.9427e1 -4.9427e1
5.101008e2 -8.181902e0 -5.02173e1 -5.02173e1
5.151512e2 -8.181902e0 -5.10074e1 -5.10074e1
5.202016e2 -8.181902e0 -5.17976e1 -5.17976e1
5.25252e2 -8.181902e0 -5.25877e1 -5.25877e1
5.303024e2 -8.181902e0 -5.3378e1 -5.3378e1
5.353528e2 -8.181902e0 -5.41681e1 -5.41681e1
5.404032e2 -8.181902e0 -5.49582e1 -5.49582e1
5.454536e2 -8.181902e0 -5.57484e1 -5.57484e1
5.50504e2 -8.181902e0 -5.65385e1 -5.65385e1
5.555544e2 -8.181902e0 -5.73288e1 -5.73288e1
5.606048e2 -8.181902e0 -5.81189e1 -5.81189e1
5.656552e2 -8.181902e0 -5.89091e1 -5.89091e1
5.707056e2 -8.181902e0 -5.96992e1 -5.96992e1
5.75756e2 -8.181902e0 -6.04893e1 -6.04893e1
5.808064e2 -8.181902e0 -6.12796e1 -6.12796e1
5.858568e2 -8.181902e0 -6.20697e1 -6.20697e1
5.909072e2 -8.181902e0 -6.286e1 -6.286e1
5.959576e2 -8.181902e0 -6.365e1 -6.365e1
6.01008e2 -8.181902e0 -6.44403e1 -6.44403e1
6.060584e2 -8.181902e0 -6.52304e1 -6.52304e1
6.111088e2 -8.181902e0 -6.60205e1 -6.60205e1
6.161592e2 -8.181902e0 -6.68108e1 -6.68108e1
6.212096e2 -8.181902e0 -6.76009e1 -6.76009e1
6.2626e2 -8.181902e0 -6.83911e1 -6.83911e1
6.313104e2 -8.181902e0 -6.91812e1 -6.91812e1
6.363608e2 -8.181902e0 -6.99713e1 -6.99713e1
6.414112e2 -8.181902e0 -7.07616e1 -7.07616e1
6.464616e2 -8.181902e0 -7.15517e1 -7.15517e1
6.51512e2 -8.181902e0 -7.23419e1 -7.23419e1
6.565624e2 -8.181902e0 -7.3132e1 -7.3132e1
6.616128e2 -8.181902e0 -7.39223e1 -7.39223e1
6.666632e2 -8.181902e0 -7.47124e1 -7.47124e1
6.717136e2 -8.181902e0 -7.55025e1 -7.55025e1
6.7676399e2 -8.181902e0 -7.62927e1 -7.62927e1
6.8181439e2 -8.181902e0 -7.70828e1 -7.70828e1
6.8686479e2 -8.181902e0 -7.78731e1 -7.78731e1
6.9191519e2 -8.181902e0 -7.86632e1 -7.86632e1
6.9696559e2 -8.181902e0 -7.94534e1 -7.94534e1
7.0201599e2 -8.181902e0 -8.02435e1 -8.02435e1
7.0706639e2 -8.181902e0 -8.10336e1 -8.10336e1
7.1211679e2 -8.181902e0 -8.18239e1 -8.18239e1
7.1716719e2 -8.181902e0 -8.2614e1 -8.2614e1
7.2221759e2 -8.181902e0 -8.34042e1 -8.34042e1
7.2726799e2 -8.181902e0 -8.41943e1 -8.41943e1
7.3231839e2 -8.181902e0 -8.49846e1 -8.49846e1
7.3736879e2 -8.181902e0 -8.57747e1 -8.57747e1
7.4241919e2 -8.181902e0 -8.65648e1 -8.65648e1
7.4746959e2 -8.181902e0 -8.7355e1 -8.7355e1
7.5251999e2 -8.181902e0 -8.81451e1 -8.81451e1
7.5757039e2 -8.181902e0 -8.89354e1 -8.89354e1
7.6262079e2 -8.181902e0 -8.97255e1 -8.97255e1
7.6767119e2 -8.181902e0 -9.05157e1 -9.05157e1
7.7272159e2 -8.181902e0 -9.13058e1 -9.13058e1
7.7777199e2 -8.181902e0 -9.2096e1 -9.2096e1
7.8282239e2 -8.181902e0 -9.28862e1 -9.28862e1
7.8787279e2 -8.181902e0 -9.36763e1 -9.36763e1
7.9292319e2 -8.181902e0 -9.44666e1 -9.44666e1
7.9797359e2 -8.181902e0 -9.52567e1 -9.52567e1
8.0302399e2 -8.181902e0 -9.60468e1 -9.60468e1
8.0807439e2 -8.181902e0 -9.6837e1 -9.6837e1
8.1312479e2 -8.181902e0 -9.76271e1 -9.76271e1
8.1817519e2 -8.181902e0 -9.84174e1 -9.84174e1
8.2322559e2 -8.181902e0 -9.92075e1 -9.92075e1
8.2827599e2 -8.181902e0 -9.99977e1 -9.99977e1
8.3332639e2 -8.181902e0 -1.00787e2 -1.00787e2
8.3837679e2 -8.181902e0 -1.01578e2 -1.01578e2
8.4342719e2 -8.181902e0 -1.02368e2 -1.02368e2
8.4847758e2 -8.181902e0 -1.03157e2 -1.03157e2
8.5352798e2 -8.181902e0 -1.03947e2 -1.03947e2
8.5857838e2 -8.181902e0 -1.04738e2 -1.04738e2
8.6362878e2 -8.181902e0 -1.05528e2 -1.05528e2
8.6867918e2 -8.181902e0 -1.06319e2 -1.06319e2
8.7372958e2 -8.181902e0 -1.07109e2 -1.07109e2
8.7877998e2 -8.181902e0 -1.07898e2 -1.07898e2
8.8383038e2 -8.181902e0 -1.08688e2 -1.08688e2
8.8888078e2 -8.181902e0 -1.09479e2 -1.09479e2
8.9393118e2 -8.181902e0 -1.10269e2 -1.10269e2
8.9898158e2 -8.181902e0 -1.1106e2 -1.1106e2
9.0403198e2 -8.181902e0 -1.1185e2 -1.1185e2
9.0908238e2 -8.181902e0 -1.1264e2 -1.1264e2
9.1413278e2 -8.181902e0 -1.1343e2 -1.1343e2
9.1918318e2 -8.181902e0 -1.1422e2 -1.1422e2
9.2423358e2 -8.181902e0 -1.1501e2 -1.1501e2
9.2928398e2 -8.181902e0 -1.158e2 -1.158e2
9.3433438e2 -8.181902e0 -1.16591e2 -1.16591e2
9.3938478e2 -8.181902e0 -1.17381e2 -1.17381e2
9.4443518e2 -8.181902e0 -1.1817e2 -1.1817e2
9.4948558e2 -8.181902e0 -1.1896e2 -1.1896e2
9.5453598e2 -8.181902e0 -1.19751e2 -1.19751e2
9.5958638e2 -8.181902e0 -1.20541e2 -1.20541e2
9.6463678e2 -8.181902e0 -1.21332e2 -1.21332e2
9.6968718e2 -8.181902e0 -1.22122e2 -1.22122e2
9.7473758e2 -8.181902e0 -1.22911e2 -1.22911e2
9.7978798e2 -8.181902e0 -1.23701e2 -1.23701e2
9.8483838e2 -8.181902e0 -1.24492e2 -1.24492e2
9.8988878e2 -8.181902e0 -1.25282e2 -1.25282e2
9.9493918e2 -8.181902e0 -1.26073e2 -1.26073e2
9.9998958e2 -8.181902e0 -1.26863e2 -1.26863e2

5.0e2 -7.97989e0 -4.66954e1 -4.66954e1
5.050504e2 -7.97989e0 -4.7466e1 -4.7466e1
5.101008e2 -7.97989e0 -4.82367e1 -4.82367e1
5.151512e2 -7.97989e0 -4.90074e1 -4.90074e1
5.202016e2 -7.97989e0 -4.9778e1 -4.9778e1
5.25252e2 -7.97989e0 -5.05487e1 -5.05487e1
5.303024e2 -7.97989e0 -5.13193e1 -5.13193e1
5.353528e2 -7.97989e0 -5.209e1 -5.209e1
5.404032e2 -7.97989e0 -5.28606e1 -5.28606e1
5.454536e2 -7.97989e0 -5.36313e1 -5.36313e1
5.50504e2 -7.97989e0 -5.4402e1 -5.4402e1
5.555544e2 -7.97989e0 -5.51726e1 -5.51726e1
5.606048e2 -7.97989e0 -5.59433e1 -5.59433e1
5.656552e2 -7.97989e0 -5.67139e1 -5.67139e1
5.707056e2 -7.97989e0 -5.74846e1 -5.74846e1
5.75756e2 -7.97989e0 -5.82552e1 -5.82552e1
5.808064e2 -7.97989e0 -5.90259e1 -5.90259e1
5.858568e2 -7.97989e0 -5.97966e1 -5.97966e1
5.909072e2 -7.97989e0 -6.05672e1 -6.05672e1
5.959576e2 -7.97989e0 -6.13379e1 -6.13379e1
6.01008e2 -7.97989e0 -6.21085e1 -6.21085e1
6.060584e2 -7.97989e0 -6.28792e1 -6.28792e1
6.111088e2 -7.97989e0 -6.36497e1 -6.36497e1
6.161592e2 -7.97989e0 -6.44205e1 -6.44205e1
6.212096e2 -7.97989e0 -6.5191e1 -6.5191e1
6.2626e2 -7.97989e0 -6.59618e1 -6.59618e1
6.313104e2 -7.97989e0 -6.67325e1 -6.67325e1
6.363608e2 -7.97989e0 -6.7503e1 -6.7503e1
6.414112e2 -7.97989e0 -6.82738e1 -6.82738e1
6.464616e2 -7.97989e0 -6.90443e1 -6.90443e1
6.51512e2 -7.97989e0 -6.9815e1 -6.9815e1
6.565624e2 -7.97989e0 -7.05856e1 -7.05856e1
6.616128e2 -7.97989e0 -7.13564e1 -7.13564e1
6.666632e2 -7.97989e0 -7.2127e1 -7.2127e1
6.717136e2 -7.97989e0 -7.28976e1 -7.28976e1
6.7676399e2 -7.97989e0 -7.36684e1 -7.36684e1
6.8181439e2 -7.97989e0 -7.4439e1 -7.4439e1
6.8686479e2 -7.97989e0 -7.52097e1 -7.52097e1
6.9191519e2 -7.97989e0 -7.59802e1 -7.59802e1
6.9696559e2 -7.97989e0 -7.6751e1 -7.6751e1
7.0201599e2 -7.97989e0 -7.75217e1 -7.75217e1
7.0706639e2 -7.97989e0 -7.82922e1 -7.82922e1
7.1211679e2 -7.97989e0 -7.9063e1 -7.9063e1
7.1716719e2 -7.97989e0 -7.98335e1 -7.98335e1
7.2221759e2 -7.97989e0 -8.06042e1 -8.06042e1
7.2726799e2 -7.97989e0 -8.13748e1 -8.13748e1
7.3231839e2 -7.97989e0 -8.21455e1 -8.21455e1
7.3736879e2 -7.97989e0 -8.29163e1 -8.29163e1
7.4241919e2 -7.97989e0 -8.36868e1 -8.36868e1
7.4746959e2 -7.97989e0 -8.44576e1 -8.44576e1
7.5251999e2 -7.97989e0 -8.52281e1 -8.52281e1
7.5757039e2 -7.97989e0 -8.59988e1 -8.59988e1
7.6262079e2 -7.97989e0 -8.67694e1 -8.67694e1
7.6767119e2 -7.97989e0 -8.75401e1 -8.75401e1
7.7272159e2 -7.97989e0 -8.83107e1 -8.83107e1
7.7777199e2 -7.97989e0 -8.90814e1 -8.90814e1
7.8282239e2 -7.97989e0 -8.98521e1 -8.98521e1
7.8787279e2 -7.97989e0 -9.06227e1 -9.06227e1
7.9292319e2 -7.97989e0 -9.13934e1 -9.13934e1
7.9797359e2 -7.97989e0 -9.2164e1 -9.2164e1
8.0302399e2 -7.97989e0 -9.29347e1 -9.29347e1
8.0807439e2 -7.97989e0 -9.37053e1 -9.37053e1
8.1312479e2 -7.97989e0 -9.4476e1 -9.4476e1
8.1817519e2 -7.97989e0 -9.52467e1 -9.52467e1
8.2322559e2 -7.97989e0 -9.60173e1 -9.60173e1
8.2827599e2 -7.97989e0 -9.6788e1 -9.6788e1
8.3332639e2 -7.97989e0 -9.75586e1 -9.75586e1
8.3837679e2 -7.97989e0 -9.83293e1 -9.83293e1
8.4342719e2 -7.97989e0 -9.90999e1 -9.90999e1
8.4847758e2 -7.97989e0 -9.98706e1 -9.98706e1
8.5352798e2 -7.97989e0 -1.00641e2 -1.00641e2
8.5857838e2 -7.97989e0 -1.01411e2 -1.01411e2
8.6362878e2 -7.97989e0 -1.02182e2 -1.02182e2
8.6867918e2 -7.97989e0 -1.02953e2 -1.02953e2
8.7372958e2 -7.97989e0 -1.03723e2 -1.03723e2
8.7877998e2 -7.97989e0 -1.04494e2 -1.04494e2
8.8383038e2 -7.97989e0 -1.05264e2 -1.05264e2
8.8888078e2 -7.97989e0 -1.06035e2 -1.06035e2
8.9393118e2 -7.97989e0 -1.06805e2 -1.06805e2
8.9898158e2 -7.97989e0 -1.07576e2 -1.07576e2
9.0403198e2 -7.97989e0 -1.08347e2 -1.08347e2
9.0908238e2 -7.97989e0 -1.09117e2 -1.09117e2
9.1413278e2 -7.97989e0 -1.09889e2 -1.09889e2
9.1918318e2 -7.97989e0 -1.1066e2 -1.1066e2
9.2423358e2 -7.97989e0 -1.1143e2 -1.1143e2
9.2928398e2 -7.97989e0 -1.12201e2 -1.12201e2
9.3433438e2 -7.97989e0 -1.12971e2 -1.12971e2
9.3938478e2 -7.97989e0 -1.13742e2 -1.13742e2
9.4443518e2 -7.97989e0 -1.14513e2 -1.14513e2
9.4948558e2 -7.97989e0 -1.15283e2 -1.15283e2
9.5453598e2 -7.97989e0 -1.16054e2 -1.16054e2
9.5958638e2 -7.97989e0 -1.16824e2 -1.16824e2
9.6463678e2 -7.97989e0 -1.17595e2 -1.17595e2
9.6968718e2 -7.97989e0 -1.18365e2 -1.18365e2
9.7473758e2 -7.97989e0 -1.19136e2 -1.19136e2
9.7978798e2 -7.97989e0 -1.19907e2 -1.19907e2
9.8483838e2 -7.97989e0 -1.20677e2 -1.20677e2
9.8988878e2 -7.97989e0 -1.21448e2 -1.21448e2
9.9493918e2 -7.97989e0 -1.22218e2 -1.22218e2
9.9998958e2 -7.97989e0 -1.22989e2 -1.22989e2

5.0e2 -7.777881e0 -4.47539e1 -4.47539e1
5.050504e2 -7.777881e0 -4.5505e1 -4.5505e1
5.101008e2 -7.777881e0 -4.62563e1 -4.62563e1
5.151512e2 -7.777881e0 -4.70073e1 -4.70073e1
5.202016e2 -7.777881e0 -4.77585e1 -4.77585e1
5.25252e2 -7.777881e0 -4.85097e1 -4.85097e1
5.303024e2 -7.777881e0 -4.92609e1 -4.92609e1
5.353528e2 -7.777881e0 -5.00119e1 -5.00119e1
5.404032e2 -7.777881e0 -5.07631e1 -5.07631e1
5.454536e2 -7.777881e0 -5.15143e1 -5.15143e1
5.50504e2 -7.777881e0 -5.22653e1 -5.22653e1
5.555544e2 -7.777881e0 -5.30165e1 -5.30165e1
5.606048e2 -7.777881e0 -5.37677e1 -5.37677e1
5.656552e2 -7.777881e0 -5.45189e1 -5.45189e1
5.707056e2 -7.777881e0 -5.527e1 -5.527e1
5.75756e2 -7.777881e0 -5.60211e1 -5.60211e1
5.808064e2 -7.777881e0 -5.67723e1 -5.67723e1
5.858568e2 -7.777881e0 -5.75233e1 -5.75233e1
5.909072e2 -7.777881e0 -5.82745e1 -5.82745e1
5.959576e2 -7.777881e0 -5.90257e1 -5.90257e1
6.01008e2 -7.777881e0 -5.97769e1 -5.97769e1
6.060584e2 -7.777881e0 -6.0528e1 -6.0528e1
6.111088e2 -7.777881e0 -6.12791e1 -6.12791e1
6.161592e2 -7.777881e0 -6.20303e1 -6.20303e1
6.212096e2 -7.777881e0 -6.27814e1 -6.27814e1
6.2626e2 -7.777881e0 -6.35326e1 -6.35326e1
6.313104e2 -7.777881e0 -6.42838e1 -6.42838e1
6.363608e2 -7.777881e0 -6.5035e1 -6.5035e1
6.414112e2 -7.777881e0 -6.5786e1 -6.5786e1
6.464616e2 -7.777881e0 -6.65372e1 -6.65372e1
6.51512e2 -7.777881e0 -6.72884e1 -6.72884e1
6.565624e2 -7.777881e0 -6.80394e1 -6.80394e1
6.616128e2 -7.777881e0 -6.87906e1 -6.87906e1
6.666632e2 -7.777881e0 -6.95418e1 -6.95418e1
6.717136e2 -7.777881e0 -7.02928e1 -7.02928e1
6.7676399e2 -7.777881e0 -7.1044e1 -7.1044e1
6.8181439e2 -7.777881e0 -7.17952e1 -7.17952e1
6.8686479e2 -7.777881e0 -7.25464e1 -7.25464e1
6.9191519e2 -7.777881e0 -7.32974e1 -7.32974e1
6.9696559e2 -7.777881e0 -7.40486e1 -7.40486e1
7.0201599e2 -7.777881e0 -7.47998e1 -7.47998e1
7.0706639e2 -7.777881e0 -7.5551e1 -7.5551e1
7.1211679e2 -7.777881e0 -7.6302e1 -7.6302e1
7.1716719e2 -7.777881e0 -7.70532e1 -7.70532e1
7.2221759e2 -7.777881e0 -7.78044e1 -7.78044e1
7.2726799e2 -7.777881e0 -7.85555e1 -7.85555e1
7.3231839e2 -7.777881e0 -7.93066e1 -7.93066e1
7.3736879e2 -7.777881e0 -8.00578e1 -8.00578e1
7.4241919e2 -7.777881e0 -8.0809e1 -8.0809e1
7.4746959e2 -7.777881e0 -8.156e1 -8.156e1
7.5251999e2 -7.777881e0 -8.23112e1 -8.23112e1
7.5757039e2 -7.777881e0 -8.30624e1 -8.30624e1
7.6262079e2 -7.777881e0 -8.38136e1 -8.38136e1
7.6767119e2 -7.777881e0 -8.45647e1 -8.45647e1
7.7272159e2 -7.777881e0 -8.53159e1 -8.53159e1
7.7777199e2 -7.777881e0 -8.6067e1 -8.6067e1
7.8282239e2 -7.777881e0 -8.68181e1 -8.68181e1
7.8787279e2 -7.777881e0 -8.75693e1 -8.75693e1
7.9292319e2 -7.777881e0 -8.83205e1 -8.83205e1
7.9797359e2 -7.777881e0 -8.90717e1 -8.90717e1
8.0302399e2 -7.777881e0 -8.98227e1 -8.98227e1
8.0807439e2 -7.777881e0 -9.05739e1 -9.05739e1
8.1312479e2 -7.777881e0 -9.1325e1 -9.1325e1
8.1817519e2 -7.777881e0 -9.20761e1 -9.20761e1
8.2322559e2 -7.777881e0 -9.28273e1 -9.28273e1
8.2827599e2 -7.777881e0 -9.35785e1 -9.35785e1
8.3332639e2 -7.777881e0 -9.43295e1 -9.43295e1
8.3837679e2 -7.777881e0 -9.50807e1 -9.50807e1
8.4342719e2 -7.777881e0 -9.58319e1 -9.58319e1
8.4847758e2 -7.777881e0 -9.65831e1 -9.65831e1
8.5352798e2 -7.777881e0 -9.73341e1 -9.73341e1
8.5857838e2 -7.777881e0 -9.80853e1 -9.80853e1
8.6362878e2 -7.777881e0 -9.88365e1 -9.88365e1
8.6867918e2 -7.777881e0 -9.95876e1 -9.95876e1
8.7372958e2 -7.777881e0 -1.00339e2 -1.00339e2
8.7877998e2 -7.777881e0 -1.0109e2 -1.0109e2
8.8383038e2 -7.777881e0 -1.0184e2 -1.0184e2
8.8888078e2 -7.777881e0 -1.02591e2 -1.02591e2
8.9393118e2 -7.777881e0 -1.03343e2 -1.03343e2
8.9898158e2 -7.777881e0 -1.04094e2 -1.04094e2
9.0403198e2 -7.777881e0 -1.04845e2 -1.04845e2
9.0908238e2 -7.777881e0 -1.05597e2 -1.05597e2
9.1413278e2 -7.777881e0 -1.06348e2 -1.06348e2
9.1918318e2 -7.777881e0 -1.07098e2 -1.07098e2
9.2423358e2 -7.777881e0 -1.07849e2 -1.07849e2
9.2928398e2 -7.777881e0 -1.08601e2 -1.08601e2
9.3433438e2 -7.777881e0 -1.09352e2 -1.09352e2
9.3938478e2 -7.777881e0 -1.10103e2 -1.10103e2
9.4443518e2 -7.777881e0 -1.10854e2 -1.10854e2
9.4948558e2 -7.777881e0 -1.11606e2 -1.11606e2
9.5453598e2 -7.777881e0 -1.12357e2 -1.12357e2
9.5958638e2 -7.777881e0 -1.13107e2 -1.13107e2
9.6463678e2 -7.777881e0 -1.1386e2 -1.1386e2
9.6968718e2 -7.777881e0 -1.1461e2 -1.1461e2
9.7473758e2 -7.777881e0 -1.15361e2 -1.15361e2
9.7978798e2 -7.777881e0 -1.16112e2 -1.16112e2
9.8483838e2 -7.777881e0 -1.16864e2 -1.16864e2
9.8988878e2 -7.777881e0 -1.17615e2 -1.17615e2
9.9493918e2 -7.777881e0 -1.18365e2 -1.18365e2
9.9998958e2 -7.777881e0 -1.19116e2 -1.19116e2

5.0e2 -7.57587e0 -4.28123e1 -4.28123e1
5.050504e2 -7.57587e0 -4.3544e1 -4.3544e1
5.101008e2 -7.57587e0 -4.42757e1 -4.42757e1
5.151512e2 -7.57587e0 -4.50073e1 -4.50073e1
5.202016e2 -7.57587e0 -4.57388e1 -4.57388e1
5.25252e2 -7.57587e0 -4.64705e1 -4.64705e1
5.303024e2 -7.57587e0 -4.72021e1 -4.72021e1
5.353528e2 -7.57587e0 -4.79338e1 -4.79338e1
5.404032e2 -7.57587e0 -4.86655e1 -4.86655e1
5.454536e2 -7.57587e0 -4.93971e1 -4.93971e1
5.50504e2 -7.57587e0 -5.01288e1 -5.01288e1
5.555544e2 -7.57587e0 -5.08603e1 -5.08603e1
5.606048e2 -7.57587e0 -5.1592e1 -5.1592e1
5.656552e2 -7.57587e0 -5.23236e1 -5.23236e1
5.707056e2 -7.57587e0 -5.30553e1 -5.30553e1
5.75756e2 -7.57587e0 -5.3787e1 -5.3787e1
5.808064e2 -7.57587e0 -5.45186e1 -5.45186e1
5.858568e2 -7.57587e0 -5.52502e1 -5.52502e1
5.909072e2 -7.57587e0 -5.59818e1 -5.59818e1
5.959576e2 -7.57587e0 -5.67134e1 -5.67134e1
6.01008e2 -7.57587e0 -5.7445e1 -5.7445e1
6.060584e2 -7.57587e0 -5.81767e1 -5.81767e1
6.111088e2 -7.57587e0 -5.89084e1 -5.89084e1
6.161592e2 -7.57587e0 -5.964e1 -5.964e1
6.212096e2 -7.57587e0 -6.03717e1 -6.03717e1
6.2626e2 -7.57587e0 -6.11034e1 -6.11034e1
6.313104e2 -7.57587e0 -6.18349e1 -6.18349e1
6.363608e2 -7.57587e0 -6.25665e1 -6.25665e1
6.414112e2 -7.57587e0 -6.32982e1 -6.32982e1
6.464616e2 -7.57587e0 -6.40298e1 -6.40298e1
6.51512e2 -7.57587e0 -6.47615e1 -6.47615e1
6.565624e2 -7.57587e0 -6.54932e1 -6.54932e1
6.616128e2 -7.57587e0 -6.62248e1 -6.62248e1
6.666632e2 -7.57587e0 -6.69563e1 -6.69563e1
6.717136e2 -7.57587e0 -6.7688e1 -6.7688e1
6.7676399e2 -7.57587e0 -6.84196e1 -6.84196e1
6.8181439e2 -7.57587e0 -6.91513e1 -6.91513e1
6.8686479e2 -7.57587e0 -6.9883e1 -6.9883e1
6.9191519e2 -7.57587e0 -7.06146e1 -7.06146e1
6.9696559e2 -7.57587e0 -7.13463e1 -7.13463e1
7.0201599e2 -7.57587e0 -7.20778e1 -7.20778e1
7.0706639e2 -7.57587e0 -7.28094e1 -7.28094e1
7.1211679e2 -7.57587e0 -7.35411e1 -7.35411e1
7.1716719e2 -7.57587e0 -7.42728e1 -7.42728e1
7.2221759e2 -7.57587e0 -7.50044e1 -7.50044e1
7.2726799e2 -7.57587e0 -7.57361e1 -7.57361e1
7.3231839e2 -7.57587e0 -7.64677e1 -7.64677e1
7.3736879e2 -7.57587e0 -7.71992e1 -7.71992e1
7.4241919e2 -7.57587e0 -7.79309e1 -7.79309e1
7.4746959e2 -7.57587e0 -7.86626e1 -7.86626e1
7.5251999e2 -7.57587e0 -7.93942e1 -7.93942e1
7.5757039e2 -7.57587e0 -8.01259e1 -8.01259e1
7.6262079e2 -7.57587e0 -8.08575e1 -8.08575e1
7.6767119e2 -7.57587e0 -8.15892e1 -8.15892e1
7.7272159e2 -7.57587e0 -8.23207e1 -8.23207e1
7.7777199e2 -7.57587e0 -8.30524e1 -8.30524e1
7.8282239e2 -7.57587e0 -8.3784e1 -8.3784e1
7.8787279e2 -7.57587e0 -8.45157e1 -8.45157e1
7.9292319e2 -7.57587e0 -8.52473e1 -8.52473e1
7.9797359e2 -7.57587e0 -8.5979e1 -8.5979e1
8.0302399e2 -7.57587e0 -8.67107e1 -8.67107e1
8.0807439e2 -7.57587e0 -8.74422e1 -8.74422e1
8.1312479e2 -7.57587e0 -8.81738e1 -8.81738e1
8.1817519e2 -7.57587e0 -8.89055e1 -8.89055e1
8.2322559e2 -7.57587e0 -8.96371e1 -8.96371e1
8.2827599e2 -7.57587e0 -9.03688e1 -9.03688e1
8.3332639e2 -7.57587e0 -9.11005e1 -9.11005e1
8.3837679e2 -7.57587e0 -9.18321e1 -9.18321e1
8.4342719e2 -7.57587e0 -9.25636e1 -9.25636e1
8.4847758e2 -7.57587e0 -9.32953e1 -9.32953e1
8.5352798e2 -7.57587e0 -9.4027e1 -9.4027e1
8.5857838e2 -7.57587e0 -9.47586e1 -9.47586e1
8.6362878e2 -7.57587e0 -9.54903e1 -9.54903e1
8.6867918e2 -7.57587e0 -9.6222e1 -9.6222e1
8.7372958e2 -7.57587e0 -9.69536e1 -9.69536e1
8.7877998e2 -7.57587e0 -9.76851e1 -9.76851e1
8.8383038e2 -7.57587e0 -9.84167e1 -9.84167e1
8.8888078e2 -7.57587e0 -9.91484e1 -9.91484e1
8.9393118e2 -7.57587e0 -9.988e1 -9.988e1
8.9898158e2 -7.57587e0 -1.0061e2 -1.0061e2
9.0403198e2 -7.57587e0 -1.01343e2 -1.01343e2
9.0908238e2 -7.57587e0 -1.02074e2 -1.02074e2
9.1413278e2 -7.57587e0 -1.02806e2 -1.02806e2
9.1918318e2 -7.57587e0 -1.03537e2 -1.03537e2
9.2423358e2 -7.57587e0 -1.0427e2 -1.0427e2
9.2928398e2 -7.57587e0 -1.05e2 -1.05e2
9.3433438e2 -7.57587e0 -1.05733e2 -1.05733e2
9.3938478e2 -7.57587e0 -1.06464e2 -1.06464e2
9.4443518e2 -7.57587e0 -1.07196e2 -1.07196e2
9.4948558e2 -7.57587e0 -1.07927e2 -1.07927e2
9.5453598e2 -7.57587e0 -1.0866e2 -1.0866e2
9.5958638e2 -7.57587e0 -1.0939e2 -1.0939e2
9.6463678e2 -7.57587e0 -1.10123e2 -1.10123e2
9.6968718e2 -7.57587e0 -1.10854e2 -1.10854e2
9.7473758e2 -7.57587e0 -1.11586e2 -1.11586e2
9.7978798e2 -7.57587e0 -1.12317e2 -1.12317e2
9.8483838e2 -7.57587e0 -1.1305e2 -1.1305e2
9.8988878e2 -7.57587e0 -1.1378e2 -1.1378e2
9.9493918e2 -7.57587e0 -1.14513e2 -1.14513e2
9.9998958e2 -7.57587e0 -1.15244e2 -1.15244e2

5.0e2 -7.373859e0 -4.08708e1 -4.08708e1
5.050504e2 -7.373859e0 -4.1583e1 -4.1583e1
5.101008e2 -7.373859e0 -4.2295e1 -4.2295e1
5.151512e2 -7.373859e0 -4.30072e1 -4.30072e1
5.202016e2 -7.373859e0 -4.37193e1 -4.37193e1
5.25252e2 -7.373859e0 -4.44315e1 -4.44315e1
5.303024e2 -7.373859e0 -4.51436e1 -4.51436e1
5.353528e2 -7.373859e0 -4.58557e1 -4.58557e1
5.404032e2 -7.373859e0 -4.65678e1 -4.65678e1
5.454536e2 -7.373859e0 -4.728e1 -4.728e1
5.50504e2 -7.373859e0 -4.79921e1 -4.79921e1
5.555544e2 -7.373859e0 -4.87042e1 -4.87042e1
5.606048e2 -7.373859e0 -4.94164e1 -4.94164e1
5.656552e2 -7.373859e0 -5.01285e1 -5.01285e1
5.707056e2 -7.373859e0 -5.08406e1 -5.08406e1
5.75756e2 -7.373859e0 -5.15527e1 -5.15527e1
5.808064e2 -7.373859e0 -5.22649e1 -5.22649e1
5.858568e2 -7.373859e0 -5.2977e1 -5.2977e1
5.909072e2 -7.373859e0 -5.36891e1 -5.36891e1
5.959576e2 -7.373859e0 -5.44012e1 -5.44012e1
6.01008e2 -7.373859e0 -5.51134e1 -5.51134e1
6.060584e2 -7.373859e0 -5.58255e1 -5.58255e1
6.111088e2 -7.373859e0 -5.65376e1 -5.65376e1
6.161592e2 -7.373859e0 -5.72498e1 -5.72498e1
6.212096e2 -7.373859e0 -5.79619e1 -5.79619e1
6.2626e2 -7.373859e0 -5.8674e1 -5.8674e1
6.313104e2 -7.373859e0 -5.93861e1 -5.93861e1
6.363608e2 -7.373859e0 -6.00983e1 -6.00983e1
6.414112e2 -7.373859e0 -6.08104e1 -6.08104e1
6.464616e2 -7.373859e0 -6.15225e1 -6.15225e1
6.51512e2 -7.373859e0 -6.22346e1 -6.22346e1
6.565624e2 -7.373859e0 -6.29468e1 -6.29468e1
6.616128e2 -7.373859e0 -6.36589e1 -6.36589e1
6.666632e2 -7.373859e0 -6.4371e1 -6.4371e1
6.717136e2 -7.373859e0 -6.50832e1 -6.50832e1
6.7676399e2 -7.373859e0 -6.57953e1 -6.57953e1
6.8181439e2 -7.373859e0 -6.65074e1 -6.65074e1
6.8686479e2 -7.373859e0 -6.72195e1 -6.72195e1
6.9191519e2 -7.373859e0 -6.79317e1 -6.79317e1
6.9696559e2 -7.373859e0 -6.86438e1 -6.86438e1
7.0201599e2 -7.373859e0 -6.9356e1 -6.9356e1
7.0706639e2 -7.373859e0 -7.0068e1 -7.0068e1
7.1211679e2 -7.373859e0 -7.07802e1 -7.07802e1
7.1716719e2 -7.373859e0 -7.14923e1 -7.14923e1
7.2221759e2 -7.373859e0 -7.22044e1 -7.22044e1
7.2726799e2 -7.373859e0 -7.29166e1 -7.29166e1
7.3231839e2 -7.373859e0 -7.36287e1 -7.36287e1
7.3736879e2 -7.373859e0 -7.43408e1 -7.43408e1
7.4241919e2 -7.373859e0 -7.5053e1 -7.5053e1
7.4746959e2 -7.373859e0 -7.5765e1 -7.5765e1
7.5251999e2 -7.373859e0 -7.64772e1 -7.64772e1
7.5757039e2 -7.373859e0 -7.71893e1 -7.71893e1
7.6262079e2 -7.373859e0 -7.79015e1 -7.79015e1
7.6767119e2 -7.373859e0 -7.86136e1 -7.86136e1
7.7272159e2 -7.373859e0 -7.93257e1 -7.93257e1
7.7777199e2 -7.373859e0 -8.00378e1 -8.00378e1
7.8282239e2 -7.373859e0 -8.075e1 -8.075e1
7.8787279e2 -7.373859e0 -8.14621e1 -8.14621e1
7.9292319e2 -7.373859e0 -8.21742e1 -8.21742e1
7.9797359e2 -7.373859e0 -8.28864e1 -8.28864e1
8.0302399e2 -7.373859e0 -8.35985e1 -8.35985e1
8.0807439e2 -7.373859e0 -8.43106e1 -8.43106e1
8.1312479e2 -7.373859e0 -8.50227e1 -8.50227e1
8.1817519e2 -7.373859e0 -8.57349e1 -8.57349e1
8.2322559e2 -7.373859e0 -8.6447e1 -8.6447e1
8.2827599e2 -7.373859e0 -8.71591e1 -8.71591e1
8.3332639e2 -7.373859e0 -8.78712e1 -8.78712e1
8.3837679e2 -7.373859e0 -8.85834e1 -8.85834e1
8.4342719e2 -7.373859e0 -8.92955e1 -8.92955e1
8.4847758e2 -7.373859e0 -9.00076e1 -9.00076e1
8.5352798e2 -7.373859e0 -9.07198e1 -9.07198e1
8.5857838e2 -7.373859e0 -9.14319e1 -9.14319e1
8.6362878e2 -7.373859e0 -9.2144e1 -9.2144e1
8.6867918e2 -7.373859e0 -9.28561e1 -9.28561e1
8.7372958e2 -7.373859e0 -9.35683e1 -9.35683e1
8.7877998e2 -7.373859e0 -9.42804e1 -9.42804e1
8.8383038e2 -7.373859e0 -9.49925e1 -9.49925e1
8.8888078e2 -7.373859e0 -9.57047e1 -9.57047e1
8.9393118e2 -7.373859e0 -9.64168e1 -9.64168e1
8.9898158e2 -7.373859e0 -9.71289e1 -9.71289e1
9.0403198e2 -7.373859e0 -9.7841e1 -9.7841e1
9.0908238e2 -7.373859e0 -9.85532e1 -9.85532e1
9.1413278e2 -7.373859e0 -9.92653e1 -9.92653e1
9.1918318e2 -7.373859e0 -9.99774e1 -9.99774e1
9.2423358e2 -7.373859e0 -1.0069e2 -1.0069e2
9.2928398e2 -7.373859e0 -1.014e2 -1.014e2
9.3433438e2 -7.373859e0 -1.02113e2 -1.02113e2
9.3938478e2 -7.373859e0 -1.02826e2 -1.02826e2
9.4443518e2 -7.373859e0 -1.03537e2 -1.03537e2
9.4948558e2 -7.373859e0 -1.0425e2 -1.0425e2
9.5453598e2 -7.373859e0 -1.04962e2 -1.04962e2
9.5958638e2 -7.373859e0 -1.05673e2 -1.05673e2
9.6463678e2 -7.373859e0 -1.06386e2 -1.06386e2
9.6968718e2 -7.373859e0 -1.07098e2 -1.07098e2
9.7473758e2 -7.373859e0 -1.07811e2 -1.07811e2
9.7978798e2 -7.373859e0 -1.08522e2 -1.08522e2
9.8483838e2 -7.373859e0 -1.09235e2 -1.09235e2
9.8988878e2 -7.373859e0 -1.09947e2 -1.09947e2
9.9493918e2 -7.373859e0 -1.10658e2 -1.10658e2
9.9998958e2 -7.373859e0 -1.11371e2 -1.11371e2

5.0e2 -7.171848e0 -3.89293e1 -3.89293e1
5.050504e2 -7.171848e0 -3.96219e1 -3.96219e1
5.101008e2 -7.171848e0 -4.03145e1 -4.03145e1
5.151512e2 -7.171848e0 -4.10071e1 -4.10071e1
5.202016e2 -7.171848e0 -4.16997e1 -4.16997e1
5.25252e2 -7.171848e0 -4.23923e1 -4.23923e1
5.303024e2 -7.171848e0 -4.3085e1 -4.3085e1
5.353528e2 -7.171848e0 -4.37776e1 -4.37776e1
5.404032e2 -7.171848e0 -4.44702e1 -4.44702e1
5.454536e2 -7.171848e0 -4.51628e1 -4.51628e1
5.50504e2 -7.171848e0 -4.58554e1 -4.58554e1
5.555544e2 -7.171848e0 -4.6548e1 -4.6548e1
5.606048e2 -7.171848e0 -4.72406e1 -4.72406e1
5.656552e2 -7.171848e0 -4.79333e1 -4.79333e1
5.707056e2 -7.171848e0 -4.8626e1 -4.8626e1
5.75756e2 -7.171848e0 -4.93185e1 -4.93185e1
5.808064e2 -7.171848e0 -5.00111e1 -5.00111e1
5.858568e2 -7.171848e0 -5.07037e1 -5.07037e1
5.909072e2 -7.171848e0 -5.13963e1 -5.13963e1
5.959576e2 -7.171848e0 -5.2089e1 -5.2089e1
6.01008e2 -7.171848e0 -5.27817e1 -5.27817e1
6.060584e2 -7.171848e0 -5.34743e1 -5.34743e1
6.111088e2 -7.171848e0 -5.41669e1 -5.41669e1
6.161592e2 -7.171848e0 -5.48595e1 -5.48595e1
6.212096e2 -7.171848e0 -5.5552e1 -5.5552e1
6.2626e2 -7.171848e0 -5.62447e1 -5.62447e1
6.313104e2 -7.171848e0 -5.69373e1 -5.69373e1
6.363608e2 -7.171848e0 -5.763e1 -5.763e1
6.414112e2 -7.171848e0 -5.83226e1 -5.83226e1
6.464616e2 -7.171848e0 -5.90152e1 -5.90152e1
6.51512e2 -7.171848e0 -5.97078e1 -5.97078e1
6.565624e2 -7.171848e0 -6.04004e1 -6.04004e1
6.616128e2 -7.171848e0 -6.1093e1 -6.1093e1
6.666632e2 -7.171848e0 -6.17857e1 -6.17857e1
6.717136e2 -7.171848e0 -6.24783e1 -6.24783e1
6.7676399e2 -7.171848e0 -6.3171e1 -6.3171e1
6.8181439e2 -7.171848e0 -6.38635e1 -6.38635e1
6.8686479e2 -7.171848e0 -6.45561e1 -6.45561e1
6.9191519e2 -7.171848e0 -6.52487e1 -6.52487e1
6.9696559e2 -7.171848e0 -6.59413e1 -6.59413e1
7.0201599e2 -7.171848e0 -6.6634e1 -6.6634e1
7.0706639e2 -7.171848e0 -6.73267e1 -6.73267e1
7.1211679e2 -7.171848e0 -6.80193e1 -6.80193e1
7.1716719e2 -7.171848e0 -6.87119e1 -6.87119e1
7.2221759e2 -7.171848e0 -6.94044e1 -6.94044e1
7.2726799e2 -7.171848e0 -7.0097e1 -7.0097e1
7.3231839e2 -7.171848e0 -7.07896e1 -7.07896e1
7.3736879e2 -7.171848e0 -7.14824e1 -7.14824e1
7.4241919e2 -7.171848e0 -7.2175e1 -7.2175e1
7.4746959e2 -7.171848e0 -7.28676e1 -7.28676e1
7.5251999e2 -7.171848e0 -7.35602e1 -7.35602e1
7.5757039e2 -7.171848e0 -7.42528e1 -7.42528e1
7.6262079e2 -7.171848e0 -7.49454e1 -7.49454e1
7.6767119e2 -7.171848e0 -7.5638e1 -7.5638e1
7.7272159e2 -7.171848e0 -7.63307e1 -7.63307e1
7.7777199e2 -7.171848e0 -7.70233e1 -7.70233e1
7.8282239e2 -7.171848e0 -7.77159e1 -7.77159e1
7.8787279e2 -7.171848e0 -7.84085e1 -7.84085e1
7.9292319e2 -7.171848e0 -7.91011e1 -7.91011e1
7.9797359e2 -7.171848e0 -7.97937e1 -7.97937e1
8.0302399e2 -7.171848e0 -8.04865e1 -8.04865e1
8.0807439e2 -7.171848e0 -8.1179e1 -8.1179e1
8.1312479e2 -7.171848e0 -8.18716e1 -8.18716e1
8.1817519e2 -7.171848e0 -8.25642e1 -8.25642e1
8.2322559e2 -7.171848e0 -8.32568e1 -8.32568e1
8.2827599e2 -7.171848e0 -8.39494e1 -8.39494e1
8.3332639e2 -7.171848e0 -8.4642e1 -8.4642e1
8.3837679e2 -7.171848e0 -8.53348e1 -8.53348e1
8.4342719e2 -7.171848e0 -8.60274e1 -8.60274e1
8.4847758e2 -7.171848e0 -8.672e1 -8.672e1
8.5352798e2 -7.171848e0 -8.74126e1 -8.74126e1
8.5857838e2 -7.171848e0 -8.81052e1 -8.81052e1
8.6362878e2 -7.171848e0 -8.87978e1 -8.87978e1
8.6867918e2 -7.171848e0 -8.94904e1 -8.94904e1
8.7372958e2 -7.171848e0 -9.01831e1 -9.01831e1
8.7877998e2 -7.171848e0 -9.08757e1 -9.08757e1
8.8383038e2 -7.171848e0 -9.15683e1 -9.15683e1
8.8888078e2 -7.171848e0 -9.22609e1 -9.22609e1
8.9393118e2 -7.171848e0 -9.29535e1 -9.29535e1
8.9898158e2 -7.171848e0 -9.36461e1 -9.36461e1
9.0403198e2 -7.171848e0 -9.43387e1 -9.43387e1
9.0908238e2 -7.171848e0 -9.50314e1 -9.50314e1
9.1413278e2 -7.171848e0 -9.5724e1 -9.5724e1
9.1918318e2 -7.171848e0 -9.64166e1 -9.64166e1
9.2423358e2 -7.171848e0 -9.71092e1 -9.71092e1
9.2928398e2 -7.171848e0 -9.78018e1 -9.78018e1
9.3433438e2 -7.171848e0 -9.84944e1 -9.84944e1
9.3938478e2 -7.171848e0 -9.9187e1 -9.9187e1
9.4443518e2 -7.171848e0 -9.98798e1 -9.98798e1
9.4948558e2 -7.171848e0 -1.00572e2 -1.00572e2
9.5453598e2 -7.171848e0 -1.01265e2 -1.01265e2
9.5958638e2 -7.171848e0 -1.01958e2 -1.01958e2
9.6463678e2 -7.171848e0 -1.02649e2 -1.02649e2
9.6968718e2 -7.171848e0 -1.03342e2 -1.03342e2
9.7473758e2 -7.171848e0 -1.04034e2 -1.04034e2
9.7978798e2 -7.171848e0 -1.04727e2 -1.04727e2
9.8483838e2 -7.171848e0 -1.0542e2 -1.0542e2
9.8988878e2 -7.171848e0 -1.06113e2 -1.06113e2
9.9493918e2 -7.171848e0 -1.06805e2 -1.06805e2
9.9998958e2 -7.171848e0 -1.07498e2 -1.07498e2

5.0e2 -6.969836e0 -3.69876e1 -3.69876e1
5.050504e2 -6.969836e0 -3.76608e1 -3.76608e1
5.101008e2 -6.969836e0 -3.83339e1 -3.83339e1
5.151512e2 -6.969836e0 -3.9007e1 -3.9007e1
5.202016e2 -6.969836e0 -3.96802e1 -3.96802e1
5.25252e2 -6.969836e0 -4.03532e1 -4.03532e1
5.303024e2 -6.969836e0 -4.10263e1 -4.10263e1
5.353528e2 -6.969836e0 -4.16994e1 -4.16994e1
5.404032e2 -6.969836e0 -4.23726e1 -4.23726e1
5.454536e2 -6.969836e0 -4.30457e1 -4.30457e1
5.50504e2 -6.969836e0 -4.37187e1 -4.37187e1
5.555544e2 -6.969836e0 -4.4392e1 -4.4392e1
5.606048e2 -6.969836e0 -4.5065e1 -4.5065e1
5.656552e2 -6.969836e0 -4.5738e1 -4.5738e1
5.707056e2 -6.969836e0 -4.64111e1 -4.64111e1
5.75756e2 -6.969836e0 -4.70844e1 -4.70844e1
5.808064e2 -6.969836e0 -4.77574e1 -4.77574e1
5.858568e2 -6.969836e0 -4.84305e1 -4.84305e1
5.909072e2 -6.969836e0 -4.91037e1 -4.91037e1
5.959576e2 -6.969836e0 -4.97768e1 -4.97768e1
6.01008e2 -6.969836e0 -5.04498e1 -5.04498e1
6.060584e2 -6.969836e0 -5.1123e1 -5.1123e1
6.111088e2 -6.969836e0 -5.17961e1 -5.17961e1
6.161592e2 -6.969836e0 -5.24692e1 -5.24692e1
6.212096e2 -6.969836e0 -5.31422e1 -5.31422e1
6.2626e2 -6.969836e0 -5.38155e1 -5.38155e1
6.313104e2 -6.969836e0 -5.44885e1 -5.44885e1
6.363608e2 -6.969836e0 -5.51616e1 -5.51616e1
6.414112e2 -6.969836e0 -5.58348e1 -5.58348e1
6.464616e2 -6.969836e0 -5.65079e1 -5.65079e1
6.51512e2 -6.969836e0 -5.7181e1 -5.7181e1
6.565624e2 -6.969836e0 -5.7854e1 -5.7854e1
6.616128e2 -6.969836e0 -5.85272e1 -5.85272e1
6.666632e2 -6.969836e0 -5.92003e1 -5.92003e1
6.717136e2 -6.969836e0 -5.98734e1 -5.98734e1
6.7676399e2 -6.969836e0 -6.05466e1 -6.05466e1
6.8181439e2 -6.969836e0 -6.12196e1 -6.12196e1
6.8686479e2 -6.969836e0 -6.18927e1 -6.18927e1
6.9191519e2 -6.969836e0 -6.25658e1 -6.25658e1
6.9696559e2 -6.969836e0 -6.3239e1 -6.3239e1
7.0201599e2 -6.969836e0 -6.3912e1 -6.3912e1
7.0706639e2 -6.969836e0 -6.45851e1 -6.45851e1
7.1211679e2 -6.969836e0 -6.52583e1 -6.52583e1
7.1716719e2 -6.969836e0 -6.59314e1 -6.59314e1
7.2221759e2 -6.969836e0 -6.66045e1 -6.66045e1
7.2726799e2 -6.969836e0 -6.72775e1 -6.72775e1
7.3231839e2 -6.969836e0 -6.79507e1 -6.79507e1
7.3736879e2 -6.969836e0 -6.86238e1 -6.86238e1
7.4241919e2 -6.969836e0 -6.92969e1 -6.92969e1
7.4746959e2 -6.969836e0 -6.99701e1 -6.99701e1
7.5251999e2 -6.969836e0 -7.06432e1 -7.06432e1
7.5757039e2 -6.969836e0 -7.13162e1 -7.13162e1
7.6262079e2 -6.969836e0 -7.19894e1 -7.19894e1
7.6767119e2 -6.969836e0 -7.26625e1 -7.26625e1
7.7272159e2 -6.969836e0 -7.33356e1 -7.33356e1
7.7777199e2 -6.969836e0 -7.40088e1 -7.40088e1
7.8282239e2 -6.969836e0 -7.46819e1 -7.46819e1
7.8787279e2 -6.969836e0 -7.53549e1 -7.53549e1
7.9292319e2 -6.969836e0 -7.6028e1 -7.6028e1
7.9797359e2 -6.969836e0 -7.67012e1 -7.67012e1
8.0302399e2 -6.969836e0 -7.73743e1 -7.73743e1
8.0807439e2 -6.969836e0 -7.80473e1 -7.80473e1
8.1312479e2 -6.969836e0 -7.87206e1 -7.87206e1
8.1817519e2 -6.969836e0 -7.93936e1 -7.93936e1
8.2322559e2 -6.969836e0 -8.00667e1 -8.00667e1
8.2827599e2 -6.969836e0 -8.07397e1 -8.07397e1
8.3332639e2 -6.969836e0 -8.1413e1 -8.1413e1
8.3837679e2 -6.969836e0 -8.2086e1 -8.2086e1
8.4342719e2 -6.969836e0 -8.27591e1 -8.27591e1
8.4847758e2 -6.969836e0 -8.34323e1 -8.34323e1
8.5352798e2 -6.969836e0 -8.41054e1 -8.41054e1
8.5857838e2 -6.969836e0 -8.47784e1 -8.47784e1
8.6362878e2 -6.969836e0 -8.54517e1 -8.54517e1
8.6867918e2 -6.969836e0 -8.61247e1 -8.61247e1
8.7372958e2 -6.969836e0 -8.67978e1 -8.67978e1
8.7877998e2 -6.969836e0 -8.74709e1 -8.74709e1
8.8383038e2 -6.969836e0 -8.8144e1 -8.8144e1
8.8888078e2 -6.969836e0 -8.88171e1 -8.88171e1
8.9393118e2 -6.969836e0 -8.94902e1 -8.94902e1
8.9898158e2 -6.969836e0 -9.01634e1 -9.01634e1
9.0403198e2 -6.969836e0 -9.08365e1 -9.08365e1
9.0908238e2 -6.969836e0 -9.15096e1 -9.15096e1
9.1413278e2 -6.969836e0 -9.21826e1 -9.21826e1
9.1918318e2 -6.969836e0 -9.28558e1 -9.28558e1
9.2423358e2 -6.969836e0 -9.35289e1 -9.35289e1
9.2928398e2 -6.969836e0 -9.4202e1 -9.4202e1
9.3433438e2 -6.969836e0 -9.48752e1 -9.48752e1
9.3938478e2 -6.969836e0 -9.55482e1 -9.55482e1
9.4443518e2 -6.969836e0 -9.62213e1 -9.62213e1
9.4948558e2 -6.969836e0 -9.68944e1 -9.68944e1
9.5453598e2 -6.969836e0 -9.75676e1 -9.75676e1
9.5958638e2 -6.969836e0 -9.82407e1 -9.82407e1
9.6463678e2 -6.969836e0 -9.89137e1 -9.89137e1
9.6968718e2 -6.969836e0 -9.9587e1 -9.9587e1
9.7473758e2 -6.969836e0 -1.0026e2 -1.0026e2
9.7978798e2 -6.969836e0 -1.00932e2 -1.00932e2
9.8483838e2 -6.969836e0 -1.01605e2 -1.01605e2
9.8988878e2 -6.969836e0 -1.02278e2 -1.02278e2
9.9493918e2 -6.969836e0 -1.02951e2 -1.02951e2
9.9998958e2 -6.969836e0 -1.03625e2 -1.03625e2

5.0e2 -6.767825e0 -3.50461e1 -3.50461e1
5.050504e2 -6.767825e0 -3.56998e1 -3.56998e1
5.101008e2 -6.767825e0 -3.63533e1 -3.63533e1
5.151512e2 -6.767825e0 -3.7007e1 -3.7007e1
5.202016e2 -6.767825e0 -3.76605e1 -3.76605e1
5.25252e2 -6.767825e0 -3.8314e1 -3.8314e1
5.303024e2 -6.767825e0 -3.89677e1 -3.89677e1
5.353528e2 -6.767825e0 -3.96213e1 -3.96213e1
5.404032e2 -6.767825e0 -4.0275e1 -4.0275e1
5.454536e2 -6.767825e0 -4.09285e1 -4.09285e1
5.50504e2 -6.767825e0 -4.15822e1 -4.15822e1
5.555544e2 -6.767825e0 -4.22357e1 -4.22357e1
5.606048e2 -6.767825e0 -4.28894e1 -4.28894e1
5.656552e2 -6.767825e0 -4.3543e1 -4.3543e1
5.707056e2 -6.767825e0 -4.41965e1 -4.41965e1
5.75756e2 -6.767825e0 -4.48502e1 -4.48502e1
5.808064e2 -6.767825e0 -4.55037e1 -4.55037e1
5.858568e2 -6.767825e0 -4.61574e1 -4.61574e1
5.909072e2 -6.767825e0 -4.68109e1 -4.68109e1
5.959576e2 -6.767825e0 -4.74646e1 -4.74646e1
6.01008e2 -6.767825e0 -4.81181e1 -4.81181e1
6.060584e2 -6.767825e0 -4.87717e1 -4.87717e1
6.111088e2 -6.767825e0 -4.94254e1 -4.94254e1
6.161592e2 -6.767825e0 -5.00789e1 -5.00789e1
6.212096e2 -6.767825e0 -5.07326e1 -5.07326e1
6.2626e2 -6.767825e0 -5.13861e1 -5.13861e1
6.313104e2 -6.767825e0 -5.20398e1 -5.20398e1
6.363608e2 -6.767825e0 -5.26933e1 -5.26933e1
6.414112e2 -6.767825e0 -5.33469e1 -5.33469e1
6.464616e2 -6.767825e0 -5.40005e1 -5.40005e1
6.51512e2 -6.767825e0 -5.46541e1 -5.46541e1
6.565624e2 -6.767825e0 -5.53078e1 -5.53078e1
6.616128e2 -6.767825e0 -5.59613e1 -5.59613e1
6.666632e2 -6.767825e0 -5.6615e1 -5.6615e1
6.717136e2 -6.767825e0 -5.72685e1 -5.72685e1
6.7676399e2 -6.767825e0 -5.7922e1 -5.7922e1
6.8181439e2 -6.767825e0 -5.85757e1 -5.85757e1
6.8686479e2 -6.767825e0 -5.92293e1 -5.92293e1
6.9191519e2 -6.767825e0 -5.9883e1 -5.9883e1
6.9696559e2 -6.767825e0 -6.05365e1 -6.05365e1
7.0201599e2 -6.767825e0 -6.11902e1 -6.11902e1
7.0706639e2 -6.767825e0 -6.18437e1 -6.18437e1
7.1211679e2 -6.767825e0 -6.24974e1 -6.24974e1
7.1716719e2 -6.767825e0 -6.3151e1 -6.3151e1
7.2221759e2 -6.767825e0 -6.38045e1 -6.38045e1
7.2726799e2 -6.767825e0 -6.44582e1 -6.44582e1
7.3231839e2 -6.767825e0 -6.51117e1 -6.51117e1
7.3736879e2 -6.767825e0 -6.57654e1 -6.57654e1
7.4241919e2 -6.767825e0 -6.64189e1 -6.64189e1
7.4746959e2 -6.767825e0 -6.70726e1 -6.70726e1
7.5251999e2 -6.767825e0 -6.77261e1 -6.77261e1
7.5757039e2 -6.767825e0 -6.83797e1 -6.83797e1
7.6262079e2 -6.767825e0 -6.90334e1 -6.90334e1
7.6767119e2 -6.767825e0 -6.96869e1 -6.96869e1
7.7272159e2 -6.767825e0 -7.03406e1 -7.03406e1
7.7777199e2 -6.767825e0 -7.09941e1 -7.09941e1
7.8282239e2 -6.767825e0 -7.16478e1 -7.16478e1
7.8787279e2 -6.767825e0 -7.23013e1 -7.23013e1
7.9292319e2 -6.767825e0 -7.29549e1 -7.29549e1
7.9797359e2 -6.767825e0 -7.36086e1 -7.36086e1
8.0302399e2 -6.767825e0 -7.42621e1 -7.42621e1
8.0807439e2 -6.767825e0 -7.49158e1 -7.49158e1
8.1312479e2 -6.767825e0 -7.55693e1 -7.55693e1
8.1817519e2 -6.767825e0 -7.6223e1 -7.6223e1
8.2322559e2 -6.767825e0 -7.68765e1 -7.68765e1
8.2827599e2 -6.767825e0 -7.75302e1 -7.75302e1
8.3332639e2 -6.767825e0 -7.81837e1 -7.81837e1
8.3837679e2 -6.767825e0 -7.88373e1 -7.88373e1
8.4342719e2 -6.767825e0 -7.9491e1 -7.9491e1
8.4847758e2 -6.767825e0 -8.01445e1 -8.01445e1
8.5352798e2 -6.767825e0 -8.07982e1 -8.07982e1
8.5857838e2 -6.767825e0 -8.14517e1 -8.14517e1
8.6362878e2 -6.767825e0 -8.21054e1 -8.21054e1
8.6867918e2 -6.767825e0 -8.2759e1 -8.2759e1
8.7372958e2 -6.767825e0 -8.34125e1 -8.34125e1
8.7877998e2 -6.767825e0 -8.40662e1 -8.40662e1
8.8383038e2 -6.767825e0 -8.47197e1 -8.47197e1
8.8888078e2 -6.767825e0 -8.53734e1 -8.53734e1
8.9393118e2 -6.767825e0 -8.60269e1 -8.60269e1
8.9898158e2 -6.767825e0 -8.66806e1 -8.66806e1
9.0403198e2 -6.767825e0 -8.73341e1 -8.73341e1
9.0908238e2 -6.767825e0 -8.79878e1 -8.79878e1
9.1413278e2 -6.767825e0 -8.86414e1 -8.86414e1
9.1918318e2 -6.767825e0 -8.92949e1 -8.92949e1
9.2423358e2 -6.767825e0 -8.99486e1 -8.99486e1
9.2928398e2 -6.767825e0 -9.06021e1 -9.06021e1
9.3433438e2 -6.767825e0 -9.12558e1 -9.12558e1
9.3938478e2 -6.767825e0 -9.19093e1 -9.19093e1
9.4443518e2 -6.767825e0 -9.2563e1 -9.2563e1
9.4948558e2 -6.767825e0 -9.32166e1 -9.32166e1
9.5453598e2 -6.767825e0 -9.38701e1 -9.38701e1
9.5958638e2 -6.767825e0 -9.45238e1 -9.45238e1
9.6463678e2 -6.767825e0 -9.51773e1 -9.51773e1
9.6968718e2 -6.767825e0 -9.5831e1 -9.5831e1
9.7473758e2 -6.767825e0 -9.64845e1 -9.64845e1
9.7978798e2 -6.767825e0 -9.71382e1 -9.71382e1
9.8483838e2 -6.767825e0 -9.77917e1 -9.77917e1
9.8988878e2 -6.767825e0 -9.84454e1 -9.84454e1
9.9493918e2 -6.767825e0 -9.9099e1 -9.9099e1
9.9998958e2 -6.767825e0 -9.97525e1 -9.97525e1

5.0e2 -6.565814e0 -3.31047e1 -3.31047e1
5.050504e2 -6.565814e0 -3.37387e1 -3.37387e1
5.101008e2 -6.565814e0 -3.43729e1 -3.43729e1
5.151512e2 -6.565814e0 -3.50069e1 -3.50069e1
5.202016e2 -6.565814e0 -3.5641e1 -3.5641e1
5.25252e2 -6.565814e0 -3.62752e1 -3.62752e1
5.303024e2 -6.565814e0 -3.69092e1 -3.69092e1
5.353528e2 -6.565814e0 -3.75433e1 -3.75433e1
5.404032e2 -6.565814e0 -3.81773e1 -3.81773e1
5.454536e2 -6.565814e0 -3.88115e1 -3.88115e1
5.50504e2 -6.565814e0 -3.94455e1 -3.94455e1
5.555544e2 -6.565814e0 -4.00797e1 -4.00797e1
5.606048e2 -6.565814e0 -4.07138e1 -4.07138e1
5.656552e2 -6.565814e0 -4.13478e1 -4.13478e1
5.707056e2 -6.565814e0 -4.1982e1 -4.1982e1
5.75756e2 -6.565814e0 -4.2616e1 -4.2616e1
5.808064e2 -6.565814e0 -4.32501e1 -4.32501e1
5.858568e2 -6.565814e0 -4.38841e1 -4.38841e1
5.909072e2 -6.565814e0 -4.45183e1 -4.45183e1
5.959576e2 -6.565814e0 -4.51524e1 -4.51524e1
6.01008e2 -6.565814e0 -4.57864e1 -4.57864e1
6.060584e2 -6.565814e0 -4.64206e1 -4.64206e1
6.111088e2 -6.565814e0 -4.70546e1 -4.70546e1
6.161592e2 -6.565814e0 -4.76888e1 -4.76888e1
6.212096e2 -6.565814e0 -4.83229e1 -4.83229e1
6.2626e2 -6.565814e0 -4.89569e1 -4.89569e1
6.313104e2 -6.565814e0 -4.9591e1 -4.9591e1
6.363608e2 -6.565814e0 -5.0225e1 -5.0225e1
6.414112e2 -6.565814e0 -5.08592e1 -5.08592e1
6.464616e2 -6.565814e0 -5.14934e1 -5.14934e1
6.51512e2 -6.565814e0 -5.21274e1 -5.21274e1
6.565624e2 -6.565814e0 -5.27615e1 -5.27615e1
6.616128e2 -6.565814e0 -5.33955e1 -5.33955e1
6.666632e2 -6.565814e0 -5.40297e1 -5.40297e1
6.717136e2 -6.565814e0 -5.46637e1 -5.46637e1
6.7676399e2 -6.565814e0 -5.52979e1 -5.52979e1
6.8181439e2 -6.565814e0 -5.5932e1 -5.5932e1
6.8686479e2 -6.565814e0 -5.6566e1 -5.6566e1
6.9191519e2 -6.565814e0 -5.72002e1 -5.72002e1
6.9696559e2 -6.565814e0 -5.78342e1 -5.78342e1
7.0201599e2 -6.565814e0 -5.84683e1 -5.84683e1
7.0706639e2 -6.565814e0 -5.91023e1 -5.91023e1
7.1211679e2 -6.565814e0 -5.97365e1 -5.97365e1
7.1716719e2 -6.565814e0 -6.03706e1 -6.03706e1
7.2221759e2 -6.565814e0 -6.10046e1 -6.10046e1
7.2726799e2 -6.565814e0 -6.16388e1 -6.16388e1
7.3231839e2 -6.565814e0 -6.22728e1 -6.22728e1
7.3736879e2 -6.565814e0 -6.2907e1 -6.2907e1
7.4241919e2 -6.565814e0 -6.35411e1 -6.35411e1
7.4746959e2 -6.565814e0 -6.41751e1 -6.41751e1
7.5251999e2 -6.565814e0 -6.48093e1 -6.48093e1
7.5757039e2 -6.565814e0 -6.54433e1 -6.54433e1
7.6262079e2 -6.565814e0 -6.60774e1 -6.60774e1
7.6767119e2 -6.565814e0 -6.67116e1 -6.67116e1
7.7272159e2 -6.565814e0 -6.73456e1 -6.73456e1
7.7777199e2 -6.565814e0 -6.79797e1 -6.79797e1
7.8282239e2 -6.565814e0 -6.86137e1 -6.86137e1
7.8787279e2 -6.565814e0 -6.92479e1 -6.92479e1
7.9292319e2 -6.565814e0 -6.98819e1 -6.98819e1
7.9797359e2 -6.565814e0 -7.0516e1 -7.0516e1
8.0302399e2 -6.565814e0 -7.11502e1 -7.11502e1
8.0807439e2 -6.565814e0 -7.17842e1 -7.17842e1
8.1312479e2 -6.565814e0 -7.24184e1 -7.24184e1
8.1817519e2 -6.565814e0 -7.30524e1 -7.30524e1
8.2322559e2 -6.565814e0 -7.36865e1 -7.36865e1
8.2827599e2 -6.565814e0 -7.43207e1 -7.43207e1
8.3332639e2 -6.565814e0 -7.49547e1 -7.49547e1
8.3837679e2 -6.565814e0 -7.55888e1 -7.55888e1
8.4342719e2 -6.565814e0 -7.62228e1 -7.62228e1
8.4847758e2 -6.565814e0 -7.6857e1 -7.6857e1
8.5352798e2 -6.565814e0 -7.74911e1 -7.74911e1
8.5857838e2 -6.565814e0 -7.81252e1 -7.81252e1
8.6362878e2 -6.565814e0 -7.87593e1 -7.87593e1
8.6867918e2 -6.565814e0 -7.93933e1 -7.93933e1
8.7372958e2 -6.565814e0 -8.00275e1 -8.00275e1
8.7877998e2 -6.565814e0 -8.06615e1 -8.06615e1
8.8383038e2 -6.565814e0 -8.12956e1 -8.12956e1
8.8888078e2 -6.565814e0 -8.19298e1 -8.19298e1
8.9393118e2 -6.565814e0 -8.25638e1 -8.25638e1
8.9898158e2 -6.565814e0 -8.3198e1 -8.3198e1
9.0403198e2 -6.565814e0 -8.3832e1 -8.3832e1
9.0908238e2 -6.565814e0 -8.44661e1 -8.44661e1
9.1413278e2 -6.565814e0 -8.51003e1 -8.51003e1
9.1918318e2 -6.565814e0 -8.57343e1 -8.57343e1
9.2423358e2 -6.565814e0 -8.63684e1 -8.63684e1
9.2928398e2 -6.565814e0 -8.70024e1 -8.70024e1
9.3433438e2 -6.565814e0 -8.76366e1 -8.76366e1
9.3938478e2 -6.565814e0 -8.82706e1 -8.82706e1
9.4443518e2 -6.565814e0 -8.89047e1 -8.89047e1
9.4948558e2 -6.565814e0 -8.95389e1 -8.95389e1
9.5453598e2 -6.565814e0 -9.01729e1 -9.01729e1
9.5958638e2 -6.565814e0 -9.0807e1 -9.0807e1
9.6463678e2 -6.565814e0 -9.1441e1 -9.1441e1
9.6968718e2 -6.565814e0 -9.20752e1 -9.20752e1
9.7473758e2 -6.565814e0 -9.27094e1 -9.27094e1
9.7978798e2 -6.565814e0 -9.33434e1 -9.33434e1
9.8483838e2 -6.565814e0 -9.39775e1 -9.39775e1
9.8988878e2 -6.565814e0 -9.46115e1 -9.46115e1
9.9493918e2 -6.565814e0 -9.52457e1 -9.52457e1
9.9998958e2 -6.565814e0 -9.58798e1 -9.58798e1

5.0e2 -6.363803e0 -3.1163e1 -3.1163e1
5.050504e2 -6.363803e0 -3.17776e1 -3.17776e1
5.101008e2 -6.363803e0 -3.23923e1 -3.23923e1
5.151512e2 -6.363803e0 -3.30069e1 -3.30069e1
5.202016e2 -6.363803e0 -3.36214e1 -3.36214e1
5.25252e2 -6.363803e0 -3.4236e1 -3.4236e1
5.303024e2 -6.363803e0 -3.48506e1 -3.48506e1
5.353528e2 -6.363803e0 -3.54651e1 -3.54651e1
5.404032e2 -6.363803e0 -3.60797e1 -3.60797e1
5.454536e2 -6.363803e0 -3.66943e1 -3.66943e1
5.50504e2 -6.363803e0 -3.7309e1 -3.7309e1
5.555544e2 -6.363803e0 -3.79234e1 -3.79234e1
5.606048e2 -6.363803e0 -3.8538e1 -3.8538e1
5.656552e2 -6.363803e0 -3.91527e1 -3.91527e1
5.707056e2 -6.363803e0 -3.97673e1 -3.97673e1
5.75756e2 -6.363803e0 -4.03818e1 -4.03818e1
5.808064e2 -6.363803e0 -4.09964e1 -4.09964e1
5.858568e2 -6.363803e0 -4.1611e1 -4.1611e1
5.909072e2 -6.363803e0 -4.22255e1 -4.22255e1
5.959576e2 -6.363803e0 -4.28401e1 -4.28401e1
6.01008e2 -6.363803e0 -4.34547e1 -4.34547e1
6.060584e2 -6.363803e0 -4.40694e1 -4.40694e1
6.111088e2 -6.363803e0 -4.46838e1 -4.46838e1
6.161592e2 -6.363803e0 -4.52985e1 -4.52985e1
6.212096e2 -6.363803e0 -4.59131e1 -4.59131e1
6.2626e2 -6.363803e0 -4.65277e1 -4.65277e1
6.313104e2 -6.363803e0 -4.71422e1 -4.71422e1
6.363608e2 -6.363803e0 -4.77568e1 -4.77568e1
6.414112e2 -6.363803e0 -4.83714e1 -4.83714e1
6.464616e2 -6.363803e0 -4.8986e1 -4.8986e1
6.51512e2 -6.363803e0 -4.96005e1 -4.96005e1
6.565624e2 -6.363803e0 -5.02151e1 -5.02151e1
6.616128e2 -6.363803e0 -5.08298e1 -5.08298e1
6.666632e2 -6.363803e0 -5.14442e1 -5.14442e1
6.717136e2 -6.363803e0 -5.20589e1 -5.20589e1
6.7676399e2 -6.363803e0 -5.26735e1 -5.26735e1
6.8181439e2 -6.363803e0 -5.32881e1 -5.32881e1
6.8686479e2 -6.363803e0 -5.39026e1 -5.39026e1
6.9191519e2 -6.363803e0 -5.45172e1 -5.45172e1
6.9696559e2 -6.363803e0 -5.51318e1 -5.51318e1
7.0201599e2 -6.363803e0 -5.57463e1 -5.57463e1
7.0706639e2 -6.363803e0 -5.6361e1 -5.6361e1
7.1211679e2 -6.363803e0 -5.69756e1 -5.69756e1
7.1716719e2 -6.363803e0 -5.75902e1 -5.75902e1
7.2221759e2 -6.363803e0 -5.82047e1 -5.82047e1
7.2726799e2 -6.363803e0 -5.88193e1 -5.88193e1
7.3231839e2 -6.363803e0 -5.94339e1 -5.94339e1
7.3736879e2 -6.363803e0 -6.00485e1 -6.00485e1
7.4241919e2 -6.363803e0 -6.0663e1 -6.0663e1
7.4746959e2 -6.363803e0 -6.12776e1 -6.12776e1
7.5251999e2 -6.363803e0 -6.18922e1 -6.18922e1
7.5757039e2 -6.363803e0 -6.25067e1 -6.25067e1
7.6262079e2 -6.363803e0 -6.31213e1 -6.31213e1
7.6767119e2 -6.363803e0 -6.3736e1 -6.3736e1
7.7272159e2 -6.363803e0 -6.43506e1 -6.43506e1
7.7777199e2 -6.363803e0 -6.4965e1 -6.4965e1
7.8282239e2 -6.363803e0 -6.55797e1 -6.55797e1
7.8787279e2 -6.363803e0 -6.61943e1 -6.61943e1
7.9292319e2 -6.363803e0 -6.6809e1 -6.6809e1
7.9797359e2 -6.363803e0 -6.74234e1 -6.74234e1
8.0302399e2 -6.363803e0 -6.8038e1 -6.8038e1
8.0807439e2 -6.363803e0 -6.86526e1 -6.86526e1
8.1312479e2 -6.363803e0 -6.92673e1 -6.92673e1
8.1817519e2 -6.363803e0 -6.98817e1 -6.98817e1
8.2322559e2 -6.363803e0 -7.04964e1 -7.04964e1
8.2827599e2 -6.363803e0 -7.1111e1 -7.1111e1
8.3332639e2 -6.363803e0 -7.17255e1 -7.17255e1
8.3837679e2 -6.363803e0 -7.23401e1 -7.23401e1
8.4342719e2 -6.363803e0 -7.29547e1 -7.29547e1
8.4847758e2 -6.363803e0 -7.35693e1 -7.35693e1
8.5352798e2 -6.363803e0 -7.41838e1 -7.41838e1
8.5857838e2 -6.363803e0 -7.47984e1 -7.47984e1
8.6362878e2 -6.363803e0 -7.5413e1 -7.5413e1
8.6867918e2 -6.363803e0 -7.60277e1 -7.60277e1
8.7372958e2 -6.363803e0 -7.66422e1 -7.66422e1
8.7877998e2 -6.363803e0 -7.72568e1 -7.72568e1
8.8383038e2 -6.363803e0 -7.78714e1 -7.78714e1
8.8888078e2 -6.363803e0 -7.84859e1 -7.84859e1
8.9393118e2 -6.363803e0 -7.91005e1 -7.91005e1
8.9898158e2 -6.363803e0 -7.97151e1 -7.97151e1
9.0403198e2 -6.363803e0 -8.03297e1 -8.03297e1
9.0908238e2 -6.363803e0 -8.09442e1 -8.09442e1
9.1413278e2 -6.363803e0 -8.15588e1 -8.15588e1
9.1918318e2 -6.363803e0 -8.21735e1 -8.21735e1
9.2423358e2 -6.363803e0 -8.27881e1 -8.27881e1
9.2928398e2 -6.363803e0 -8.34026e1 -8.34026e1
9.3433438e2 -6.363803e0 -8.40172e1 -8.40172e1
9.3938478e2 -6.363803e0 -8.46318e1 -8.46318e1
9.4443518e2 -6.363803e0 -8.52463e1 -8.52463e1
9.4948558e2 -6.363803e0 -8.58609e1 -8.58609e1
9.5453598e2 -6.363803e0 -8.64755e1 -8.64755e1
9.5958638e2 -6.363803e0 -8.70901e1 -8.70901e1
9.6463678e2 -6.363803e0 -8.77046e1 -8.77046e1
9.6968718e2 -6.363803e0 -8.83192e1 -8.83192e1
9.7473758e2 -6.363803e0 -8.89339e1 -8.89339e1
9.7978798e2 -6.363803e0 -8.95485e1 -8.95485e1
9.8483838e2 -6.363803e0 -9.0163e1 -9.0163e1
9.8988878e2 -6.363803e0 -9.07776e1 -9.07776e1
9.9493918e2 -6.363803e0 -9.13922e1 -9.13922e1
9.9998958e2 -6.363803e0 -9.20068e1 -9.20068e1

5.0e2 -6.161792e0 -2.92215e1 -2.92215e1
5.050504e2 -6.161792e0 -2.98166e1 -2.98166e1
5.101008e2 -6.161792e0 -3.04117e1 -3.04117e1
5.151512e2 -6.161792e0 -3.10068e1 -3.10068e1
5.202016e2 -6.161792e0 -3.16019e1 -3.16019e1
5.25252e2 -6.161792e0 -3.2197e1 -3.2197e1
5.303024e2 -6.161792e0 -3.27919e1 -3.27919e1
5.353528e2 -6.161792e0 -3.3387e1 -3.3387e1
5.404032e2 -6.161792e0 -3.39821e1 -3.39821e1
5.454536e2 -6.161792e0 -3.45772e1 -3.45772e1
5.50504e2 -6.161792e0 -3.51723e1 -3.51723e1
5.555544e2 -6.161792e0 -3.57674e1 -3.57674e1
5.606048e2 -6.161792e0 -3.63625e1 -3.63625e1
5.656552e2 -6.161792e0 -3.69574e1 -3.69574e1
5.707056e2 -6.161792e0 -3.75525e1 -3.75525e1
5.75756e2 -6.161792e0 -3.81476e1 -3.81476e1
5.808064e2 -6.161792e0 -3.87427e1 -3.87427e1
5.858568e2 -6.161792e0 -3.93378e1 -3.93378e1
5.909072e2 -6.161792e0 -3.99329e1 -3.99329e1
5.959576e2 -6.161792e0 -4.0528e1 -4.0528e1
6.01008e2 -6.161792e0 -4.1123e1 -4.1123e1
6.060584e2 -6.161792e0 -4.1718e1 -4.1718e1
6.111088e2 -6.161792e0 -4.23131e1 -4.23131e1
6.161592e2 -6.161792e0 -4.29082e1 -4.29082e1
6.212096e2 -6.161792e0 -4.35033e1 -4.35033e1
6.2626e2 -6.161792e0 -4.40984e1 -4.40984e1
6.313104e2 -6.161792e0 -4.46935e1 -4.46935e1
6.363608e2 -6.161792e0 -4.52885e1 -4.52885e1
6.414112e2 -6.161792e0 -4.58836e1 -4.58836e1
6.464616e2 -6.161792e0 -4.64786e1 -4.64786e1
6.51512e2 -6.161792e0 -4.70737e1 -4.70737e1
6.565624e2 -6.161792e0 -4.76688e1 -4.76688e1
6.616128e2 -6.161792e0 -4.82639e1 -4.82639e1
6.666632e2 -6.161792e0 -4.8859e1 -4.8859e1
6.717136e2 -6.161792e0 -4.9454e1 -4.9454e1
6.7676399e2 -6.161792e0 -5.00491e1 -5.00491e1
6.8181439e2 -6.161792e0 -5.06442e1 -5.06442e1
6.8686479e2 -6.161792e0 -5.12392e1 -5.12392e1
6.9191519e2 -6.161792e0 -5.18343e1 -5.18343e1
6.9696559e2 -6.161792e0 -5.24294e1 -5.24294e1
7.0201599e2 -6.161792e0 -5.30244e1 -5.30244e1
7.0706639e2 -6.161792e0 -5.36195e1 -5.36195e1
7.1211679e2 -6.161792e0 -5.42146e1 -5.42146e1
7.1716719e2 -6.161792e0 -5.48097e1 -5.48097e1
7.2221759e2 -6.161792e0 -5.54048e1 -5.54048e1
7.2726799e2 -6.161792e0 -5.59998e1 -5.59998e1
7.3231839e2 -6.161792e0 -5.65948e1 -5.65948e1
7.3736879e2 -6.161792e0 -5.719e1 -5.719e1
7.4241919e2 -6.161792e0 -5.7785e1 -5.7785e1
7.4746959e2 -6.161792e0 -5.83801e1 -5.83801e1
7.5251999e2 -6.161792e0 -5.89752e1 -5.89752e1
7.5757039e2 -6.161792e0 -5.95703e1 -5.95703e1
7.6262079e2 -6.161792e0 -6.01654e1 -6.01654e1
7.6767119e2 -6.161792e0 -6.07603e1 -6.07603e1
7.7272159e2 -6.161792e0 -6.13554e1 -6.13554e1
7.7777199e2 -6.161792e0 -6.19505e1 -6.19505e1
7.8282239e2 -6.161792e0 -6.25456e1 -6.25456e1
7.8787279e2 -6.161792e0 -6.31407e1 -6.31407e1
7.9292319e2 -6.161792e0 -6.37358e1 -6.37358e1
7.9797359e2 -6.161792e0 -6.43309e1 -6.43309e1
8.0302399e2 -6.161792e0 -6.4926e1 -6.4926e1
8.0807439e2 -6.161792e0 -6.5521e1 -6.5521e1
8.1312479e2 -6.161792e0 -6.6116e1 -6.6116e1
8.1817519e2 -6.161792e0 -6.67111e1 -6.67111e1
8.2322559e2 -6.161792e0 -6.73062e1 -6.73062e1
8.2827599e2 -6.161792e0 -6.79013e1 -6.79013e1
8.3332639e2 -6.161792e0 -6.84964e1 -6.84964e1
8.3837679e2 -6.161792e0 -6.90915e1 -6.90915e1
8.4342719e2 -6.161792e0 -6.96864e1 -6.96864e1
8.4847758e2 -6.161792e0 -7.02815e1 -7.02815e1
8.5352798e2 -6.161792e0 -7.08766e1 -7.08766e1
8.5857838e2 -6.161792e0 -7.14717e1 -7.14717e1
8.6362878e2 -6.161792e0 -7.20668e1 -7.20668e1
8.6867918e2 -6.161792e0 -7.26619e1 -7.26619e1
8.7372958e2 -6.161792e0 -7.3257e1 -7.3257e1
8.7877998e2 -6.161792e0 -7.38521e1 -7.38521e1
8.8383038e2 -6.161792e0 -7.44472e1 -7.44472e1
8.8888078e2 -6.161792e0 -7.50421e1 -7.50421e1
8.9393118e2 -6.161792e0 -7.56372e1 -7.56372e1
8.9898158e2 -6.161792e0 -7.62323e1 -7.62323e1
9.0403198e2 -6.161792e0 -7.68274e1 -7.68274e1
9.0908238e2 -6.161792e0 -7.74225e1 -7.74225e1
9.1413278e2 -6.161792e0 -7.80176e1 -7.80176e1
9.1918318e2 -6.161792e0 -7.86127e1 -7.86127e1
9.2423358e2 -6.161792e0 -7.92076e1 -7.92076e1
9.2928398e2 -6.161792e0 -7.98027e1 -7.98027e1
9.3433438e2 -6.161792e0 -8.03978e1 -8.03978e1
9.3938478e2 -6.161792e0 -8.09929e1 -8.09929e1
9.4443518e2 -6.161792e0 -8.1588e1 -8.1588e1
9.4948558e2 -6.161792e0 -8.2183e1 -8.2183e1
9.5453598e2 -6.161792e0 -8.27782e1 -8.27782e1
9.5958638e2 -6.161792e0 -8.33733e1 -8.33733e1
9.6463678e2 -6.161792e0 -8.39684e1 -8.39684e1
9.6968718e2 -6.161792e0 -8.45633e1 -8.45633e1
9.7473758e2 -6.161792e0 -8.51584e1 -8.51584e1
9.7978798e2 -6.161792e0 -8.57535e1 -8.57535e1
9.8483838e2 -6.161792e0 -8.63486e1 -8.63486e1
9.8988878e2 -6.161792e0 -8.69437e1 -8.69437e1
9.9493918e2 -6.161792e0 -8.75388e1 -8.75388e1
9.9998958e2 -6.161792e0 -8.81339e1 -8.81339e1

5.0e2 -5.959781e0 -2.728e1 -2.728e1
5.050504e2 -5.959781e0 -2.78555e1 -2.78555e1
5.101008e2 -5.959781e0 -2.84311e1 -2.84311e1
5.151512e2 -5.959781e0 -2.90067e1 -2.90067e1
5.202016e2 -5.959781e0 -2.95822e1 -2.95822e1
5.25252e2 -5.959781e0 -3.01578e1 -3.01578e1
5.303024e2 -5.959781e0 -3.07333e1 -3.07333e1
5.353528e2 -5.959781e0 -3.13089e1 -3.13089e1
5.404032e2 -5.959781e0 -3.18845e1 -3.18845e1
5.454536e2 -5.959781e0 -3.246e1 -3.246e1
5.50504e2 -5.959781e0 -3.30356e1 -3.30356e1
5.555544e2 -5.959781e0 -3.36111e1 -3.36111e1
5.606048e2 -5.959781e0 -3.41867e1 -3.41867e1
5.656552e2 -5.959781e0 -3.47623e1 -3.47623e1
5.707056e2 -5.959781e0 -3.53378e1 -3.53378e1
5.75756e2 -5.959781e0 -3.59134e1 -3.59134e1
5.808064e2 -5.959781e0 -3.6489e1 -3.6489e1
5.858568e2 -5.959781e0 -3.70645e1 -3.70645e1
5.909072e2 -5.959781e0 -3.764e1 -3.764e1
5.959576e2 -5.959781e0 -3.82156e1 -3.82156e1
6.01008e2 -5.959781e0 -3.87912e1 -3.87912e1
6.060584e2 -5.959781e0 -3.93668e1 -3.93668e1
6.111088e2 -5.959781e0 -3.99423e1 -3.99423e1
6.161592e2 -5.959781e0 -4.05179e1 -4.05179e1
6.212096e2 -5.959781e0 -4.10934e1 -4.10934e1
6.2626e2 -5.959781e0 -4.1669e1 -4.1669e1
6.313104e2 -5.959781e0 -4.22446e1 -4.22446e1
6.363608e2 -5.959781e0 -4.28201e1 -4.28201e1
6.414112e2 -5.959781e0 -4.33957e1 -4.33957e1
6.464616e2 -5.959781e0 -4.39713e1 -4.39713e1
6.51512e2 -5.959781e0 -4.45468e1 -4.45468e1
6.565624e2 -5.959781e0 -4.51224e1 -4.51224e1
6.616128e2 -5.959781e0 -4.56981e1 -4.56981e1
6.666632e2 -5.959781e0 -4.62737e1 -4.62737e1
6.717136e2 -5.959781e0 -4.68492e1 -4.68492e1
6.7676399e2 -5.959781e0 -4.74246e1 -4.74246e1
6.8181439e2 -5.959781e0 -4.80003e1 -4.80003e1
6.8686479e2 -5.959781e0 -4.85759e1 -4.85759e1
6.9191519e2 -5.959781e0 -4.91515e1 -4.91515e1
6.9696559e2 -5.959781e0 -4.9727e1 -4.9727e1
7.0201599e2 -5.959781e0 -5.03026e1 -5.03026e1
7.0706639e2 -5.959781e0 -5.08781e1 -5.08781e1
7.1211679e2 -5.959781e0 -5.14537e1 -5.14537e1
7.1716719e2 -5.959781e0 -5.20293e1 -5.20293e1
7.2221759e2 -5.959781e0 -5.26048e1 -5.26048e1
7.2726799e2 -5.959781e0 -5.31804e1 -5.31804e1
7.3231839e2 -5.959781e0 -5.3756e1 -5.3756e1
7.3736879e2 -5.959781e0 -5.43315e1 -5.43315e1
7.4241919e2 -5.959781e0 -5.4907e1 -5.4907e1
7.4746959e2 -5.959781e0 -5.54826e1 -5.54826e1
7.5251999e2 -5.959781e0 -5.60582e1 -5.60582e1
7.5757039e2 -5.959781e0 -5.66338e1 -5.66338e1
7.6262079e2 -5.959781e0 -5.72093e1 -5.72093e1
7.6767119e2 -5.959781e0 -5.77849e1 -5.77849e1
7.7272159e2 -5.959781e0 -5.83604e1 -5.83604e1
7.7777199e2 -5.959781e0 -5.8936e1 -5.8936e1
7.8282239e2 -5.959781e0 -5.95116e1 -5.95116e1
7.8787279e2 -5.959781e0 -6.00871e1 -6.00871e1
7.9292319e2 -5.959781e0 -6.06627e1 -6.06627e1
7.9797359e2 -5.959781e0 -6.12383e1 -6.12383e1
8.0302399e2 -5.959781e0 -6.18138e1 -6.18138e1
8.0807439e2 -5.959781e0 -6.23894e1 -6.23894e1
8.1312479e2 -5.959781e0 -6.2965e1 -6.2965e1
8.1817519e2 -5.959781e0 -6.35405e1 -6.35405e1
8.2322559e2 -5.959781e0 -6.4116e1 -6.4116e1
8.2827599e2 -5.959781e0 -6.46916e1 -6.46916e1
8.3332639e2 -5.959781e0 -6.52672e1 -6.52672e1
8.3837679e2 -5.959781e0 -6.58427e1 -6.58427e1
8.4342719e2 -5.959781e0 -6.64183e1 -6.64183e1
8.4847758e2 -5.959781e0 -6.69939e1 -6.69939e1
8.5352798e2 -5.959781e0 -6.75694e1 -6.75694e1
8.5857838e2 -5.959781e0 -6.8145e1 -6.8145e1
8.6362878e2 -5.959781e0 -6.87206e1 -6.87206e1
8.6867918e2 -5.959781e0 -6.92961e1 -6.92961e1
8.7372958e2 -5.959781e0 -6.98717e1 -6.98717e1
8.7877998e2 -5.959781e0 -7.04472e1 -7.04472e1
8.8383038e2 -5.959781e0 -7.10228e1 -7.10228e1
8.8888078e2 -5.959781e0 -7.15984e1 -7.15984e1
8.9393118e2 -5.959781e0 -7.21739e1 -7.21739e1
8.9898158e2 -5.959781e0 -7.27495e1 -7.27495e1
9.0403198e2 -5.959781e0 -7.3325e1 -7.3325e1
9.0908238e2 -5.959781e0 -7.39006e1 -7.39006e1
9.1413278e2 -5.959781e0 -7.44762e1 -7.44762e1
9.1918318e2 -5.959781e0 -7.50517e1 -7.50517e1
9.2423358e2 -5.959781e0 -7.56273e1 -7.56273e1
9.2928398e2 -5.959781e0 -7.62029e1 -7.62029e1
9.3433438e2 -5.959781e0 -7.67784e1 -7.67784e1
9.3938478e2 -5.959781e0 -7.7354e1 -7.7354e1
9.4443518e2 -5.959781e0 -7.79295e1 -7.79295e1
9.4948558e2 -5.959781e0 -7.85052e1 -7.85052e1
9.5453598e2 -5.959781e0 -7.90808e1 -7.90808e1
9.5958638e2 -5.959781e0 -7.96562e1 -7.96562e1
9.6463678e2 -5.959781e0 -8.0232e1 -8.0232e1
9.6968718e2 -5.959781e0 -8.08075e1 -8.08075e1
9.7473758e2 -5.959781e0 -8.1383e1 -8.1383e1
9.7978798e2 -5.959781e0 -8.19586e1 -8.19586e1
9.8483838e2 -5.959781e0 -8.25342e1 -8.25342e1
9.8988878e2 -5.959781e0 -8.31097e1 -8.31097e1
9.9493918e2 -5.959781e0 -8.36853e1 -8.36853e1
9.9998958e2 -5.959781e0 -8.42609e1 -8.42609e1

5.0e2 -5.757771e0 -2.53384e1 -2.53384e1
5.050504e2 -5.757771e0 -2.58945e1 -2.58945e1
5.101008e2 -5.757771e0 -2.64505e1 -2.64505e1
5.151512e2 -5.757771e0 -2.70065e1 -2.70065e1
5.202016e2 -5.757771e0 -2.75626e1 -2.75626e1
5.25252e2 -5.757771e0 -2.81187e1 -2.81187e1
5.303024e2 -5.757771e0 -2.86748e1 -2.86748e1
5.353528e2 -5.757771e0 -2.92308e1 -2.92308e1
5.404032e2 -5.757771e0 -2.97868e1 -2.97868e1
5.454536e2 -5.757771e0 -3.03429e1 -3.03429e1
5.50504e2 -5.757771e0 -3.08989e1 -3.08989e1
5.555544e2 -5.757771e0 -3.1455e1 -3.1455e1
5.606048e2 -5.757771e0 -3.20111e1 -3.20111e1
5.656552e2 -5.757771e0 -3.25671e1 -3.25671e1
5.707056e2 -5.757771e0 -3.31232e1 -3.31232e1
5.75756e2 -5.757771e0 -3.36792e1 -3.36792e1
5.808064e2 -5.757771e0 -3.42352e1 -3.42352e1
5.858568e2 -5.757771e0 -3.47913e1 -3.47913e1
5.909072e2 -5.757771e0 -3.53474e1 -3.53474e1
5.959576e2 -5.757771e0 -3.59035e1 -3.59035e1
6.01008e2 -5.757771e0 -3.64595e1 -3.64595e1
6.060584e2 -5.757771e0 -3.70155e1 -3.70155e1
6.111088e2 -5.757771e0 -3.75716e1 -3.75716e1
6.161592e2 -5.757771e0 -3.81276e1 -3.81276e1
6.212096e2 -5.757771e0 -3.86838e1 -3.86838e1
6.2626e2 -5.757771e0 -3.92398e1 -3.92398e1
6.313104e2 -5.757771e0 -3.97958e1 -3.97958e1
6.363608e2 -5.757771e0 -4.03519e1 -4.03519e1
6.414112e2 -5.757771e0 -4.09079e1 -4.09079e1
6.464616e2 -5.757771e0 -4.1464e1 -4.1464e1
6.51512e2 -5.757771e0 -4.20201e1 -4.20201e1
6.565624e2 -5.757771e0 -4.25761e1 -4.25761e1
6.616128e2 -5.757771e0 -4.31322e1 -4.31322e1
6.666632e2 -5.757771e0 -4.36882e1 -4.36882e1
6.717136e2 -5.757771e0 -4.42442e1 -4.42442e1
6.7676399e2 -5.757771e0 -4.48003e1 -4.48003e1
6.8181439e2 -5.757771e0 -4.53564e1 -4.53564e1
6.8686479e2 -5.757771e0 -4.59125e1 -4.59125e1
6.9191519e2 -5.757771e0 -4.64685e1 -4.64685e1
6.9696559e2 -5.757771e0 -4.70245e1 -4.70245e1
7.0201599e2 -5.757771e0 -4.75806e1 -4.75806e1
7.0706639e2 -5.757771e0 -4.81366e1 -4.81366e1
7.1211679e2 -5.757771e0 -4.86928e1 -4.86928e1
7.1716719e2 -5.757771e0 -4.92488e1 -4.92488e1
7.2221759e2 -5.757771e0 -4.98048e1 -4.98048e1
7.2726799e2 -5.757771e0 -5.03609e1 -5.03609e1
7.3231839e2 -5.757771e0 -5.09169e1 -5.09169e1
7.3736879e2 -5.757771e0 -5.1473e1 -5.1473e1
7.4241919e2 -5.757771e0 -5.2029e1 -5.2029e1
7.4746959e2 -5.757771e0 -5.25851e1 -5.25851e1
7.5251999e2 -5.757771e0 -5.31412e1 -5.31412e1
7.5757039e2 -5.757771e0 -5.36972e1 -5.36972e1
7.6262079e2 -5.757771e0 -5.42532e1 -5.42532e1
7.6767119e2 -5.757771e0 -5.48093e1 -5.48093e1
7.7272159e2 -5.757771e0 -5.53653e1 -5.53653e1
7.7777199e2 -5.757771e0 -5.59215e1 -5.59215e1
7.8282239e2 -5.757771e0 -5.64775e1 -5.64775e1
7.8787279e2 -5.757771e0 -5.70335e1 -5.70335e1
7.9292319e2 -5.757771e0 -5.75896e1 -5.75896e1
7.9797359e2 -5.757771e0 -5.81456e1 -5.81456e1
8.0302399e2 -5.757771e0 -5.87016e1 -5.87016e1
8.0807439e2 -5.757771e0 -5.92578e1 -5.92578e1
8.1312479e2 -5.757771e0 -5.98138e1 -5.98138e1
8.1817519e2 -5.757771e0 -6.03699e1 -6.03699e1
8.2322559e2 -5.757771e0 -6.09259e1 -6.09259e1
8.2827599e2 -5.757771e0 -6.1482e1 -6.1482e1
8.3332639e2 -5.757771e0 -6.2038e1 -6.2038e1
8.3837679e2 -5.757771e0 -6.25941e1 -6.25941e1
8.4342719e2 -5.757771e0 -6.31502e1 -6.31502e1
8.4847758e2 -5.757771e0 -6.37062e1 -6.37062e1
8.5352798e2 -5.757771e0 -6.42622e1 -6.42622e1
8.5857838e2 -5.757771e0 -6.48183e1 -6.48183e1
8.6362878e2 -5.757771e0 -6.53743e1 -6.53743e1
8.6867918e2 -5.757771e0 -6.59305e1 -6.59305e1
8.7372958e2 -5.757771e0 -6.64865e1 -6.64865e1
8.7877998e2 -5.757771e0 -6.70425e1 -6.70425e1
8.8383038e2 -5.757771e0 -6.75986e1 -6.75986e1
8.8888078e2 -5.757771e0 -6.81546e1 -6.81546e1
8.9393118e2 -5.757771e0 -6.87106e1 -6.87106e1
8.9898158e2 -5.757771e0 -6.92668e1 -6.92668e1
9.0403198e2 -5.757771e0 -6.98228e1 -6.98228e1
9.0908238e2 -5.757771e0 -7.03789e1 -7.03789e1
9.1413278e2 -5.757771e0 -7.09349e1 -7.09349e1
9.1918318e2 -5.757771e0 -7.1491e1 -7.1491e1
9.2423358e2 -5.757771e0 -7.2047e1 -7.2047e1
9.2928398e2 -5.757771e0 -7.2603e1 -7.2603e1
9.3433438e2 -5.757771e0 -7.31592e1 -7.31592e1
9.3938478e2 -5.757771e0 -7.37152e1 -7.37152e1
9.4443518e2 -5.757771e0 -7.42712e1 -7.42712e1
9.4948558e2 -5.757771e0 -7.48273e1 -7.48273e1
9.5453598e2 -5.757771e0 -7.53833e1 -7.53833e1
9.5958638e2 -5.757771e0 -7.59393e1 -7.59393e1
9.6463678e2 -5.757771e0 -7.64955e1 -7.64955e1
9.6968718e2 -5.757771e0 -7.70515e1 -7.70515e1
9.7473758e2 -5.757771e0 -7.76076e1 -7.76076e1
9.7978798e2 -5.757771e0 -7.81636e1 -7.81636e1
9.8483838e2 -5.757771e0 -7.87196e1 -7.87196e1
9.8988878e2 -5.757771e0 -7.92757e1 -7.92757e1
9.9493918e2 -5.757771e0 -7.98318e1 -7.98318e1
9.9998958e2 -5.757771e0 -8.03879e1 -8.03879e1

5.0e2 -5.55576e0 -2.33969e1 -2.33969e1
5.050504e2 -5.55576e0 -2.39334e1 -2.39334e1
5.101008e2 -5.55576e0 -2.44699e1 -2.44699e1
5.151512e2 -5.55576e0 -2.50064e1 -2.50064e1
5.202016e2 -5.55576e0 -2.5543e1 -2.5543e1
5.25252e2 -5.55576e0 -2.60796e1 -2.60796e1
5.303024e2 -5.55576e0 -2.6616e1 -2.6616e1
5.353528e2 -5.55576e0 -2.71527e1 -2.71527e1
5.404032e2 -5.55576e0 -2.76892e1 -2.76892e1
5.454536e2 -5.55576e0 -2.82257e1 -2.82257e1
5.50504e2 -5.55576e0 -2.87624e1 -2.87624e1
5.555544e2 -5.55576e0 -2.92989e1 -2.92989e1
5.606048e2 -5.55576e0 -2.98354e1 -2.98354e1
5.656552e2 -5.55576e0 -3.0372e1 -3.0372e1
5.707056e2 -5.55576e0 -3.09085e1 -3.09085e1
5.75756e2 -5.55576e0 -3.1445e1 -3.1445e1
5.808064e2 -5.55576e0 -3.19815e1 -3.19815e1
5.858568e2 -5.55576e0 -3.25182e1 -3.25182e1
5.909072e2 -5.55576e0 -3.30547e1 -3.30547e1
5.959576e2 -5.55576e0 -3.35912e1 -3.35912e1
6.01008e2 -5.55576e0 -3.41278e1 -3.41278e1
6.060584e2 -5.55576e0 -3.46643e1 -3.46643e1
6.111088e2 -5.55576e0 -3.52008e1 -3.52008e1
6.161592e2 -5.55576e0 -3.57375e1 -3.57375e1
6.212096e2 -5.55576e0 -3.6274e1 -3.6274e1
6.2626e2 -5.55576e0 -3.68105e1 -3.68105e1
6.313104e2 -5.55576e0 -3.73471e1 -3.73471e1
6.363608e2 -5.55576e0 -3.78836e1 -3.78836e1
6.414112e2 -5.55576e0 -3.84201e1 -3.84201e1
6.464616e2 -5.55576e0 -3.89566e1 -3.89566e1
6.51512e2 -5.55576e0 -3.94933e1 -3.94933e1
6.565624e2 -5.55576e0 -4.00298e1 -4.00298e1
6.616128e2 -5.55576e0 -4.05663e1 -4.05663e1
6.666632e2 -5.55576e0 -4.11029e1 -4.11029e1
6.717136e2 -5.55576e0 -4.16394e1 -4.16394e1
6.7676399e2 -5.55576e0 -4.21759e1 -4.21759e1
6.8181439e2 -5.55576e0 -4.27126e1 -4.27126e1
6.8686479e2 -5.55576e0 -4.3249e1 -4.3249e1
6.9191519e2 -5.55576e0 -4.37856e1 -4.37856e1
6.9696559e2 -5.55576e0 -4.43222e1 -4.43222e1
7.0201599e2 -5.55576e0 -4.48587e1 -4.48587e1
7.0706639e2 -5.55576e0 -4.53952e1 -4.53952e1
7.1211679e2 -5.55576e0 -4.59317e1 -4.59317e1
7.1716719e2 -5.55576e0 -4.64684e1 -4.64684e1
7.2221759e2 -5.55576e0 -4.70049e1 -4.70049e1
7.2726799e2 -5.55576e0 -4.75414e1 -4.75414e1
7.3231839e2 -5.55576e0 -4.8078e1 -4.8078e1
7.3736879e2 -5.55576e0 -4.86145e1 -4.86145e1
7.4241919e2 -5.55576e0 -4.9151e1 -4.9151e1
7.4746959e2 -5.55576e0 -4.96877e1 -4.96877e1
7.5251999e2 -5.55576e0 -5.02242e1 -5.02242e1
7.5757039e2 -5.55576e0 -5.07607e1 -5.07607e1
7.6262079e2 -5.55576e0 -5.12971e1 -5.12971e1
7.6767119e2 -5.55576e0 -5.18338e1 -5.18338e1
7.7272159e2 -5.55576e0 -5.23703e1 -5.23703e1
7.7777199e2 -5.55576e0 -5.29068e1 -5.29068e1
7.8282239e2 -5.55576e0 -5.34435e1 -5.34435e1
7.8787279e2 -5.55576e0 -5.398e1 -5.398e1
7.9292319e2 -5.55576e0 -5.45164e1 -5.45164e1
7.9797359e2 -5.55576e0 -5.50531e1 -5.50531e1
8.0302399e2 -5.55576e0 -5.55896e1 -5.55896e1
8.0807439e2 -5.55576e0 -5.61261e1 -5.61261e1
8.1312479e2 -5.55576e0 -5.66628e1 -5.66628e1
8.1817519e2 -5.55576e0 -5.71992e1 -5.71992e1
8.2322559e2 -5.55576e0 -5.77357e1 -5.77357e1
8.2827599e2 -5.55576e0 -5.82722e1 -5.82722e1
8.3332639e2 -5.55576e0 -5.88089e1 -5.88089e1
8.3837679e2 -5.55576e0 -5.93454e1 -5.93454e1
8.4342719e2 -5.55576e0 -5.98819e1 -5.98819e1
8.4847758e2 -5.55576e0 -6.04185e1 -6.04185e1
8.5352798e2 -5.55576e0 -6.0955e1 -6.0955e1
8.5857838e2 -5.55576e0 -6.14915e1 -6.14915e1
8.6362878e2 -5.55576e0 -6.20282e1 -6.20282e1
8.6867918e2 -5.55576e0 -6.25647e1 -6.25647e1
8.7372958e2 -5.55576e0 -6.31012e1 -6.31012e1
8.7877998e2 -5.55576e0 -6.36377e1 -6.36377e1
8.8383038e2 -5.55576e0 -6.41743e1 -6.41743e1
8.8888078e2 -5.55576e0 -6.47108e1 -6.47108e1
8.9393118e2 -5.55576e0 -6.52473e1 -6.52473e1
8.9898158e2 -5.55576e0 -6.5784e1 -6.5784e1
9.0403198e2 -5.55576e0 -6.63205e1 -6.63205e1
9.0908238e2 -5.55576e0 -6.6857e1 -6.6857e1
9.1413278e2 -5.55576e0 -6.73936e1 -6.73936e1
9.1918318e2 -5.55576e0 -6.79301e1 -6.79301e1
9.2423358e2 -5.55576e0 -6.84666e1 -6.84666e1
9.2928398e2 -5.55576e0 -6.90031e1 -6.90031e1
9.3433438e2 -5.55576e0 -6.95398e1 -6.95398e1
9.3938478e2 -5.55576e0 -7.00763e1 -7.00763e1
9.4443518e2 -5.55576e0 -7.06128e1 -7.06128e1
9.4948558e2 -5.55576e0 -7.11494e1 -7.11494e1
9.5453598e2 -5.55576e0 -7.1686e1 -7.1686e1
9.5958638e2 -5.55576e0 -7.22224e1 -7.22224e1
9.6463678e2 -5.55576e0 -7.27591e1 -7.27591e1
9.6968718e2 -5.55576e0 -7.32956e1 -7.32956e1
9.7473758e2 -5.55576e0 -7.38321e1 -7.38321e1
9.7978798e2 -5.55576e0 -7.43687e1 -7.43687e1
9.8483838e2 -5.55576e0 -7.49052e1 -7.49052e1
9.8988878e2 -5.55576e0 -7.54417e1 -7.54417e1
9.9493918e2 -5.55576e0 -7.59784e1 -7.59784e1
9.9998958e2 -5.55576e0 -7.65149e1 -7.65149e1

5.0e2 -5.353749e0 -2.14554e1 -2.14554e1
5.050504e2 -5.353749e0 -2.19724e1 -2.19724e1
5.101008e2 -5.353749e0 -2.24895e1 -2.24895e1
5.151512e2 -5.353749e0 -2.30064e1 -2.30064e1
5.202016e2 -5.353749e0 -2.35236e1 -2.35236e1
5.25252e2 -5.353749e0 -2.40405e1 -2.40405e1
5.303024e2 -5.353749e0 -2.45576e1 -2.45576e1
5.353528e2 -5.353749e0 -2.50746e1 -2.50746e1
5.404032e2 -5.353749e0 -2.55916e1 -2.55916e1
5.454536e2 -5.353749e0 -2.61087e1 -2.61087e1
5.50504e2 -5.353749e0 -2.66257e1 -2.66257e1
5.555544e2 -5.353749e0 -2.71428e1 -2.71428e1
5.606048e2 -5.353749e0 -2.76598e1 -2.76598e1
5.656552e2 -5.353749e0 -2.81769e1 -2.81769e1
5.707056e2 -5.353749e0 -2.86938e1 -2.86938e1
5.75756e2 -5.353749e0 -2.9211e1 -2.9211e1
5.808064e2 -5.353749e0 -2.9728e1 -2.9728e1
5.858568e2 -5.353749e0 -3.0245e1 -3.0245e1
5.909072e2 -5.353749e0 -3.0762e1 -3.0762e1
5.959576e2 -5.353749e0 -3.12791e1 -3.12791e1
6.01008e2 -5.353749e0 -3.17961e1 -3.17961e1
6.060584e2 -5.353749e0 -3.23131e1 -3.23131e1
6.111088e2 -5.353749e0 -3.28302e1 -3.28302e1
6.161592e2 -5.353749e0 -3.33472e1 -3.33472e1
6.212096e2 -5.353749e0 -3.38643e1 -3.38643e1
6.2626e2 -5.353749e0 -3.43813e1 -3.43813e1
6.313104e2 -5.353749e0 -3.48984e1 -3.48984e1
6.363608e2 -5.353749e0 -3.54153e1 -3.54153e1
6.414112e2 -5.353749e0 -3.59325e1 -3.59325e1
6.464616e2 -5.353749e0 -3.64494e1 -3.64494e1
6.51512e2 -5.353749e0 -3.69664e1 -3.69664e1
6.565624e2 -5.353749e0 -3.74835e1 -3.74835e1
6.616128e2 -5.353749e0 -3.80005e1 -3.80005e1
6.666632e2 -5.353749e0 -3.85176e1 -3.85176e1
6.717136e2 -5.353749e0 -3.90346e1 -3.90346e1
6.7676399e2 -5.353749e0 -3.95517e1 -3.95517e1
6.8181439e2 -5.353749e0 -4.00687e1 -4.00687e1
6.8686479e2 -5.353749e0 -4.05858e1 -4.05858e1
6.9191519e2 -5.353749e0 -4.11028e1 -4.11028e1
6.9696559e2 -5.353749e0 -4.16199e1 -4.16199e1
7.0201599e2 -5.353749e0 -4.21368e1 -4.21368e1
7.0706639e2 -5.353749e0 -4.26538e1 -4.26538e1
7.1211679e2 -5.353749e0 -4.3171e1 -4.3171e1
7.1716719e2 -5.353749e0 -4.36879e1 -4.36879e1
7.2221759e2 -5.353749e0 -4.4205e1 -4.4205e1
7.2726799e2 -5.353749e0 -4.4722e1 -4.4722e1
7.3231839e2 -5.353749e0 -4.52391e1 -4.52391e1
7.3736879e2 -5.353749e0 -4.5756e1 -4.5756e1
7.4241919e2 -5.353749e0 -4.62732e1 -4.62732e1
7.4746959e2 -5.353749e0 -4.67902e1 -4.67902e1
7.5251999e2 -5.353749e0 -4.73073e1 -4.73073e1
7.5757039e2 -5.353749e0 -4.78242e1 -4.78242e1
7.6262079e2 -5.353749e0 -4.83414e1 -4.83414e1
7.6767119e2 -5.353749e0 -4.88583e1 -4.88583e1
7.7272159e2 -5.353749e0 -4.93753e1 -4.93753e1
7.7777199e2 -5.353749e0 -4.98924e1 -4.98924e1
7.8282239e2 -5.353749e0 -5.04094e1 -5.04094e1
7.8787279e2 -5.353749e0 -5.09265e1 -5.09265e1
7.9292319e2 -5.353749e0 -5.14435e1 -5.14435e1
7.9797359e2 -5.353749e0 -5.19606e1 -5.19606e1
8.0302399e2 -5.353749e0 -5.24776e1 -5.24776e1
8.0807439e2 -5.353749e0 -5.29947e1 -5.29947e1
8.1312479e2 -5.353749e0 -5.35117e1 -5.35117e1
8.1817519e2 -5.353749e0 -5.40288e1 -5.40288e1
8.2322559e2 -5.353749e0 -5.45457e1 -5.45457e1
8.2827599e2 -5.353749e0 -5.50627e1 -5.50627e1
8.3332639e2 -5.353749e0 -5.55798e1 -5.55798e1
8.3837679e2 -5.353749e0 -5.60968e1 -5.60968e1
8.4342719e2 -5.353749e0 -5.66139e1 -5.66139e1
8.4847758e2 -5.353749e0 -5.71309e1 -5.71309e1
8.5352798e2 -5.353749e0 -5.7648e1 -5.7648e1
8.5857838e2 -5.353749e0 -5.8165e1 -5.8165e1
8.6362878e2 -5.353749e0 -5.86821e1 -5.86821e1
8.6867918e2 -5.353749e0 -5.9199e1 -5.9199e1
8.7372958e2 -5.353749e0 -5.9716e1 -5.9716e1
8.7877998e2 -5.353749e0 -6.02332e1 -6.02332e1
8.8383038e2 -5.353749e0 -6.07501e1 -6.07501e1
8.8888078e2 -5.353749e0 -6.12672e1 -6.12672e1
8.9393118e2 -5.353749e0 -6.17842e1 -6.17842e1
8.9898158e2 -5.353749e0 -6.23013e1 -6.23013e1
9.0403198e2 -5.353749e0 -6.28183e1 -6.28183e1
9.0908238e2 -5.353749e0 -6.33354e1 -6.33354e1
9.1413278e2 -5.353749e0 -6.38524e1 -6.38524e1
9.1918318e2 -5.353749e0 -6.43695e1 -6.43695e1
9.2423358e2 -5.353749e0 -6.48865e1 -6.48865e1
9.2928398e2 -5.353749e0 -6.54034e1 -6.54034e1
9.3433438e2 -5.353749e0 -6.59206e1 -6.59206e1
9.3938478e2 -5.353749e0 -6.64375e1 -6.64375e1
9.4443518e2 -5.353749e0 -6.69547e1 -6.69547e1
9.4948558e2 -5.353749e0 -6.74716e1 -6.74716e1
9.5453598e2 -5.353749e0 -6.79887e1 -6.79887e1
9.5958638e2 -5.353749e0 -6.85057e1 -6.85057e1
9.6463678e2 -5.353749e0 -6.90228e1 -6.90228e1
9.6968718e2 -5.353749e0 -6.95398e1 -6.95398e1
9.7473758e2 -5.353749e0 -7.00569e1 -7.00569e1
9.7978798e2 -5.353749e0 -7.05739e1 -7.05739e1
9.8483838e2 -5.353749e0 -7.1091e1 -7.1091e1
9.8988878e2 -5.353749e0 -7.1608e1 -7.1608e1
9.9493918e2 -5.353749e0 -7.2125e1 -7.2125e1
9.9998958e2 -5.353749e0 -7.2642e1 -7.2642e1

5.0e2 -5.151738e0 -1.95139e1 -1.95139e1
5.050504e2 -5.151738e0 -2.00113e1 -2.00113e1
5.101008e2 -5.151738e0 -2.05089e1 -2.05089e1
5.151512e2 -5.151738e0 -2.10063e1 -2.10063e1
5.202016e2 -5.151738e0 -2.15039e1 -2.15039e1
5.25252e2 -5.151738e0 -2.20015e1 -2.20015e1
5.303024e2 -5.151738e0 -2.2499e1 -2.2499e1
5.353528e2 -5.151738e0 -2.29965e1 -2.29965e1
5.404032e2 -5.151738e0 -2.3494e1 -2.3494e1
5.454536e2 -5.151738e0 -2.39915e1 -2.39915e1
5.50504e2 -5.151738e0 -2.4489e1 -2.4489e1
5.555544e2 -5.151738e0 -2.49866e1 -2.49866e1
5.606048e2 -5.151738e0 -2.54842e1 -2.54842e1
5.656552e2 -5.151738e0 -2.59816e1 -2.59816e1
5.707056e2 -5.151738e0 -2.64792e1 -2.64792e1
5.75756e2 -5.151738e0 -2.69768e1 -2.69768e1
5.808064e2 -5.151738e0 -2.74742e1 -2.74742e1
5.858568e2 -5.151738e0 -2.79718e1 -2.79718e1
5.909072e2 -5.151738e0 -2.84692e1 -2.84692e1
5.959576e2 -5.151738e0 -2.89668e1 -2.89668e1
6.01008e2 -5.151738e0 -2.94643e1 -2.94643e1
6.060584e2 -5.151738e0 -2.99619e1 -2.99619e1
6.111088e2 -5.151738e0 -3.04594e1 -3.04594e1
6.161592e2 -5.151738e0 -3.09569e1 -3.09569e1
6.212096e2 -5.151738e0 -3.14545e1 -3.14545e1
6.2626e2 -5.151738e0 -3.1952e1 -3.1952e1
6.313104e2 -5.151738e0 -3.24495e1 -3.24495e1
6.363608e2 -5.151738e0 -3.29471e1 -3.29471e1
6.414112e2 -5.151738e0 -3.34445e1 -3.34445e1
6.464616e2 -5.151738e0 -3.39421e1 -3.39421e1
6.51512e2 -5.151738e0 -3.44395e1 -3.44395e1
6.565624e2 -5.151738e0 -3.49371e1 -3.49371e1
6.616128e2 -5.151738e0 -3.54347e1 -3.54347e1
6.666632e2 -5.151738e0 -3.59322e1 -3.59322e1
6.717136e2 -5.151738e0 -3.64297e1 -3.64297e1
6.7676399e2 -5.151738e0 -3.69272e1 -3.69272e1
6.8181439e2 -5.151738e0 -3.74248e1 -3.74248e1
6.8686479e2 -5.151738e0 -3.79224e1 -3.79224e1
6.9191519e2 -5.151738e0 -3.84198e1 -3.84198e1
6.9696559e2 -5.151738e0 -3.89174e1 -3.89174e1
7.0201599e2 -5.151738e0 -3.94148e1 -3.94148e1
7.0706639e2 -5.151738e0 -3.99124e1 -3.99124e1
7.1211679e2 -5.151738e0 -4.041e1 -4.041e1
7.1716719e2 -5.151738e0 -4.09074e1 -4.09074e1
7.2221759e2 -5.151738e0 -4.1405e1 -4.1405e1
7.2726799e2 -5.151738e0 -4.19025e1 -4.19025e1
7.3231839e2 -5.151738e0 -4.24e1 -4.24e1
7.3736879e2 -5.151738e0 -4.28976e1 -4.28976e1
7.4241919e2 -5.151738e0 -4.33951e1 -4.33951e1
7.4746959e2 -5.151738e0 -4.38927e1 -4.38927e1
7.5251999e2 -5.151738e0 -4.43901e1 -4.43901e1
7.5757039e2 -5.151738e0 -4.48877e1 -4.48877e1
7.6262079e2 -5.151738e0 -4.53853e1 -4.53853e1
7.6767119e2 -5.151738e0 -4.58827e1 -4.58827e1
7.7272159e2 -5.151738e0 -4.63803e1 -4.63803e1
7.7777199e2 -5.151738e0 -4.68777e1 -4.68777e1
7.8282239e2 -5.151738e0 -4.73753e1 -4.73753e1
7.8787279e2 -5.151738e0 -4.7873e1 -4.7873e1
7.9292319e2 -5.151738e0 -4.83704e1 -4.83704e1
7.9797359e2 -5.151738e0 -4.8868e1 -4.8868e1
8.0302399e2 -5.151738e0 -4.93654e1 -4.93654e1
8.0807439e2 -5.151738e0 -4.9863e1 -4.9863e1
8.1312479e2 -5.151738e0 -5.03606e1 -5.03606e1
8.1817519e2 -5.151738e0 -5.0858e1 -5.0858e1
8.2322559e2 -5.151738e0 -5.13556e1 -5.13556e1
8.2827599e2 -5.151738e0 -5.1853e1 -5.1853e1
8.3332639e2 -5.151738e0 -5.23506e1 -5.23506e1
8.3837679e2 -5.151738e0 -5.28482e1 -5.28482e1
8.4342719e2 -5.151738e0 -5.33456e1 -5.33456e1
8.4847758e2 -5.151738e0 -5.38432e1 -5.38432e1
8.5352798e2 -5.151738e0 -5.43407e1 -5.43407e1
8.5857838e2 -5.151738e0 -5.48383e1 -5.48383e1
8.6362878e2 -5.151738e0 -5.53358e1 -5.53358e1
8.6867918e2 -5.151738e0 -5.58333e1 -5.58333e1
8.7372958e2 -5.151738e0 -5.63309e1 -5.63309e1
8.7877998e2 -5.151738e0 -5.68283e1 -5.68283e1
8.8383038e2 -5.151738e0 -5.73259e1 -5.73259e1
8.8888078e2 -5.151738e0 -5.78233e1 -5.78233e1
8.9393118e2 -5.151738e0 -5.83209e1 -5.83209e1
8.9898158e2 -5.151738e0 -5.88185e1 -5.88185e1
9.0403198e2 -5.151738e0 -5.9316e1 -5.9316e1
9.0908238e2 -5.151738e0 -5.98135e1 -5.98135e1
9.1413278e2 -5.151738e0 -6.03111e1 -6.03111e1
9.1918318e2 -5.151738e0 -6.08086e1 -6.08086e1
9.2423358e2 -5.151738e0 -6.13062e1 -6.13062e1
9.2928398e2 -5.151738e0 -6.18036e1 -6.18036e1
9.3433438e2 -5.151738e0 -6.23012e1 -6.23012e1
9.3938478e2 -5.151738e0 -6.27986e1 -6.27986e1
9.4443518e2 -5.151738e0 -6.32962e1 -6.32962e1
9.4948558e2 -5.151738e0 -6.37938e1 -6.37938e1
9.5453598e2 -5.151738e0 -6.42912e1 -6.42912e1
9.5958638e2 -5.151738e0 -6.47888e1 -6.47888e1
9.6463678e2 -5.151738e0 -6.52864e1 -6.52864e1
9.6968718e2 -5.151738e0 -6.57838e1 -6.57838e1
9.7473758e2 -5.151738e0 -6.62814e1 -6.62814e1
9.7978798e2 -5.151738e0 -6.67789e1 -6.67789e1
9.8483838e2 -5.151738e0 -6.72765e1 -6.72765e1
9.8988878e2 -5.151738e0 -6.77739e1 -6.77739e1
9.9493918e2 -5.151738e0 -6.82715e1 -6.82715e1
9.9998958e2 -5.151738e0 -6.8769e1 -6.8769e1

5.0e2 -4.949727e0 -1.75722e1 -1.75722e1
5.050504e2 -4.949727e0 -1.80502e1 -1.80502e1
5.101008e2 -4.949727e0 -1.85283e1 -1.85283e1
5.151512e2 -4.949727e0 -1.90063e1 -1.90063e1
5.202016e2 -4.949727e0 -1.94843e1 -1.94843e1
5.25252e2 -4.949727e0 -1.99623e1 -1.99623e1
5.303024e2 -4.949727e0 -2.04404e1 -2.04404e1
5.353528e2 -4.949727e0 -2.09184e1 -2.09184e1
5.404032e2 -4.949727e0 -2.13963e1 -2.13963e1
5.454536e2 -4.949727e0 -2.18744e1 -2.18744e1
5.50504e2 -4.949727e0 -2.23524e1 -2.23524e1
5.555544e2 -4.949727e0 -2.28305e1 -2.28305e1
5.606048e2 -4.949727e0 -2.33084e1 -2.33084e1
5.656552e2 -4.949727e0 -2.37865e1 -2.37865e1
5.707056e2 -4.949727e0 -2.42645e1 -2.42645e1
5.75756e2 -4.949727e0 -2.47426e1 -2.47426e1
5.808064e2 -4.949727e0 -2.52205e1 -2.52205e1
5.858568e2 -4.949727e0 -2.56985e1 -2.56985e1
5.909072e2 -4.949727e0 -2.61766e1 -2.61766e1
5.959576e2 -4.949727e0 -2.66545e1 -2.66545e1
6.01008e2 -4.949727e0 -2.71326e1 -2.71326e1
6.060584e2 -4.949727e0 -2.76106e1 -2.76106e1
6.111088e2 -4.949727e0 -2.80887e1 -2.80887e1
6.161592e2 -4.949727e0 -2.85666e1 -2.85666e1
6.212096e2 -4.949727e0 -2.90446e1 -2.90446e1
6.2626e2 -4.949727e0 -2.95227e1 -2.95227e1
6.313104e2 -4.949727e0 -3.00008e1 -3.00008e1
6.363608e2 -4.949727e0 -3.04787e1 -3.04787e1
6.414112e2 -4.949727e0 -3.09567e1 -3.09567e1
6.464616e2 -4.949727e0 -3.14348e1 -3.14348e1
6.51512e2 -4.949727e0 -3.19128e1 -3.19128e1
6.565624e2 -4.949727e0 -3.23907e1 -3.23907e1
6.616128e2 -4.949727e0 -3.28688e1 -3.28688e1
6.666632e2 -4.949727e0 -3.33469e1 -3.33469e1
6.717136e2 -4.949727e0 -3.38249e1 -3.38249e1
6.7676399e2 -4.949727e0 -3.43028e1 -3.43028e1
6.8181439e2 -4.949727e0 -3.47809e1 -3.47809e1
6.8686479e2 -4.949727e0 -3.5259e1 -3.5259e1
6.9191519e2 -4.949727e0 -3.5737e1 -3.5737e1
6.9696559e2 -4.949727e0 -3.62149e1 -3.62149e1
7.0201599e2 -4.949727e0 -3.6693e1 -3.6693e1
7.0706639e2 -4.949727e0 -3.7171e1 -3.7171e1
7.1211679e2 -4.949727e0 -3.76491e1 -3.76491e1
7.1716719e2 -4.949727e0 -3.8127e1 -3.8127e1
7.2221759e2 -4.949727e0 -3.8605e1 -3.8605e1
7.2726799e2 -4.949727e0 -3.90831e1 -3.90831e1
7.3231839e2 -4.949727e0 -3.95612e1 -3.95612e1
7.3736879e2 -4.949727e0 -4.0039e1 -4.0039e1
7.4241919e2 -4.949727e0 -4.05171e1 -4.05171e1
7.4746959e2 -4.949727e0 -4.09952e1 -4.09952e1
7.5251999e2 -4.949727e0 -4.14731e1 -4.14731e1
7.5757039e2 -4.949727e0 -4.19511e1 -4.19511e1
7.6262079e2 -4.949727e0 -4.24292e1 -4.24292e1
7.6767119e2 -4.949727e0 -4.29073e1 -4.29073e1
7.7272159e2 -4.949727e0 -4.33852e1 -4.33852e1
7.7777199e2 -4.949727e0 -4.38632e1 -4.38632e1
7.8282239e2 -4.949727e0 -4.43413e1 -4.43413e1
7.8787279e2 -4.949727e0 -4.48193e1 -4.48193e1
7.9292319e2 -4.949727e0 -4.52972e1 -4.52972e1
7.9797359e2 -4.949727e0 -4.57753e1 -4.57753e1
8.0302399e2 -4.949727e0 -4.62534e1 -4.62534e1
8.0807439e2 -4.949727e0 -4.67314e1 -4.67314e1
8.1312479e2 -4.949727e0 -4.72093e1 -4.72093e1
8.1817519e2 -4.949727e0 -4.76874e1 -4.76874e1
8.2322559e2 -4.949727e0 -4.81654e1 -4.81654e1
8.2827599e2 -4.949727e0 -4.86435e1 -4.86435e1
8.3332639e2 -4.949727e0 -4.91214e1 -4.91214e1
8.3837679e2 -4.949727e0 -4.95995e1 -4.95995e1
8.4342719e2 -4.949727e0 -5.00775e1 -5.00775e1
8.4847758e2 -4.949727e0 -5.05556e1 -5.05556e1
8.5352798e2 -4.949727e0 -5.10335e1 -5.10335e1
8.5857838e2 -4.949727e0 -5.15115e1 -5.15115e1
8.6362878e2 -4.949727e0 -5.19896e1 -5.19896e1
8.6867918e2 -4.949727e0 -5.24677e1 -5.24677e1
8.7372958e2 -4.949727e0 -5.29456e1 -5.29456e1
8.7877998e2 -4.949727e0 -5.34236e1 -5.34236e1
8.8383038e2 -4.949727e0 -5.39017e1 -5.39017e1
8.8888078e2 -4.949727e0 -5.43796e1 -5.43796e1
8.9393118e2 -4.949727e0 -5.48576e1 -5.48576e1
8.9898158e2 -4.949727e0 -5.53357e1 -5.53357e1
9.0403198e2 -4.949727e0 -5.58138e1 -5.58138e1
9.0908238e2 -4.949727e0 -5.62917e1 -5.62917e1
9.1413278e2 -4.949727e0 -5.67697e1 -5.67697e1
9.1918318e2 -4.949727e0 -5.72478e1 -5.72478e1
9.2423358e2 -4.949727e0 -5.77258e1 -5.77258e1
9.2928398e2 -4.949727e0 -5.82037e1 -5.82037e1
9.3433438e2 -4.949727e0 -5.86818e1 -5.86818e1
9.3938478e2 -4.949727e0 -5.91599e1 -5.91599e1
9.4443518e2 -4.949727e0 -5.96379e1 -5.96379e1
9.4948558e2 -4.949727e0 -6.01158e1 -6.01158e1
9.5453598e2 -4.949727e0 -6.05939e1 -6.05939e1
9.5958638e2 -4.949727e0 -6.1072e1 -6.1072e1
9.6463678e2 -4.949727e0 -6.155e1 -6.155e1
9.6968718e2 -4.949727e0 -6.20279e1 -6.20279e1
9.7473758e2 -4.949727e0 -6.2506e1 -6.2506e1
9.7978798e2 -4.949727e0 -6.2984e1 -6.2984e1
9.8483838e2 -4.949727e0 -6.3462e1 -6.3462e1
9.8988878e2 -4.949727e0 -6.394e1 -6.394e1
9.9493918e2 -4.949727e0 -6.4418e1 -6.4418e1
9.9998958e2 -4.949727e0 -6.48961e1 -6.48961e1

5.0e2 -4.747716e0 -1.56306e1 -1.56306e1
5.050504e2 -4.747716e0 -1.60892e1 -1.60892e1
5.101008e2 -4.747716e0 -1.65477e1 -1.65477e1
5.151512e2 -4.747716e0 -1.70062e1 -1.70062e1
5.202016e2 -4.747716e0 -1.74648e1 -1.74648e1
5.25252e2 -4.747716e0 -1.79233e1 -1.79233e1
5.303024e2 -4.747716e0 -1.83818e1 -1.83818e1
5.353528e2 -4.747716e0 -1.88402e1 -1.88402e1
5.404032e2 -4.747716e0 -1.92987e1 -1.92987e1
5.454536e2 -4.747716e0 -1.97572e1 -1.97572e1
5.50504e2 -4.747716e0 -2.02158e1 -2.02158e1
5.555544e2 -4.747716e0 -2.06743e1 -2.06743e1
5.606048e2 -4.747716e0 -2.11328e1 -2.11328e1
5.656552e2 -4.747716e0 -2.15913e1 -2.15913e1
5.707056e2 -4.747716e0 -2.20499e1 -2.20499e1
5.75756e2 -4.747716e0 -2.25084e1 -2.25084e1
5.808064e2 -4.747716e0 -2.29668e1 -2.29668e1
5.858568e2 -4.747716e0 -2.34253e1 -2.34253e1
5.909072e2 -4.747716e0 -2.38838e1 -2.38838e1
5.959576e2 -4.747716e0 -2.43423e1 -2.43423e1
6.01008e2 -4.747716e0 -2.48009e1 -2.48009e1
6.060584e2 -4.747716e0 -2.52594e1 -2.52594e1
6.111088e2 -4.747716e0 -2.5718e1 -2.5718e1
6.161592e2 -4.747716e0 -2.61765e1 -2.61765e1
6.212096e2 -4.747716e0 -2.66348e1 -2.66348e1
6.2626e2 -4.747716e0 -2.70934e1 -2.70934e1
6.313104e2 -4.747716e0 -2.75519e1 -2.75519e1
6.363608e2 -4.747716e0 -2.80104e1 -2.80104e1
6.414112e2 -4.747716e0 -2.8469e1 -2.8469e1
6.464616e2 -4.747716e0 -2.89275e1 -2.89275e1
6.51512e2 -4.747716e0 -2.9386e1 -2.9386e1
6.565624e2 -4.747716e0 -2.98445e1 -2.98445e1
6.616128e2 -4.747716e0 -3.0303e1 -3.0303e1
6.666632e2 -4.747716e0 -3.07614e1 -3.07614e1
6.717136e2 -4.747716e0 -3.122e1 -3.122e1
6.7676399e2 -4.747716e0 -3.16785e1 -3.16785e1
6.8181439e2 -4.747716e0 -3.2137e1 -3.2137e1
6.8686479e2 -4.747716e0 -3.25955e1 -3.25955e1
6.9191519e2 -4.747716e0 -3.3054e1 -3.3054e1
6.9696559e2 -4.747716e0 -3.35126e1 -3.35126e1
7.0201599e2 -4.747716e0 -3.39711e1 -3.39711e1
7.0706639e2 -4.747716e0 -3.44296e1 -3.44296e1
7.1211679e2 -4.747716e0 -3.4888e1 -3.4888e1
7.1716719e2 -4.747716e0 -3.53465e1 -3.53465e1
7.2221759e2 -4.747716e0 -3.5805e1 -3.5805e1
7.2726799e2 -4.747716e0 -3.62636e1 -3.62636e1
7.3231839e2 -4.747716e0 -3.67221e1 -3.67221e1
7.3736879e2 -4.747716e0 -3.71806e1 -3.71806e1
7.4241919e2 -4.747716e0 -3.76392e1 -3.76392e1
7.4746959e2 -4.747716e0 -3.80977e1 -3.80977e1
7.5251999e2 -4.747716e0 -3.85562e1 -3.85562e1
7.5757039e2 -4.747716e0 -3.90146e1 -3.90146e1
7.6262079e2 -4.747716e0 -3.94731e1 -3.94731e1
7.6767119e2 -4.747716e0 -3.99316e1 -3.99316e1
7.7272159e2 -4.747716e0 -4.03902e1 -4.03902e1
7.7777199e2 -4.747716e0 -4.08487e1 -4.08487e1
7.8282239e2 -4.747716e0 -4.13072e1 -4.13072e1
7.8787279e2 -4.747716e0 -4.17657e1 -4.17657e1
7.9292319e2 -4.747716e0 -4.22243e1 -4.22243e1
7.9797359e2 -4.747716e0 -4.26828e1 -4.26828e1
8.0302399e2 -4.747716e0 -4.31412e1 -4.31412e1
8.0807439e2 -4.747716e0 -4.35997e1 -4.35997e1
8.1312479e2 -4.747716e0 -4.40582e1 -4.40582e1
8.1817519e2 -4.747716e0 -4.45168e1 -4.45168e1
8.2322559e2 -4.747716e0 -4.49753e1 -4.49753e1
8.2827599e2 -4.747716e0 -4.54338e1 -4.54338e1
8.3332639e2 -4.747716e0 -4.58923e1 -4.58923e1
8.3837679e2 -4.747716e0 -4.63509e1 -4.63509e1
8.4342719e2 -4.747716e0 -4.68092e1 -4.68092e1
8.4847758e2 -4.747716e0 -4.72678e1 -4.72678e1
8.5352798e2 -4.747716e0 -4.77263e1 -4.77263e1
8.5857838e2 -4.747716e0 -4.81848e1 -4.81848e1
8.6362878e2 -4.747716e0 -4.86433e1 -4.86433e1
8.6867918e2 -4.747716e0 -4.91019e1 -4.91019e1
8.7372958e2 -4.747716e0 -4.95604e1 -4.95604e1
8.7877998e2 -4.747716e0 -5.00189e1 -5.00189e1
8.8383038e2 -4.747716e0 -5.04774e1 -5.04774e1
8.8888078e2 -4.747716e0 -5.09358e1 -5.09358e1
8.9393118e2 -4.747716e0 -5.13943e1 -5.13943e1
8.9898158e2 -4.747716e0 -5.18529e1 -5.18529e1
9.0403198e2 -4.747716e0 -5.23114e1 -5.23114e1
9.0908238e2 -4.747716e0 -5.277e1 -5.277e1
9.1413278e2 -4.747716e0 -5.32285e1 -5.32285e1
9.1918318e2 -4.747716e0 -5.3687e1 -5.3687e1
9.2423358e2 -4.747716e0 -5.41455e1 -5.41455e1
9.2928398e2 -4.747716e0 -5.4604e1 -5.4604e1
9.3433438e2 -4.747716e0 -5.50624e1 -5.50624e1
9.3938478e2 -4.747716e0 -5.5521e1 -5.5521e1
9.4443518e2 -4.747716e0 -5.59795e1 -5.59795e1
9.4948558e2 -4.747716e0 -5.6438e1 -5.6438e1
9.5453598e2 -4.747716e0 -5.68965e1 -5.68965e1
9.5958638e2 -4.747716e0 -5.7355e1 -5.7355e1
9.6463678e2 -4.747716e0 -5.78136e1 -5.78136e1
9.6968718e2 -4.747716e0 -5.82721e1 -5.82721e1
9.7473758e2 -4.747716e0 -5.87306e1 -5.87306e1
9.7978798e2 -4.747716e0 -5.9189e1 -5.9189e1
9.8483838e2 -4.747716e0 -5.96475e1 -5.96475e1
9.8988878e2 -4.747716e0 -6.0106e1 -6.0106e1
9.9493918e2 -4.747716e0 -6.05646e1 -6.05646e1
9.9998958e2 -4.747716e0 -6.10231e1 -6.10231e1

5.0e2 -4.545705e0 -1.36891e1 -1.36891e1
5.050504e2 -4.545705e0 -1.41281e1 -1.41281e1
5.101008e2 -4.545705e0 -1.45671e1 -1.45671e1
5.151512e2 -4.545705e0 -1.50061e1 -1.50061e1
5.202016e2 -4.545705e0 -1.54451e1 -1.54451e1
5.25252e2 -4.545705e0 -1.58841e1 -1.58841e1
5.303024e2 -4.545705e0 -1.63231e1 -1.63231e1
5.353528e2 -4.545705e0 -1.67621e1 -1.67621e1
5.404032e2 -4.545705e0 -1.72011e1 -1.72011e1
5.454536e2 -4.545705e0 -1.764e1 -1.764e1
5.50504e2 -4.545705e0 -1.8079e1 -1.8079e1
5.555544e2 -4.545705e0 -1.8518e1 -1.8518e1
5.606048e2 -4.545705e0 -1.89572e1 -1.89572e1
5.656552e2 -4.545705e0 -1.93962e1 -1.93962e1
5.707056e2 -4.545705e0 -1.98352e1 -1.98352e1
5.75756e2 -4.545705e0 -2.02742e1 -2.02742e1
5.808064e2 -4.545705e0 -2.07132e1 -2.07132e1
5.858568e2 -4.545705e0 -2.11522e1 -2.11522e1
5.909072e2 -4.545705e0 -2.15912e1 -2.15912e1
5.959576e2 -4.545705e0 -2.20302e1 -2.20302e1
6.01008e2 -4.545705e0 -2.24692e1 -2.24692e1
6.060584e2 -4.545705e0 -2.29082e1 -2.29082e1
6.111088e2 -4.545705e0 -2.33472e1 -2.33472e1
6.161592e2 -4.545705e0 -2.37862e1 -2.37862e1
6.212096e2 -4.545705e0 -2.42252e1 -2.42252e1
6.2626e2 -4.545705e0 -2.46642e1 -2.46642e1
6.313104e2 -4.545705e0 -2.51031e1 -2.51031e1
6.363608e2 -4.545705e0 -2.55421e1 -2.55421e1
6.414112e2 -4.545705e0 -2.59811e1 -2.59811e1
6.464616e2 -4.545705e0 -2.64201e1 -2.64201e1
6.51512e2 -4.545705e0 -2.68591e1 -2.68591e1
6.565624e2 -4.545705e0 -2.72981e1 -2.72981e1
6.616128e2 -4.545705e0 -2.77371e1 -2.77371e1
6.666632e2 -4.545705e0 -2.81761e1 -2.81761e1
6.717136e2 -4.545705e0 -2.86151e1 -2.86151e1
6.7676399e2 -4.545705e0 -2.90541e1 -2.90541e1
6.8181439e2 -4.545705e0 -2.94931e1 -2.94931e1
6.8686479e2 -4.545705e0 -2.99321e1 -2.99321e1
6.9191519e2 -4.545705e0 -3.03711e1 -3.03711e1
6.9696559e2 -4.545705e0 -3.08101e1 -3.08101e1
7.0201599e2 -4.545705e0 -3.12491e1 -3.12491e1
7.0706639e2 -4.545705e0 -3.16881e1 -3.16881e1
7.1211679e2 -4.545705e0 -3.2127e1 -3.2127e1
7.1716719e2 -4.545705e0 -3.2566e1 -3.2566e1
7.2221759e2 -4.545705e0 -3.30052e1 -3.30052e1
7.2726799e2 -4.545705e0 -3.3444e1 -3.3444e1
7.3231839e2 -4.545705e0 -3.38832e1 -3.38832e1
7.3736879e2 -4.545705e0 -3.43222e1 -3.43222e1
7.4241919e2 -4.545705e0 -3.47612e1 -3.47612e1
7.4746959e2 -4.545705e0 -3.52002e1 -3.52002e1
7.5251999e2 -4.545705e0 -3.56392e1 -3.56392e1
7.5757039e2 -4.545705e0 -3.60782e1 -3.60782e1
7.6262079e2 -4.545705e0 -3.65172e1 -3.65172e1
7.6767119e2 -4.545705e0 -3.69562e1 -3.69562e1
7.7272159e2 -4.545705e0 -3.73952e1 -3.73952e1
7.7777199e2 -4.545705e0 -3.78342e1 -3.78342e1
7.8282239e2 -4.545705e0 -3.82732e1 -3.82732e1
7.8787279e2 -4.545705e0 -3.87122e1 -3.87122e1
7.9292319e2 -4.545705e0 -3.91512e1 -3.91512e1
7.9797359e2 -4.545705e0 -3.95901e1 -3.95901e1
8.0302399e2 -4.545705e0 -4.00291e1 -4.00291e1
8.0807439e2 -4.545705e0 -4.04681e1 -4.04681e1
8.1312479e2 -4.545705e0 -4.09071e1 -4.09071e1
8.1817519e2 -4.545705e0 -4.13461e1 -4.13461e1
8.2322559e2 -4.545705e0 -4.17851e1 -4.17851e1
8.2827599e2 -4.545705e0 -4.22241e1 -4.22241e1
8.3332639e2 -4.545705e0 -4.26631e1 -4.26631e1
8.3837679e2 -4.545705e0 -4.31021e1 -4.31021e1
8.4342719e2 -4.545705e0 -4.35411e1 -4.35411e1
8.4847758e2 -4.545705e0 -4.39801e1 -4.39801e1
8.5352798e2 -4.545705e0 -4.44191e1 -4.44191e1
8.5857838e2 -4.545705e0 -4.48581e1 -4.48581e1
8.6362878e2 -4.545705e0 -4.52971e1 -4.52971e1
8.6867918e2 -4.545705e0 -4.57361e1 -4.57361e1
8.7372958e2 -4.545705e0 -4.61751e1 -4.61751e1
8.7877998e2 -4.545705e0 -4.6614e1 -4.6614e1
8.8383038e2 -4.545705e0 -4.70532e1 -4.70532e1
8.8888078e2 -4.545705e0 -4.74922e1 -4.74922e1
8.9393118e2 -4.545705e0 -4.79312e1 -4.79312e1
8.9898158e2 -4.545705e0 -4.83702e1 -4.83702e1
9.0403198e2 -4.545705e0 -4.88092e1 -4.88092e1
9.0908238e2 -4.545705e0 -4.92482e1 -4.92482e1
9.1413278e2 -4.545705e0 -4.96872e1 -4.96872e1
9.1918318e2 -4.545705e0 -5.01262e1 -5.01262e1
9.2423358e2 -4.545705e0 -5.05652e1 -5.05652e1
9.2928398e2 -4.545705e0 -5.10042e1 -5.10042e1
9.3433438e2 -4.545705e0 -5.14432e1 -5.14432e1
9.3938478e2 -4.545705e0 -5.18822e1 -5.18822e1
9.4443518e2 -4.545705e0 -5.23212e1 -5.23212e1
9.4948558e2 -4.545705e0 -5.27602e1 -5.27602e1
9.5453598e2 -4.545705e0 -5.31992e1 -5.31992e1
9.5958638e2 -4.545705e0 -5.36382e1 -5.36382e1
9.6463678e2 -4.545705e0 -5.40771e1 -5.40771e1
9.6968718e2 -4.545705e0 -5.45161e1 -5.45161e1
9.7473758e2 -4.545705e0 -5.49551e1 -5.49551e1
9.7978798e2 -4.545705e0 -5.53941e1 -5.53941e1
9.8483838e2 -4.545705e0 -5.58331e1 -5.58331e1
9.8988878e2 -4.545705e0 -5.62721e1 -5.62721e1
9.9493918e2 -4.545705e0 -5.67111e1 -5.67111e1
9.9998958e2 -4.545705e0 -5.71501e1 -5.71501e1

5.0e2 -4.343694e0 -1.17476e1 -1.17476e1
5.050504e2 -4.343694e0 -1.2167e1 -1.2167e1
5.101008e2 -4.343694e0 -1.25865e1 -1.25865e1
5.151512e2 -4.343694e0 -1.30061e1 -1.30061e1
5.202016e2 -4.343694e0 -1.34256e1 -1.34256e1
5.25252e2 -4.343694e0 -1.3845e1 -1.3845e1
5.303024e2 -4.343694e0 -1.42645e1 -1.42645e1
5.353528e2 -4.343694e0 -1.4684e1 -1.4684e1
5.404032e2 -4.343694e0 -1.51035e1 -1.51035e1
5.454536e2 -4.343694e0 -1.5523e1 -1.5523e1
5.50504e2 -4.343694e0 -1.59425e1 -1.59425e1
5.555544e2 -4.343694e0 -1.6362e1 -1.6362e1
5.606048e2 -4.343694e0 -1.67815e1 -1.67815e1
5.656552e2 -4.343694e0 -1.7201e1 -1.7201e1
5.707056e2 -4.343694e0 -1.76204e1 -1.76204e1
5.75756e2 -4.343694e0 -1.804e1 -1.804e1
5.808064e2 -4.343694e0 -1.84595e1 -1.84595e1
5.858568e2 -4.343694e0 -1.8879e1 -1.8879e1
5.909072e2 -4.343694e0 -1.92984e1 -1.92984e1
5.959576e2 -4.343694e0 -1.97179e1 -1.97179e1
6.01008e2 -4.343694e0 -2.01375e1 -2.01375e1
6.060584e2 -4.343694e0 -2.0557e1 -2.0557e1
6.111088e2 -4.343694e0 -2.09764e1 -2.09764e1
6.161592e2 -4.343694e0 -2.13959e1 -2.13959e1
6.212096e2 -4.343694e0 -2.18153e1 -2.18153e1
6.2626e2 -4.343694e0 -2.22348e1 -2.22348e1
6.313104e2 -4.343694e0 -2.26544e1 -2.26544e1
6.363608e2 -4.343694e0 -2.30739e1 -2.30739e1
6.414112e2 -4.343694e0 -2.34933e1 -2.34933e1
6.464616e2 -4.343694e0 -2.39128e1 -2.39128e1
6.51512e2 -4.343694e0 -2.43323e1 -2.43323e1
6.565624e2 -4.343694e0 -2.47517e1 -2.47517e1
6.616128e2 -4.343694e0 -2.51714e1 -2.51714e1
6.666632e2 -4.343694e0 -2.55908e1 -2.55908e1
6.717136e2 -4.343694e0 -2.60103e1 -2.60103e1
6.7676399e2 -4.343694e0 -2.64297e1 -2.64297e1
6.8181439e2 -4.343694e0 -2.68492e1 -2.68492e1
6.8686479e2 -4.343694e0 -2.72687e1 -2.72687e1
6.9191519e2 -4.343694e0 -2.76883e1 -2.76883e1
6.9696559e2 -4.343694e0 -2.81078e1 -2.81078e1
7.0201599e2 -4.343694e0 -2.85272e1 -2.85272e1
7.0706639e2 -4.343694e0 -2.89467e1 -2.89467e1
7.1211679e2 -4.343694e0 -2.93661e1 -2.93661e1
7.1716719e2 -4.343694e0 -2.97858e1 -2.97858e1
7.2221759e2 -4.343694e0 -3.02052e1 -3.02052e1
7.2726799e2 -4.343694e0 -3.06247e1 -3.06247e1
7.3231839e2 -4.343694e0 -3.10442e1 -3.10442e1
7.3736879e2 -4.343694e0 -3.14636e1 -3.14636e1
7.4241919e2 -4.343694e0 -3.18831e1 -3.18831e1
7.4746959e2 -4.343694e0 -3.23027e1 -3.23027e1
7.5251999e2 -4.343694e0 -3.27222e1 -3.27222e1
7.5757039e2 -4.343694e0 -3.31416e1 -3.31416e1
7.6262079e2 -4.343694e0 -3.35611e1 -3.35611e1
7.6767119e2 -4.343694e0 -3.39806e1 -3.39806e1
7.7272159e2 -4.343694e0 -3.44e1 -3.44e1
7.7777199e2 -4.343694e0 -3.48196e1 -3.48196e1
7.8282239e2 -4.343694e0 -3.52391e1 -3.52391e1
7.8787279e2 -4.343694e0 -3.56586e1 -3.56586e1
7.9292319e2 -4.343694e0 -3.6078e1 -3.6078e1
7.9797359e2 -4.343694e0 -3.64975e1 -3.64975e1
8.0302399e2 -4.343694e0 -3.69171e1 -3.69171e1
8.0807439e2 -4.343694e0 -3.73366e1 -3.73366e1
8.1312479e2 -4.343694e0 -3.7756e1 -3.7756e1
8.1817519e2 -4.343694e0 -3.81755e1 -3.81755e1
8.2322559e2 -4.343694e0 -3.8595e1 -3.8595e1
8.2827599e2 -4.343694e0 -3.90144e1 -3.90144e1
8.3332639e2 -4.343694e0 -3.9434e1 -3.9434e1
8.3837679e2 -4.343694e0 -3.98535e1 -3.98535e1
8.4342719e2 -4.343694e0 -4.0273e1 -4.0273e1
8.4847758e2 -4.343694e0 -4.06924e1 -4.06924e1
8.5352798e2 -4.343694e0 -4.11119e1 -4.11119e1
8.5857838e2 -4.343694e0 -4.15314e1 -4.15314e1
8.6362878e2 -4.343694e0 -4.1951e1 -4.1951e1
8.6867918e2 -4.343694e0 -4.23705e1 -4.23705e1
8.7372958e2 -4.343694e0 -4.27899e1 -4.27899e1
8.7877998e2 -4.343694e0 -4.32094e1 -4.32094e1
8.8383038e2 -4.343694e0 -4.36288e1 -4.36288e1
8.8888078e2 -4.343694e0 -4.40485e1 -4.40485e1
8.9393118e2 -4.343694e0 -4.4468e1 -4.4468e1
8.9898158e2 -4.343694e0 -4.48874e1 -4.48874e1
9.0403198e2 -4.343694e0 -4.53069e1 -4.53069e1
9.0908238e2 -4.343694e0 -4.57263e1 -4.57263e1
9.1413278e2 -4.343694e0 -4.61458e1 -4.61458e1
9.1918318e2 -4.343694e0 -4.65654e1 -4.65654e1
9.2423358e2 -4.343694e0 -4.69849e1 -4.69849e1
9.2928398e2 -4.343694e0 -4.74043e1 -4.74043e1
9.3433438e2 -4.343694e0 -4.78238e1 -4.78238e1
9.3938478e2 -4.343694e0 -4.82433e1 -4.82433e1
9.4443518e2 -4.343694e0 -4.86627e1 -4.86627e1
9.4948558e2 -4.343694e0 -4.90823e1 -4.90823e1
9.5453598e2 -4.343694e0 -4.95018e1 -4.95018e1
9.5958638e2 -4.343694e0 -4.99213e1 -4.99213e1
9.6463678e2 -4.343694e0 -5.03407e1 -5.03407e1
9.6968718e2 -4.343694e0 -5.07602e1 -5.07602e1
9.7473758e2 -4.343694e0 -5.11798e1 -5.11798e1
9.7978798e2 -4.343694e0 -5.15993e1 -5.15993e1
9.8483838e2 -4.343694e0 -5.20187e1 -5.20187e1
9.8988878e2 -4.343694e0 -5.24382e1 -5.24382e1
9.9493918e2 -4.343694e0 -5.28577e1 -5.28577e1
9.9998958e2 -4.343694e0 -5.32771e1 -5.32771e1

5.0e2 -4.141682e0 -9.80609e0 -9.80609e0
5.050504e2 -4.141682e0 -1.0206e1 -1.0206e1
5.101008e2 -4.141682e0 -1.06061e1 -1.06061e1
5.151512e2 -4.141682e0 -1.1006e1 -1.1006e1
5.202016e2 -4.141682e0 -1.1406e1 -1.1406e1
5.25252e2 -4.141682e0 -1.18059e1 -1.18059e1
5.303024e2 -4.141682e0 -1.2206e1 -1.2206e1
5.353528e2 -4.141682e0 -1.26059e1 -1.26059e1
5.404032e2 -4.141682e0 -1.30058e1 -1.30058e1
5.454536e2 -4.141682e0 -1.34059e1 -1.34059e1
5.50504e2 -4.141682e0 -1.38058e1 -1.38058e1
5.555544e2 -4.141682e0 -1.42058e1 -1.42058e1
5.606048e2 -4.141682e0 -1.46059e1 -1.46059e1
5.656552e2 -4.141682e0 -1.50058e1 -1.50058e1
5.707056e2 -4.141682e0 -1.54057e1 -1.54057e1
5.75756e2 -4.141682e0 -1.58058e1 -1.58058e1
5.808064e2 -4.141682e0 -1.62057e1 -1.62057e1
5.858568e2 -4.141682e0 -1.66057e1 -1.66057e1
5.909072e2 -4.141682e0 -1.70058e1 -1.70058e1
5.959576e2 -4.141682e0 -1.74057e1 -1.74057e1
6.01008e2 -4.141682e0 -1.78056e1 -1.78056e1
6.060584e2 -4.141682e0 -1.82057e1 -1.82057e1
6.111088e2 -4.141682e0 -1.86057e1 -1.86057e1
6.161592e2 -4.141682e0 -1.90056e1 -1.90056e1
6.212096e2 -4.141682e0 -1.94057e1 -1.94057e1
6.2626e2 -4.141682e0 -1.98056e1 -1.98056e1
6.313104e2 -4.141682e0 -2.02055e1 -2.02055e1
6.363608e2 -4.141682e0 -2.06055e1 -2.06055e1
6.414112e2 -4.141682e0 -2.10056e1 -2.10056e1
6.464616e2 -4.141682e0 -2.14055e1 -2.14055e1
6.51512e2 -4.141682e0 -2.18054e1 -2.18054e1
6.565624e2 -4.141682e0 -2.22055e1 -2.22055e1
6.616128e2 -4.141682e0 -2.26054e1 -2.26054e1
6.666632e2 -4.141682e0 -2.30054e1 -2.30054e1
6.717136e2 -4.141682e0 -2.34055e1 -2.34055e1
6.7676399e2 -4.141682e0 -2.38054e1 -2.38054e1
6.8181439e2 -4.141682e0 -2.42053e1 -2.42053e1
6.8686479e2 -4.141682e0 -2.46054e1 -2.46054e1
6.9191519e2 -4.141682e0 -2.50053e1 -2.50053e1
6.9696559e2 -4.141682e0 -2.54053e1 -2.54053e1
7.0201599e2 -4.141682e0 -2.58054e1 -2.58054e1
7.0706639e2 -4.141682e0 -2.62053e1 -2.62053e1
7.1211679e2 -4.141682e0 -2.66052e1 -2.66052e1
7.1716719e2 -4.141682e0 -2.70053e1 -2.70053e1
7.2221759e2 -4.141682e0 -2.74052e1 -2.74052e1
7.2726799e2 -4.141682e0 -2.78052e1 -2.78052e1
7.3231839e2 -4.141682e0 -2.82053e1 -2.82053e1
7.3736879e2 -4.141682e0 -2.86052e1 -2.86052e1
7.4241919e2 -4.141682e0 -2.90051e1 -2.90051e1
7.4746959e2 -4.141682e0 -2.94052e1 -2.94052e1
7.5251999e2 -4.141682e0 -2.98051e1 -2.98051e1
7.5757039e2 -4.141682e0 -3.02051e1 -3.02051e1
7.6262079e2 -4.141682e0 -3.06052e1 -3.06052e1
7.6767119e2 -4.141682e0 -3.10051e1 -3.10051e1
7.7272159e2 -4.141682e0 -3.1405e1 -3.1405e1
7.7777199e2 -4.141682e0 -3.18051e1 -3.18051e1
7.8282239e2 -4.141682e0 -3.2205e1 -3.2205e1
7.8787279e2 -4.141682e0 -3.2605e1 -3.2605e1
7.9292319e2 -4.141682e0 -3.30049e1 -3.30049e1
7.9797359e2 -4.141682e0 -3.3405e1 -3.3405e1
8.0302399e2 -4.141682e0 -3.3805e1 -3.3805e1
8.0807439e2 -4.141682e0 -3.42049e1 -3.42049e1
8.1312479e2 -4.141682e0 -3.4605e1 -3.4605e1
8.1817519e2 -4.141682e0 -3.50049e1 -3.50049e1
8.2322559e2 -4.141682e0 -3.54048e1 -3.54048e1
8.2827599e2 -4.141682e0 -3.58049e1 -3.58049e1
8.3332639e2 -4.141682e0 -3.62048e1 -3.62048e1
8.3837679e2 -4.141682e0 -3.66048e1 -3.66048e1
8.4342719e2 -4.141682e0 -3.70049e1 -3.70049e1
8.4847758e2 -4.141682e0 -3.74048e1 -3.74048e1
8.5352798e2 -4.141682e0 -3.78047e1 -3.78047e1
8.5857838e2 -4.141682e0 -3.82048e1 -3.82048e1
8.6362878e2 -4.141682e0 -3.86047e1 -3.86047e1
8.6867918e2 -4.141682e0 -3.90047e1 -3.90047e1
8.7372958e2 -4.141682e0 -3.94048e1 -3.94048e1
8.7877998e2 -4.141682e0 -3.98047e1 -3.98047e1
8.8383038e2 -4.141682e0 -4.02046e1 -4.02046e1
8.8888078e2 -4.141682e0 -4.06047e1 -4.06047e1
8.9393118e2 -4.141682e0 -4.10046e1 -4.10046e1
8.9898158e2 -4.141682e0 -4.14046e1 -4.14046e1
9.0403198e2 -4.141682e0 -4.18045e1 -4.18045e1
9.0908238e2 -4.141682e0 -4.22046e1 -4.22046e1
9.1413278e2 -4.141682e0 -4.26045e1 -4.26045e1
9.1918318e2 -4.141682e0 -4.30045e1 -4.30045e1
9.2423358e2 -4.141682e0 -4.34045e1 -4.34045e1
9.2928398e2 -4.141682e0 -4.38045e1 -4.38045e1
9.3433438e2 -4.141682e0 -4.42044e1 -4.42044e1
9.3938478e2 -4.141682e0 -4.46045e1 -4.46045e1
9.4443518e2 -4.141682e0 -4.50044e1 -4.50044e1
9.4948558e2 -4.141682e0 -4.54044e1 -4.54044e1
9.5453598e2 -4.141682e0 -4.58044e1 -4.58044e1
9.5958638e2 -4.141682e0 -4.62044e1 -4.62044e1
9.6463678e2 -4.141682e0 -4.66043e1 -4.66043e1
9.6968718e2 -4.141682e0 -4.70044e1 -4.70044e1
9.7473758e2 -4.141682e0 -4.74043e1 -4.74043e1
9.7978798e2 -4.141682e0 -4.78043e1 -4.78043e1
9.8483838e2 -4.141682e0 -4.82043e1 -4.82043e1
9.8988878e2 -4.141682e0 -4.86043e1 -4.86043e1
9.9493918e2 -4.141682e0 -4.90042e1 -4.90042e1
9.9998958e2 -4.141682e0 -4.94043e1 -4.94043e1

5.0e2 -3.939671e0 -7.86456e0 -7.86456e0
5.050504e2 -3.939671e0 -8.24503e0 -8.24503e0
5.101008e2 -3.939671e0 -8.6255e0 -8.6255e0
5.151512e2 -3.939671e0 -9.00598e0 -9.00598e0
5.202016e2 -3.939671e0 -9.38644e0 -9.38644e0
5.25252e2 -3.939671e0 -9.76692e0 -9.76692e0
5.303024e2 -3.939671e0 -1.01474e1 -1.01474e1
5.353528e2 -3.939671e0 -1.05278e1 -1.05278e1
5.404032e2 -3.939671e0 -1.09082e1 -1.09082e1
5.454536e2 -3.939671e0 -1.12888e1 -1.12888e1
5.50504e2 -3.939671e0 -1.16692e1 -1.16692e1
5.555544e2 -3.939671e0 -1.20497e1 -1.20497e1
5.606048e2 -3.939671e0 -1.24301e1 -1.24301e1
5.656552e2 -3.939671e0 -1.28107e1 -1.28107e1
5.707056e2 -3.939671e0 -1.3191e1 -1.3191e1
5.75756e2 -3.939671e0 -1.35716e1 -1.35716e1
5.808064e2 -3.939671e0 -1.3952e1 -1.3952e1
5.858568e2 -3.939671e0 -1.43326e1 -1.43326e1
5.909072e2 -3.939671e0 -1.4713e1 -1.4713e1
5.959576e2 -3.939671e0 -1.50935e1 -1.50935e1
6.01008e2 -3.939671e0 -1.5474e1 -1.5474e1
6.060584e2 -3.939671e0 -1.58545e1 -1.58545e1
6.111088e2 -3.939671e0 -1.62349e1 -1.62349e1
6.161592e2 -3.939671e0 -1.66153e1 -1.66153e1
6.212096e2 -3.939671e0 -1.69958e1 -1.69958e1
6.2626e2 -3.939671e0 -1.73763e1 -1.73763e1
6.313104e2 -3.939671e0 -1.77568e1 -1.77568e1
6.363608e2 -3.939671e0 -1.81372e1 -1.81372e1
6.414112e2 -3.939671e0 -1.85178e1 -1.85178e1
6.464616e2 -3.939671e0 -1.88982e1 -1.88982e1
6.51512e2 -3.939671e0 -1.92787e1 -1.92787e1
6.565624e2 -3.939671e0 -1.96591e1 -1.96591e1
6.616128e2 -3.939671e0 -2.00397e1 -2.00397e1
6.666632e2 -3.939671e0 -2.042e1 -2.042e1
6.717136e2 -3.939671e0 -2.08006e1 -2.08006e1
6.7676399e2 -3.939671e0 -2.1181e1 -2.1181e1
6.8181439e2 -3.939671e0 -2.15616e1 -2.15616e1
6.8686479e2 -3.939671e0 -2.1942e1 -2.1942e1
6.9191519e2 -3.939671e0 -2.23224e1 -2.23224e1
6.9696559e2 -3.939671e0 -2.2703e1 -2.2703e1
7.0201599e2 -3.939671e0 -2.30833e1 -2.30833e1
7.0706639e2 -3.939671e0 -2.34639e1 -2.34639e1
7.1211679e2 -3.939671e0 -2.38443e1 -2.38443e1
7.1716719e2 -3.939671e0 -2.42249e1 -2.42249e1
7.2221759e2 -3.939671e0 -2.46053e1 -2.46053e1
7.2726799e2 -3.939671e0 -2.49858e1 -2.49858e1
7.3231839e2 -3.939671e0 -2.53662e1 -2.53662e1
7.3736879e2 -3.939671e0 -2.57468e1 -2.57468e1
7.4241919e2 -3.939671e0 -2.61272e1 -2.61272e1
7.4746959e2 -3.939671e0 -2.65077e1 -2.65077e1
7.5251999e2 -3.939671e0 -2.68881e1 -2.68881e1
7.5757039e2 -3.939671e0 -2.72685e1 -2.72685e1
7.6262079e2 -3.939671e0 -2.76491e1 -2.76491e1
7.6767119e2 -3.939671e0 -2.80295e1 -2.80295e1
7.7272159e2 -3.939671e0 -2.841e1 -2.841e1
7.7777199e2 -3.939671e0 -2.87904e1 -2.87904e1
7.8282239e2 -3.939671e0 -2.9171e1 -2.9171e1
7.8787279e2 -3.939671e0 -2.95514e1 -2.95514e1
7.9292319e2 -3.939671e0 -2.9932e1 -2.9932e1
7.9797359e2 -3.939671e0 -3.03123e1 -3.03123e1
8.0302399e2 -3.939671e0 -3.06929e1 -3.06929e1
8.0807439e2 -3.939671e0 -3.10733e1 -3.10733e1
8.1312479e2 -3.939671e0 -3.14539e1 -3.14539e1
8.1817519e2 -3.939671e0 -3.18343e1 -3.18343e1
8.2322559e2 -3.939671e0 -3.22148e1 -3.22148e1
8.2827599e2 -3.939671e0 -3.25952e1 -3.25952e1
8.3332639e2 -3.939671e0 -3.29756e1 -3.29756e1
8.3837679e2 -3.939671e0 -3.33562e1 -3.33562e1
8.4342719e2 -3.939671e0 -3.37366e1 -3.37366e1
8.4847758e2 -3.939671e0 -3.41171e1 -3.41171e1
8.5352798e2 -3.939671e0 -3.44975e1 -3.44975e1
8.5857838e2 -3.939671e0 -3.48781e1 -3.48781e1
8.6362878e2 -3.939671e0 -3.52585e1 -3.52585e1
8.6867918e2 -3.939671e0 -3.5639e1 -3.5639e1
8.7372958e2 -3.939671e0 -3.60194e1 -3.60194e1
8.7877998e2 -3.939671e0 -3.64e1 -3.64e1
8.8383038e2 -3.939671e0 -3.67804e1 -3.67804e1
8.8888078e2 -3.939671e0 -3.7161e1 -3.7161e1
8.9393118e2 -3.939671e0 -3.75414e1 -3.75414e1
8.9898158e2 -3.939671e0 -3.79219e1 -3.79219e1
9.0403198e2 -3.939671e0 -3.83023e1 -3.83023e1
9.0908238e2 -3.939671e0 -3.86827e1 -3.86827e1
9.1413278e2 -3.939671e0 -3.90633e1 -3.90633e1
9.1918318e2 -3.939671e0 -3.94437e1 -3.94437e1
9.2423358e2 -3.939671e0 -3.98242e1 -3.98242e1
9.2928398e2 -3.939671e0 -4.02046e1 -4.02046e1
9.3433438e2 -3.939671e0 -4.05852e1 -4.05852e1
9.3938478e2 -3.939671e0 -4.09656e1 -4.09656e1
9.4443518e2 -3.939671e0 -4.13461e1 -4.13461e1
9.4948558e2 -3.939671e0 -4.17265e1 -4.17265e1
9.5453598e2 -3.939671e0 -4.21071e1 -4.21071e1
9.5958638e2 -3.939671e0 -4.24875e1 -4.24875e1
9.6463678e2 -3.939671e0 -4.2868e1 -4.2868e1
9.6968718e2 -3.939671e0 -4.32484e1 -4.32484e1
9.7473758e2 -3.939671e0 -4.3629e1 -4.3629e1
9.7978798e2 -3.939671e0 -4.40094e1 -4.40094e1
9.8483838e2 -3.939671e0 -4.43898e1 -4.43898e1
9.8988878e2 -3.939671e0 -4.47704e1 -4.47704e1
9.9493918e2 -3.939671e0 -4.51508e1 -4.51508e1
9.9998958e2 -3.939671e0 -4.55313e1 -4.55313e1

5.0e2 -3.737662e0 -5.92302e0 -5.92302e0
5.050504e2 -3.737662e0 -6.28398e0 -6.28398e0
5.101008e2 -3.737662e0 -6.64496e0 -6.64496e0
5.151512e2 -3.737662e0 -7.0059e0 -7.0059e0
5.202016e2 -3.737662e0 -7.36687e0 -7.36687e0
5.25252e2 -3.737662e0 -7.72784e0 -7.72784e0
5.303024e2 -3.737662e0 -8.0888e0 -8.0888e0
5.353528e2 -3.737662e0 -8.44977e0 -8.44977e0
5.404032e2 -3.737662e0 -8.81073e0 -8.81073e0
5.454536e2 -3.737662e0 -9.17169e0 -9.17169e0
5.50504e2 -3.737662e0 -9.53265e0 -9.53265e0
5.555544e2 -3.737662e0 -9.89362e0 -9.89362e0
5.606048e2 -3.737662e0 -1.02545e1 -1.02545e1
5.656552e2 -3.737662e0 -1.06155e1 -1.06155e1
5.707056e2 -3.737662e0 -1.09764e1 -1.09764e1
5.75756e2 -3.737662e0 -1.13374e1 -1.13374e1
5.808064e2 -3.737662e0 -1.16983e1 -1.16983e1
5.858568e2 -3.737662e0 -1.20593e1 -1.20593e1
5.909072e2 -3.737662e0 -1.24203e1 -1.24203e1
5.959576e2 -3.737662e0 -1.27812e1 -1.27812e1
6.01008e2 -3.737662e0 -1.31422e1 -1.31422e1
6.060584e2 -3.737662e0 -1.35033e1 -1.35033e1
6.111088e2 -3.737662e0 -1.38641e1 -1.38641e1
6.161592e2 -3.737662e0 -1.42252e1 -1.42252e1
6.212096e2 -3.737662e0 -1.4586e1 -1.4586e1
6.2626e2 -3.737662e0 -1.4947e1 -1.4947e1
6.313104e2 -3.737662e0 -1.5308e1 -1.5308e1
6.363608e2 -3.737662e0 -1.5669e1 -1.5669e1
6.414112e2 -3.737662e0 -1.603e1 -1.603e1
6.464616e2 -3.737662e0 -1.63908e1 -1.63908e1
6.51512e2 -3.737662e0 -1.67519e1 -1.67519e1
6.565624e2 -3.737662e0 -1.71129e1 -1.71129e1
6.616128e2 -3.737662e0 -1.74738e1 -1.74738e1
6.666632e2 -3.737662e0 -1.78348e1 -1.78348e1
6.717136e2 -3.737662e0 -1.81956e1 -1.81956e1
6.7676399e2 -3.737662e0 -1.85567e1 -1.85567e1
6.8181439e2 -3.737662e0 -1.89177e1 -1.89177e1
6.8686479e2 -3.737662e0 -1.92786e1 -1.92786e1
6.9191519e2 -3.737662e0 -1.96396e1 -1.96396e1
6.9696559e2 -3.737662e0 -2.00006e1 -2.00006e1
7.0201599e2 -3.737662e0 -2.03615e1 -2.03615e1
7.0706639e2 -3.737662e0 -2.07225e1 -2.07225e1
7.1211679e2 -3.737662e0 -2.10834e1 -2.10834e1
7.1716719e2 -3.737662e0 -2.14444e1 -2.14444e1
7.2221759e2 -3.737662e0 -2.18054e1 -2.18054e1
7.2726799e2 -3.737662e0 -2.21663e1 -2.21663e1
7.3231839e2 -3.737662e0 -2.25273e1 -2.25273e1
7.3736879e2 -3.737662e0 -2.28882e1 -2.28882e1
7.4241919e2 -3.737662e0 -2.32492e1 -2.32492e1
7.4746959e2 -3.737662e0 -2.36102e1 -2.36102e1
7.5251999e2 -3.737662e0 -2.39711e1 -2.39711e1
7.5757039e2 -3.737662e0 -2.43321e1 -2.43321e1
7.6262079e2 -3.737662e0 -2.46931e1 -2.46931e1
7.6767119e2 -3.737662e0 -2.5054e1 -2.5054e1
7.7272159e2 -3.737662e0 -2.5415e1 -2.5415e1
7.7777199e2 -3.737662e0 -2.57759e1 -2.57759e1
7.8282239e2 -3.737662e0 -2.6137e1 -2.6137e1
7.8787279e2 -3.737662e0 -2.6498e1 -2.6498e1
7.9292319e2 -3.737662e0 -2.68588e1 -2.68588e1
7.9797359e2 -3.737662e0 -2.72198e1 -2.72198e1
8.0302399e2 -3.737662e0 -2.75807e1 -2.75807e1
8.0807439e2 -3.737662e0 -2.79417e1 -2.79417e1
8.1312479e2 -3.737662e0 -2.83028e1 -2.83028e1
8.1817519e2 -3.737662e0 -2.86636e1 -2.86636e1
8.2322559e2 -3.737662e0 -2.90247e1 -2.90247e1
8.2827599e2 -3.737662e0 -2.93855e1 -2.93855e1
8.3332639e2 -3.737662e0 -2.97466e1 -2.97466e1
8.3837679e2 -3.737662e0 -3.01076e1 -3.01076e1
8.4342719e2 -3.737662e0 -3.04684e1 -3.04684e1
8.4847758e2 -3.737662e0 -3.08295e1 -3.08295e1
8.5352798e2 -3.737662e0 -3.11903e1 -3.11903e1
8.5857838e2 -3.737662e0 -3.15514e1 -3.15514e1
8.6362878e2 -3.737662e0 -3.19124e1 -3.19124e1
8.6867918e2 -3.737662e0 -3.22733e1 -3.22733e1
8.7372958e2 -3.737662e0 -3.26343e1 -3.26343e1
8.7877998e2 -3.737662e0 -3.29953e1 -3.29953e1
8.8383038e2 -3.737662e0 -3.33562e1 -3.33562e1
8.8888078e2 -3.737662e0 -3.37172e1 -3.37172e1
8.9393118e2 -3.737662e0 -3.4078e1 -3.4078e1
8.9898158e2 -3.737662e0 -3.44391e1 -3.44391e1
9.0403198e2 -3.737662e0 -3.48001e1 -3.48001e1
9.0908238e2 -3.737662e0 -3.5161e1 -3.5161e1
9.1413278e2 -3.737662e0 -3.5522e1 -3.5522e1
9.1918318e2 -3.737662e0 -3.58829e1 -3.58829e1
9.2423358e2 -3.737662e0 -3.62439e1 -3.62439e1
9.2928398e2 -3.737662e0 -3.66049e1 -3.66049e1
9.3433438e2 -3.737662e0 -3.69658e1 -3.69658e1
9.3938478e2 -3.737662e0 -3.73268e1 -3.73268e1
9.4443518e2 -3.737662e0 -3.76877e1 -3.76877e1
9.4948558e2 -3.737662e0 -3.80487e1 -3.80487e1
9.5453598e2 -3.737662e0 -3.84097e1 -3.84097e1
9.5958638e2 -3.737662e0 -3.87706e1 -3.87706e1
9.6463678e2 -3.737662e0 -3.91316e1 -3.91316e1
9.6968718e2 -3.737662e0 -3.94926e1 -3.94926e1
9.7473758e2 -3.737662e0 -3.98535e1 -3.98535e1
9.7978798e2 -3.737662e0 -4.02145e1 -4.02145e1
9.8483838e2 -3.737662e0 -4.05754e1 -4.05754e1
9.8988878e2 -3.737662e0 -4.09364e1 -4.09364e1
9.9493918e2 -3.737662e0 -4.12975e1 -4.12975e1
9.9998958e2 -3.737662e0 -4.16583e1 -4.16583e1

5.0e2 -3.53565e0 -3.98148e0 -3.98148e0
5.050504e2 -3.53565e0 -4.32292e0 -4.32292e0
5.101008e2 -3.53565e0 -4.66438e0 -4.66438e0
5.151512e2 -3.53565e0 -5.00583e0 -5.00583e0
5.202016e2 -3.53565e0 -5.34729e0 -5.34729e0
5.25252e2 -3.53565e0 -5.68875e0 -5.68875e0
5.303024e2 -3.53565e0 -6.0302e0 -6.0302e0
5.353528e2 -3.53565e0 -6.37164e0 -6.37164e0
5.404032e2 -3.53565e0 -6.7131e0 -6.7131e0
5.454536e2 -3.53565e0 -7.05457e0 -7.05457e0
5.50504e2 -3.53565e0 -7.39601e0 -7.39601e0
5.555544e2 -3.53565e0 -7.73747e0 -7.73747e0
5.606048e2 -3.53565e0 -8.07893e0 -8.07893e0
5.656552e2 -3.53565e0 -8.42038e0 -8.42038e0
5.707056e2 -3.53565e0 -8.76183e0 -8.76183e0
5.75756e2 -3.53565e0 -9.10329e0 -9.10329e0
5.808064e2 -3.53565e0 -9.44475e0 -9.44475e0
5.858568e2 -3.53565e0 -9.7862e0 -9.7862e0
5.909072e2 -3.53565e0 -1.01276e1 -1.01276e1
5.959576e2 -3.53565e0 -1.0469e1 -1.0469e1
6.01008e2 -3.53565e0 -1.08105e1 -1.08105e1
6.060584e2 -3.53565e0 -1.11519e1 -1.11519e1
6.111088e2 -3.53565e0 -1.14934e1 -1.14934e1
6.161592e2 -3.53565e0 -1.18349e1 -1.18349e1
6.212096e2 -3.53565e0 -1.21764e1 -1.21764e1
6.2626e2 -3.53565e0 -1.25177e1 -1.25177e1
6.313104e2 -3.53565e0 -1.28592e1 -1.28592e1
6.363608e2 -3.53565e0 -1.32007e1 -1.32007e1
6.414112e2 -3.53565e0 -1.35422e1 -1.35422e1
6.464616e2 -3.53565e0 -1.38837e1 -1.38837e1
6.51512e2 -3.53565e0 -1.4225e1 -1.4225e1
6.565624e2 -3.53565e0 -1.45665e1 -1.45665e1
6.616128e2 -3.53565e0 -1.4908e1 -1.4908e1
6.666632e2 -3.53565e0 -1.52495e1 -1.52495e1
6.717136e2 -3.53565e0 -1.55908e1 -1.55908e1
6.7676399e2 -3.53565e0 -1.59323e1 -1.59323e1
6.8181439e2 -3.53565e0 -1.62738e1 -1.62738e1
6.8686479e2 -3.53565e0 -1.66153e1 -1.66153e1
6.9191519e2 -3.53565e0 -1.69566e1 -1.69566e1
6.9696559e2 -3.53565e0 -1.72981e1 -1.72981e1
7.0201599e2 -3.53565e0 -1.76396e1 -1.76396e1
7.0706639e2 -3.53565e0 -1.79811e1 -1.79811e1
7.1211679e2 -3.53565e0 -1.83224e1 -1.83224e1
7.1716719e2 -3.53565e0 -1.8664e1 -1.8664e1
7.2221759e2 -3.53565e0 -1.90054e1 -1.90054e1
7.2726799e2 -3.53565e0 -1.9347e1 -1.9347e1
7.3231839e2 -3.53565e0 -1.96883e1 -1.96883e1
7.3736879e2 -3.53565e0 -2.00298e1 -2.00298e1
7.4241919e2 -3.53565e0 -2.03712e1 -2.03712e1
7.4746959e2 -3.53565e0 -2.07127e1 -2.07127e1
7.5251999e2 -3.53565e0 -2.10541e1 -2.10541e1
7.5757039e2 -3.53565e0 -2.13956e1 -2.13956e1
7.6262079e2 -3.53565e0 -2.1737e1 -2.1737e1
7.6767119e2 -3.53565e0 -2.20786e1 -2.20786e1
7.7272159e2 -3.53565e0 -2.24199e1 -2.24199e1
7.7777199e2 -3.53565e0 -2.27614e1 -2.27614e1
7.8282239e2 -3.53565e0 -2.31029e1 -2.31029e1
7.8787279e2 -3.53565e0 -2.34444e1 -2.34444e1
7.9292319e2 -3.53565e0 -2.37857e1 -2.37857e1
7.9797359e2 -3.53565e0 -2.41272e1 -2.41272e1
8.0302399e2 -3.53565e0 -2.44687e1 -2.44687e1
8.0807439e2 -3.53565e0 -2.48102e1 -2.48102e1
8.1312479e2 -3.53565e0 -2.51515e1 -2.51515e1
8.1817519e2 -3.53565e0 -2.5493e1 -2.5493e1
8.2322559e2 -3.53565e0 -2.58345e1 -2.58345e1
8.2827599e2 -3.53565e0 -2.6176e1 -2.6176e1
8.3332639e2 -3.53565e0 -2.65173e1 -2.65173e1
8.3837679e2 -3.53565e0 -2.68588e1 -2.68588e1
8.4342719e2 -3.53565e0 -2.72003e1 -2.72003e1
8.4847758e2 -3.53565e0 -2.75418e1 -2.75418e1
8.5352798e2 -3.53565e0 -2.78831e1 -2.78831e1
8.5857838e2 -3.53565e0 -2.82246e1 -2.82246e1
8.6362878e2 -3.53565e0 -2.85661e1 -2.85661e1
8.6867918e2 -3.53565e0 -2.89076e1 -2.89076e1
8.7372958e2 -3.53565e0 -2.9249e1 -2.9249e1
8.7877998e2 -3.53565e0 -2.95905e1 -2.95905e1
8.8383038e2 -3.53565e0 -2.9932e1 -2.9932e1
8.8888078e2 -3.53565e0 -3.02734e1 -3.02734e1
8.9393118e2 -3.53565e0 -3.06148e1 -3.06148e1
8.9898158e2 -3.53565e0 -3.09563e1 -3.09563e1
9.0403198e2 -3.53565e0 -3.12978e1 -3.12978e1
9.0908238e2 -3.53565e0 -3.16393e1 -3.16393e1
9.1413278e2 -3.53565e0 -3.19807e1 -3.19807e1
9.1918318e2 -3.53565e0 -3.23221e1 -3.23221e1
9.2423358e2 -3.53565e0 -3.26636e1 -3.26636e1
9.2928398e2 -3.53565e0 -3.3005e1 -3.3005e1
9.3433438e2 -3.53565e0 -3.33466e1 -3.33466e1
9.3938478e2 -3.53565e0 -3.36879e1 -3.36879e1
9.4443518e2 -3.53565e0 -3.40294e1 -3.40294e1
9.4948558e2 -3.53565e0 -3.43709e1 -3.43709e1
9.5453598e2 -3.53565e0 -3.47124e1 -3.47124e1
9.5958638e2 -3.53565e0 -3.50537e1 -3.50537e1
9.6463678e2 -3.53565e0 -3.53952e1 -3.53952e1
9.6968718e2 -3.53565e0 -3.57367e1 -3.57367e1
9.7473758e2 -3.53565e0 -3.60782e1 -3.60782e1
9.7978798e2 -3.53565e0 -3.64195e1 -3.64195e1
9.8483838e2 -3.53565e0 -3.6761e1 -3.6761e1
9.8988878e2 -3.53565e0 -3.71025e1 -3.71025e1
9.9493918e2 -3.53565e0 -3.7444e1 -3.7444e1
9.9998958e2 -3.53565e0 -3.77853e1 -3.77853e1

5.0e2 -3.33364e0 -2.03992e0 -2.03992e0
5.050504e2 -3.33364e0 -2.36186e0 -2.36186e0
5.101008e2 -3.33364e0 -2.6838e0 -2.6838e0
5.151512e2 -3.33364e0 -3.00575e0 -3.00575e0
5.202016e2 -3.33364e0 -3.3277e0 -3.3277e0
5.25252e2 -3.33364e0 -3.64964e0 -3.64964e0
5.303024e2 -3.33364e0 -3.97159e0 -3.97159e0
5.353528e2 -3.33364e0 -4.29353e0 -4.29353e0
5.404032e2 -3.33364e0 -4.61548e0 -4.61548e0
5.454536e2 -3.33364e0 -4.93742e0 -4.93742e0
5.50504e2 -3.33364e0 -5.25937e0 -5.25937e0
5.555544e2 -3.33364e0 -5.58131e0 -5.58131e0
5.606048e2 -3.33364e0 -5.90326e0 -5.90326e0
5.656552e2 -3.33364e0 -6.2252e0 -6.2252e0
5.707056e2 -3.33364e0 -6.54715e0 -6.54715e0
5.75756e2 -3.33364e0 -6.86911e0 -6.86911e0
5.808064e2 -3.33364e0 -7.19104e0 -7.19104e0
5.858568e2 -3.33364e0 -7.51299e0 -7.51299e0
5.909072e2 -3.33364e0 -7.83493e0 -7.83493e0
5.959576e2 -3.33364e0 -8.15688e0 -8.15688e0
6.01008e2 -3.33364e0 -8.47882e0 -8.47882e0
6.060584e2 -3.33364e0 -8.80077e0 -8.80077e0
6.111088e2 -3.33364e0 -9.12273e0 -9.12273e0
6.161592e2 -3.33364e0 -9.44466e0 -9.44466e0
6.212096e2 -3.33364e0 -9.7666e0 -9.7666e0
6.2626e2 -3.33364e0 -1.00885e1 -1.00885e1
6.313104e2 -3.33364e0 -1.04105e1 -1.04105e1
6.363608e2 -3.33364e0 -1.07324e1 -1.07324e1
6.414112e2 -3.33364e0 -1.10544e1 -1.10544e1
6.464616e2 -3.33364e0 -1.13763e1 -1.13763e1
6.51512e2 -3.33364e0 -1.16982e1 -1.16982e1
6.565624e2 -3.33364e0 -1.20201e1 -1.20201e1
6.616128e2 -3.33364e0 -1.2342e1 -1.2342e1
6.666632e2 -3.33364e0 -1.2664e1 -1.2664e1
6.717136e2 -3.33364e0 -1.2986e1 -1.2986e1
6.7676399e2 -3.33364e0 -1.3308e1 -1.3308e1
6.8181439e2 -3.33364e0 -1.36299e1 -1.36299e1
6.8686479e2 -3.33364e0 -1.39519e1 -1.39519e1
6.9191519e2 -3.33364e0 -1.42738e1 -1.42738e1
6.9696559e2 -3.33364e0 -1.45958e1 -1.45958e1
7.0201599e2 -3.33364e0 -1.49176e1 -1.49176e1
7.0706639e2 -3.33364e0 -1.52396e1 -1.52396e1
7.1211679e2 -3.33364e0 -1.55615e1 -1.55615e1
7.1716719e2 -3.33364e0 -1.58835e1 -1.58835e1
7.2221759e2 -3.33364e0 -1.62054e1 -1.62054e1
7.2726799e2 -3.33364e0 -1.65274e1 -1.65274e1
7.3231839e2 -3.33364e0 -1.68494e1 -1.68494e1
7.3736879e2 -3.33364e0 -1.71713e1 -1.71713e1
7.4241919e2 -3.33364e0 -1.74933e1 -1.74933e1
7.4746959e2 -3.33364e0 -1.78152e1 -1.78152e1
7.5251999e2 -3.33364e0 -1.8137e1 -1.8137e1
7.5757039e2 -3.33364e0 -1.8459e1 -1.8459e1
7.6262079e2 -3.33364e0 -1.8781e1 -1.8781e1
7.6767119e2 -3.33364e0 -1.9103e1 -1.9103e1
7.7272159e2 -3.33364e0 -1.94249e1 -1.94249e1
7.7777199e2 -3.33364e0 -1.97469e1 -1.97469e1
7.8282239e2 -3.33364e0 -2.00688e1 -2.00688e1
7.8787279e2 -3.33364e0 -2.03908e1 -2.03908e1
7.9292319e2 -3.33364e0 -2.07127e1 -2.07127e1
7.9797359e2 -3.33364e0 -2.10347e1 -2.10347e1
8.0302399e2 -3.33364e0 -2.13565e1 -2.13565e1
8.0807439e2 -3.33364e0 -2.16785e1 -2.16785e1
8.1312479e2 -3.33364e0 -2.20004e1 -2.20004e1
8.1817519e2 -3.33364e0 -2.23224e1 -2.23224e1
8.2322559e2 -3.33364e0 -2.26443e1 -2.26443e1
8.2827599e2 -3.33364e0 -2.29663e1 -2.29663e1
8.3332639e2 -3.33364e0 -2.32883e1 -2.32883e1
8.3837679e2 -3.33364e0 -2.36102e1 -2.36102e1
8.4342719e2 -3.33364e0 -2.39322e1 -2.39322e1
8.4847758e2 -3.33364e0 -2.42542e1 -2.42542e1
8.5352798e2 -3.33364e0 -2.4576e1 -2.4576e1
8.5857838e2 -3.33364e0 -2.48979e1 -2.48979e1
8.6362878e2 -3.33364e0 -2.52199e1 -2.52199e1
8.6867918e2 -3.33364e0 -2.55418e1 -2.55418e1
8.7372958e2 -3.33364e0 -2.58638e1 -2.58638e1
8.7877998e2 -3.33364e0 -2.61858e1 -2.61858e1
8.8383038e2 -3.33364e0 -2.65077e1 -2.65077e1
8.8888078e2 -3.33364e0 -2.68297e1 -2.68297e1
8.9393118e2 -3.33364e0 -2.71516e1 -2.71516e1
8.9898158e2 -3.33364e0 -2.74736e1 -2.74736e1
9.0403198e2 -3.33364e0 -2.77954e1 -2.77954e1
9.0908238e2 -3.33364e0 -2.81174e1 -2.81174e1
9.1413278e2 -3.33364e0 -2.84393e1 -2.84393e1
9.1918318e2 -3.33364e0 -2.87613e1 -2.87613e1
9.2423358e2 -3.33364e0 -2.90833e1 -2.90833e1
9.2928398e2 -3.33364e0 -2.94052e1 -2.94052e1
9.3433438e2 -3.33364e0 -2.97272e1 -2.97272e1
9.3938478e2 -3.33364e0 -3.00491e1 -3.00491e1
9.4443518e2 -3.33364e0 -3.03711e1 -3.03711e1
9.4948558e2 -3.33364e0 -3.0693e1 -3.0693e1
9.5453598e2 -3.33364e0 -3.10149e1 -3.10149e1
9.5958638e2 -3.33364e0 -3.13368e1 -3.13368e1
9.6463678e2 -3.33364e0 -3.16588e1 -3.16588e1
9.6968718e2 -3.33364e0 -3.19807e1 -3.19807e1
9.7473758e2 -3.33364e0 -3.23027e1 -3.23027e1
9.7978798e2 -3.33364e0 -3.26247e1 -3.26247e1
9.8483838e2 -3.33364e0 -3.29466e1 -3.29466e1
9.8988878e2 -3.33364e0 -3.32686e1 -3.32686e1
9.9493918e2 -3.33364e0 -3.35905e1 -3.35905e1
9.9998958e2 -3.33364e0 -3.39125e1 -3.39125e1

5.0e2 -3.131628e0 -9.8384e-2 -9.8384e-2
5.050504e2 -3.131628e0 -4.00818e-1 -4.00818e-1
5.101008e2 -3.131628e0 -7.03261e-1 -7.03261e-1
5.151512e2 -3.131628e0 -1.00569e0 -1.00569e0
5.202016e2 -3.131628e0 -1.30812e0 -1.30812e0
5.25252e2 -3.131628e0 -1.61057e0 -1.61057e0
5.303024e2 -3.131628e0 -1.913e0 -1.913e0
5.353528e2 -3.131628e0 -2.21542e0 -2.21542e0
5.404032e2 -3.131628e0 -2.51787e0 -2.51787e0
5.454536e2 -3.131628e0 -2.82031e0 -2.82031e0
5.50504e2 -3.131628e0 -3.12274e0 -3.12274e0
5.555544e2 -3.131628e0 -3.42517e0 -3.42517e0
5.606048e2 -3.131628e0 -3.72762e0 -3.72762e0
5.656552e2 -3.131628e0 -4.03004e0 -4.03004e0
5.707056e2 -3.131628e0 -4.33247e0 -4.33247e0
5.75756e2 -3.131628e0 -4.63492e0 -4.63492e0
5.808064e2 -3.131628e0 -4.93736e0 -4.93736e0
5.858568e2 -3.131628e0 -5.23979e0 -5.23979e0
5.909072e2 -3.131628e0 -5.54222e0 -5.54222e0
5.959576e2 -3.131628e0 -5.84467e0 -5.84467e0
6.01008e2 -3.131628e0 -6.1471e0 -6.1471e0
6.060584e2 -3.131628e0 -6.44954e0 -6.44954e0
6.111088e2 -3.131628e0 -6.75198e0 -6.75198e0
6.161592e2 -3.131628e0 -7.05441e0 -7.05441e0
6.212096e2 -3.131628e0 -7.35684e0 -7.35684e0
6.2626e2 -3.131628e0 -7.65929e0 -7.65929e0
6.313104e2 -3.131628e0 -7.96172e0 -7.96172e0
6.363608e2 -3.131628e0 -8.26414e0 -8.26414e0
6.414112e2 -3.131628e0 -8.56659e0 -8.56659e0
6.464616e2 -3.131628e0 -8.86903e0 -8.86903e0
6.51512e2 -3.131628e0 -9.17146e0 -9.17146e0
6.565624e2 -3.131628e0 -9.47389e0 -9.47389e0
6.616128e2 -3.131628e0 -9.77634e0 -9.77634e0
6.666632e2 -3.131628e0 -1.00787e1 -1.00787e1
6.717136e2 -3.131628e0 -1.03812e1 -1.03812e1
6.7676399e2 -3.131628e0 -1.06836e1 -1.06836e1
6.8181439e2 -3.131628e0 -1.0986e1 -1.0986e1
6.8686479e2 -3.131628e0 -1.12885e1 -1.12885e1
6.9191519e2 -3.131628e0 -1.15909e1 -1.15909e1
6.9696559e2 -3.131628e0 -1.18933e1 -1.18933e1
7.0201599e2 -3.131628e0 -1.21957e1 -1.21957e1
7.0706639e2 -3.131628e0 -1.24982e1 -1.24982e1
7.1211679e2 -3.131628e0 -1.28006e1 -1.28006e1
7.1716719e2 -3.131628e0 -1.3103e1 -1.3103e1
7.2221759e2 -3.131628e0 -1.34055e1 -1.34055e1
7.2726799e2 -3.131628e0 -1.37079e1 -1.37079e1
7.3231839e2 -3.131628e0 -1.40103e1 -1.40103e1
7.3736879e2 -3.131628e0 -1.43127e1 -1.43127e1
7.4241919e2 -3.131628e0 -1.46152e1 -1.46152e1
7.4746959e2 -3.131628e0 -1.49178e1 -1.49178e1
7.5251999e2 -3.131628e0 -1.52202e1 -1.52202e1
7.5757039e2 -3.131628e0 -1.55226e1 -1.55226e1
7.6262079e2 -3.131628e0 -1.5825e1 -1.5825e1
7.6767119e2 -3.131628e0 -1.61275e1 -1.61275e1
7.7272159e2 -3.131628e0 -1.64299e1 -1.64299e1
7.7777199e2 -3.131628e0 -1.67323e1 -1.67323e1
7.8282239e2 -3.131628e0 -1.70348e1 -1.70348e1
7.8787279e2 -3.131628e0 -1.73372e1 -1.73372e1
7.9292319e2 -3.131628e0 -1.76396e1 -1.76396e1
7.9797359e2 -3.131628e0 -1.7942e1 -1.7942e1
8.0302399e2 -3.131628e0 -1.82445e1 -1.82445e1
8.0807439e2 -3.131628e0 -1.85469e1 -1.85469e1
8.1312479e2 -3.131628e0 -1.88493e1 -1.88493e1
8.1817519e2 -3.131628e0 -1.91518e1 -1.91518e1
8.2322559e2 -3.131628e0 -1.94542e1 -1.94542e1
8.2827599e2 -3.131628e0 -1.97566e1 -1.97566e1
8.3332639e2 -3.131628e0 -2.0059e1 -2.0059e1
8.3837679e2 -3.131628e0 -2.03615e1 -2.03615e1
8.4342719e2 -3.131628e0 -2.06639e1 -2.06639e1
8.4847758e2 -3.131628e0 -2.09663e1 -2.09663e1
8.5352798e2 -3.131628e0 -2.12689e1 -2.12689e1
8.5857838e2 -3.131628e0 -2.15714e1 -2.15714e1
8.6362878e2 -3.131628e0 -2.18738e1 -2.18738e1
8.6867918e2 -3.131628e0 -2.21762e1 -2.21762e1
8.7372958e2 -3.131628e0 -2.24786e1 -2.24786e1
8.7877998e2 -3.131628e0 -2.2781e1 -2.2781e1
8.8383038e2 -3.131628e0 -2.30835e1 -2.30835e1
8.8888078e2 -3.131628e0 -2.3386e1 -2.3386e1
8.9393118e2 -3.131628e0 -2.36884e1 -2.36884e1
8.9898158e2 -3.131628e0 -2.39908e1 -2.39908e1
9.0403198e2 -3.131628e0 -2.42932e1 -2.42932e1
9.0908238e2 -3.131628e0 -2.45956e1 -2.45956e1
9.1413278e2 -3.131628e0 -2.4898e1 -2.4898e1
9.1918318e2 -3.131628e0 -2.52005e1 -2.52005e1
9.2423358e2 -3.131628e0 -2.5503e1 -2.5503e1
9.2928398e2 -3.131628e0 -2.58054e1 -2.58054e1
9.3433438e2 -3.131628e0 -2.61078e1 -2.61078e1
9.3938478e2 -3.131628e0 -2.64102e1 -2.64102e1
9.4443518e2 -3.131628e0 -2.67126e1 -2.67126e1
9.4948558e2 -3.131628e0 -2.7015e1 -2.7015e1
9.5453598e2 -3.131628e0 -2.73175e1 -2.73175e1
9.5958638e2 -3.131628e0 -2.762e1 -2.762e1
9.6463678e2 -3.131628e0 -2.79225e1 -2.79225e1
9.6968718e2 -3.131628e0 -2.8225e1 -2.8225e1
9.7473758e2 -3.131628e0 -2.85274e1 -2.85274e1
9.7978798e2 -3.131628e0 -2.88298e1 -2.88298e1
9.8483838e2 -3.131628e0 -2.91322e1 -2.91322e1
9.8988878e2 -3.131628e0 -2.94347e1 -2.94347e1
9.9493918e2 -3.131628e0 -2.97371e1 -2.97371e1
9.9998958e2 -3.131628e0 -3.00395e1 -3.00395e1

5.0e2 -2.929617e0 1.84315e0 1.84315e0
5.050504e2 -2.929617e0 1.56024e0 1.56024e0
5.101008e2 -2.929617e0 1.2773e0 1.2773e0
5.151512e2 -2.929617e0 9.94385e-1 9.94385e-1
5.202016e2 -2.929617e0 7.11461e-1 7.11461e-1
5.25252e2 -2.929617e0 4.28528e-1 4.28528e-1
5.303024e2 -2.929617e0 1.45604e-1 1.45604e-1
5.353528e2 -2.929617e0 -1.3732e-1 -1.3732e-1
5.404032e2 -2.929617e0 -4.20244e-1 -4.20244e-1
5.454536e2 -2.929617e0 -7.03177e-1 -7.03177e-1
5.50504e2 -2.929617e0 -9.86101e-1 -9.86101e-1
5.555544e2 -2.929617e0 -1.26901e0 -1.26901e0
5.606048e2 -2.929617e0 -1.55196e0 -1.55196e0
5.656552e2 -2.929617e0 -1.83488e0 -1.83488e0
5.707056e2 -2.929617e0 -2.1178e0 -2.1178e0
5.75756e2 -2.929617e0 -2.40074e0 -2.40074e0
5.808064e2 -2.929617e0 -2.68365e0 -2.68365e0
5.858568e2 -2.929617e0 -2.96658e0 -2.96658e0
5.909072e2 -2.929617e0 -3.24951e0 -3.24951e0
5.959576e2 -2.929617e0 -3.53244e0 -3.53244e0
6.01008e2 -2.929617e0 -3.81537e0 -3.81537e0
6.060584e2 -2.929617e0 -4.0983e0 -4.0983e0
6.111088e2 -2.929617e0 -4.38123e0 -4.38123e0
6.161592e2 -2.929617e0 -4.66415e0 -4.66415e0
6.212096e2 -2.929617e0 -4.94707e0 -4.94707e0
6.2626e2 -2.929617e0 -5.23001e0 -5.23001e0
6.313104e2 -2.929617e0 -5.51292e0 -5.51292e0
6.363608e2 -2.929617e0 -5.79585e0 -5.79585e0
6.414112e2 -2.929617e0 -6.07878e0 -6.07878e0
6.464616e2 -2.929617e0 -6.36171e0 -6.36171e0
6.51512e2 -2.929617e0 -6.64464e0 -6.64464e0
6.565624e2 -2.929617e0 -6.92757e0 -6.92757e0
6.616128e2 -2.929617e0 -7.2105e0 -7.2105e0
6.666632e2 -2.929617e0 -7.49342e0 -7.49342e0
6.717136e2 -2.929617e0 -7.77634e0 -7.77634e0
6.7676399e2 -2.929617e0 -8.05927e0 -8.05927e0
6.8181439e2 -2.929617e0 -8.3422e0 -8.3422e0
6.8686479e2 -2.929617e0 -8.62512e0 -8.62512e0
6.9191519e2 -2.929617e0 -8.90805e0 -8.90805e0
6.9696559e2 -2.929617e0 -9.19098e0 -9.19098e0
7.0201599e2 -2.929617e0 -9.4739e0 -9.4739e0
7.0706639e2 -2.929617e0 -9.75684e0 -9.75684e0
7.1211679e2 -2.929617e0 -1.00397e1 -1.00397e1
7.1716719e2 -2.929617e0 -1.03226e1 -1.03226e1
7.2221759e2 -2.929617e0 -1.06056e1 -1.06056e1
7.2726799e2 -2.929617e0 -1.08885e1 -1.08885e1
7.3231839e2 -2.929617e0 -1.11714e1 -1.11714e1
7.3736879e2 -2.929617e0 -1.14543e1 -1.14543e1
7.4241919e2 -2.929617e0 -1.17372e1 -1.17372e1
7.4746959e2 -2.929617e0 -1.20201e1 -1.20201e1
7.5251999e2 -2.929617e0 -1.23032e1 -1.23032e1
7.5757039e2 -2.929617e0 -1.2586e1 -1.2586e1
7.6262079e2 -2.929617e0 -1.2869e1 -1.2869e1
7.6767119e2 -2.929617e0 -1.31519e1 -1.31519e1
7.7272159e2 -2.929617e0 -1.34348e1 -1.34348e1
7.7777199e2 -2.929617e0 -1.37178e1 -1.37178e1
7.8282239e2 -2.929617e0 -1.40007e1 -1.40007e1
7.8787279e2 -2.929617e0 -1.42836e1 -1.42836e1
7.9292319e2 -2.929617e0 -1.45665e1 -1.45665e1
7.9797359e2 -2.929617e0 -1.48494e1 -1.48494e1
8.0302399e2 -2.929617e0 -1.51324e1 -1.51324e1
8.0807439e2 -2.929617e0 -1.54153e1 -1.54153e1
8.1312479e2 -2.929617e0 -1.56982e1 -1.56982e1
8.1817519e2 -2.929617e0 -1.59811e1 -1.59811e1
8.2322559e2 -2.929617e0 -1.6264e1 -1.6264e1
8.2827599e2 -2.929617e0 -1.65471e1 -1.65471e1
8.3332639e2 -2.929617e0 -1.683e1 -1.683e1
8.3837679e2 -2.929617e0 -1.71129e1 -1.71129e1
8.4342719e2 -2.929617e0 -1.73958e1 -1.73958e1
8.4847758e2 -2.929617e0 -1.76787e1 -1.76787e1
8.5352798e2 -2.929617e0 -1.79616e1 -1.79616e1
8.5857838e2 -2.929617e0 -1.82446e1 -1.82446e1
8.6362878e2 -2.929617e0 -1.85275e1 -1.85275e1
8.6867918e2 -2.929617e0 -1.88104e1 -1.88104e1
8.7372958e2 -2.929617e0 -1.90933e1 -1.90933e1
8.7877998e2 -2.929617e0 -1.93762e1 -1.93762e1
8.8383038e2 -2.929617e0 -1.96593e1 -1.96593e1
8.8888078e2 -2.929617e0 -1.99422e1 -1.99422e1
8.9393118e2 -2.929617e0 -2.0225e1 -2.0225e1
8.9898158e2 -2.929617e0 -2.0508e1 -2.0508e1
9.0403198e2 -2.929617e0 -2.07909e1 -2.07909e1
9.0908238e2 -2.929617e0 -2.10739e1 -2.10739e1
9.1413278e2 -2.929617e0 -2.13568e1 -2.13568e1
9.1918318e2 -2.929617e0 -2.16397e1 -2.16397e1
9.2423358e2 -2.929617e0 -2.19226e1 -2.19226e1
9.2928398e2 -2.929617e0 -2.22055e1 -2.22055e1
9.3433438e2 -2.929617e0 -2.24886e1 -2.24886e1
9.3938478e2 -2.929617e0 -2.27715e1 -2.27715e1
9.4443518e2 -2.929617e0 -2.30544e1 -2.30544e1
9.4948558e2 -2.929617e0 -2.33372e1 -2.33372e1
9.5453598e2 -2.929617e0 -2.36201e1 -2.36201e1
9.5958638e2 -2.929617e0 -2.3903e1 -2.3903e1
9.6463678e2 -2.929617e0 -2.41861e1 -2.41861e1
9.6968718e2 -2.929617e0 -2.4469e1 -2.4469e1
9.7473758e2 -2.929617e0 -2.47519e1 -2.47519e1
9.7978798e2 -2.929617e0 -2.50348e1 -2.50348e1
9.8483838e2 -2.929617e0 -2.53177e1 -2.53177e1
9.8988878e2 -2.929617e0 -2.56007e1 -2.56007e1
9.9493918e2 -2.929617e0 -2.58836e1 -2.58836e1
9.9998958e2 -2.929617e0 -2.61665e1 -2.61665e1

5.0e2 -2.727606e0 3.78471e0 3.78471e0
5.050504e2 -2.727606e0 3.5213e0 3.5213e0
5.101008e2 -2.727606e0 3.25787e0 3.25787e0
5.151512e2 -2.727606e0 2.99446e0 2.99446e0
5.202016e2 -2.727606e0 2.73103e0 2.73103e0
5.25252e2 -2.727606e0 2.46762e0 2.46762e0
5.303024e2 -2.727606e0 2.20421e0 2.20421e0
5.353528e2 -2.727606e0 1.94078e0 1.94078e0
5.404032e2 -2.727606e0 1.67737e0 1.67737e0
5.454536e2 -2.727606e0 1.41394e0 1.41394e0
5.50504e2 -2.727606e0 1.15053e0 1.15053e0
5.555544e2 -2.727606e0 8.87122e-1 8.87122e-1
5.606048e2 -2.727606e0 6.237e-1 6.237e-1
5.656552e2 -2.727606e0 3.60283e-1 3.60283e-1
5.707056e2 -2.727606e0 9.687e-2 9.687e-2
5.75756e2 -2.727606e0 -1.66553e-1 -1.66553e-1
5.808064e2 -2.727606e0 -4.2997e-1 -4.2997e-1
5.858568e2 -2.727606e0 -6.93384e-1 -6.93384e-1
5.909072e2 -2.727606e0 -9.568e-1 -9.568e-1
5.959576e2 -2.727606e0 -1.22021e0 -1.22021e0
6.01008e2 -2.727606e0 -1.48363e0 -1.48363e0
6.060584e2 -2.727606e0 -1.74704e0 -1.74704e0
6.111088e2 -2.727606e0 -2.01047e0 -2.01047e0
6.161592e2 -2.727606e0 -2.27388e0 -2.27388e0
6.212096e2 -2.727606e0 -2.53731e0 -2.53731e0
6.2626e2 -2.727606e0 -2.80072e0 -2.80072e0
6.313104e2 -2.727606e0 -3.06413e0 -3.06413e0
6.363608e2 -2.727606e0 -3.32756e0 -3.32756e0
6.414112e2 -2.727606e0 -3.59097e0 -3.59097e0
6.464616e2 -2.727606e0 -3.8544e0 -3.8544e0
6.51512e2 -2.727606e0 -4.11781e0 -4.11781e0
6.565624e2 -2.727606e0 -4.38123e0 -4.38123e0
6.616128e2 -2.727606e0 -4.64465e0 -4.64465e0
6.666632e2 -2.727606e0 -4.90807e0 -4.90807e0
6.717136e2 -2.727606e0 -5.17148e0 -5.17148e0
6.7676399e2 -2.727606e0 -5.43489e0 -5.43489e0
6.8181439e2 -2.727606e0 -5.69832e0 -5.69832e0
6.8686479e2 -2.727606e0 -5.96173e0 -5.96173e0
6.9191519e2 -2.727606e0 -6.22514e0 -6.22514e0
6.9696559e2 -2.727606e0 -6.48857e0 -6.48857e0
7.0201599e2 -2.727606e0 -6.75198e0 -6.75198e0
7.0706639e2 -2.727606e0 -7.0154e0 -7.0154e0
7.1211679e2 -2.727606e0 -7.27882e0 -7.27882e0
7.1716719e2 -2.727606e0 -7.54224e0 -7.54224e0
7.2221759e2 -2.727606e0 -7.80566e0 -7.80566e0
7.2726799e2 -2.727606e0 -8.06908e0 -8.06908e0
7.3231839e2 -2.727606e0 -8.33249e0 -8.33249e0
7.3736879e2 -2.727606e0 -8.59592e0 -8.59592e0
7.4241919e2 -2.727606e0 -8.85933e0 -8.85933e0
7.4746959e2 -2.727606e0 -9.12276e0 -9.12276e0
7.5251999e2 -2.727606e0 -9.38617e0 -9.38617e0
7.5757039e2 -2.727606e0 -9.64958e0 -9.64958e0
7.6262079e2 -2.727606e0 -9.91301e0 -9.91301e0
7.6767119e2 -2.727606e0 -1.01764e1 -1.01764e1
7.7272159e2 -2.727606e0 -1.04398e1 -1.04398e1
7.7777199e2 -2.727606e0 -1.07031e1 -1.07031e1
7.8282239e2 -2.727606e0 -1.09666e1 -1.09666e1
7.8787279e2 -2.727606e0 -1.123e1 -1.123e1
7.9292319e2 -2.727606e0 -1.14934e1 -1.14934e1
7.9797359e2 -2.727606e0 -1.17569e1 -1.17569e1
8.0302399e2 -2.727606e0 -1.20203e1 -1.20203e1
8.0807439e2 -2.727606e0 -1.22836e1 -1.22836e1
8.1312479e2 -2.727606e0 -1.25471e1 -1.25471e1
8.1817519e2 -2.727606e0 -1.28105e1 -1.28105e1
8.2322559e2 -2.727606e0 -1.30739e1 -1.30739e1
8.2827599e2 -2.727606e0 -1.33374e1 -1.33374e1
8.3332639e2 -2.727606e0 -1.36008e1 -1.36008e1
8.3837679e2 -2.727606e0 -1.38641e1 -1.38641e1
8.4342719e2 -2.727606e0 -1.41277e1 -1.41277e1
8.4847758e2 -2.727606e0 -1.4391e1 -1.4391e1
8.5352798e2 -2.727606e0 -1.46544e1 -1.46544e1
8.5857838e2 -2.727606e0 -1.49179e1 -1.49179e1
8.6362878e2 -2.727606e0 -1.51813e1 -1.51813e1
8.6867918e2 -2.727606e0 -1.54446e1 -1.54446e1
8.7372958e2 -2.727606e0 -1.57082e1 -1.57082e1
8.7877998e2 -2.727606e0 -1.59715e1 -1.59715e1
8.8383038e2 -2.727606e0 -1.62349e1 -1.62349e1
8.8888078e2 -2.727606e0 -1.64984e1 -1.64984e1
8.9393118e2 -2.727606e0 -1.67618e1 -1.67618e1
8.9898158e2 -2.727606e0 -1.70251e1 -1.70251e1
9.0403198e2 -2.727606e0 -1.72887e1 -1.72887e1
9.0908238e2 -2.727606e0 -1.7552e1 -1.7552e1
9.1413278e2 -2.727606e0 -1.78154e1 -1.78154e1
9.1918318e2 -2.727606e0 -1.80789e1 -1.80789e1
9.2423358e2 -2.727606e0 -1.83423e1 -1.83423e1
9.2928398e2 -2.727606e0 -1.86057e1 -1.86057e1
9.3433438e2 -2.727606e0 -1.88692e1 -1.88692e1
9.3938478e2 -2.727606e0 -1.91325e1 -1.91325e1
9.4443518e2 -2.727606e0 -1.93959e1 -1.93959e1
9.4948558e2 -2.727606e0 -1.96594e1 -1.96594e1
9.5453598e2 -2.727606e0 -1.99228e1 -1.99228e1
9.5958638e2 -2.727606e0 -2.01862e1 -2.01862e1
9.6463678e2 -2.727606e0 -2.04497e1 -2.04497e1
9.6968718e2 -2.727606e0 -2.0713e1 -2.0713e1
9.7473758e2 -2.727606e0 -2.09764e1 -2.09764e1
9.7978798e2 -2.727606e0 -2.124e1 -2.124e1
9.8483838e2 -2.727606e0 -2.15033e1 -2.15033e1
9.8988878e2 -2.727606e0 -2.17667e1 -2.17667e1
9.9493918e2 -2.727606e0 -2.20302e1 -2.20302e1
9.9998958e2 -2.727606e0 -2.22935e1 -2.22935e1

5.0e2 -2.525595e0 5.72626e0 5.72626e0
5.050504e2 -2.525595e0 5.48236e0 5.48236e0
5.101008e2 -2.525595e0 5.23843e0 5.23843e0
5.151512e2 -2.525595e0 4.99454e0 4.99454e0
5.202016e2 -2.525595e0 4.75063e0 4.75063e0
5.25252e2 -2.525595e0 4.50671e0 4.50671e0
5.303024e2 -2.525595e0 4.2628e0 4.2628e0
5.353528e2 -2.525595e0 4.0189e0 4.0189e0
5.404032e2 -2.525595e0 3.775e0 3.775e0
5.454536e2 -2.525595e0 3.53108e0 3.53108e0
5.50504e2 -2.525595e0 3.28717e0 3.28717e0
5.555544e2 -2.525595e0 3.04327e0 3.04327e0
5.606048e2 -2.525595e0 2.79936e0 2.79936e0
5.656552e2 -2.525595e0 2.55545e0 2.55545e0
5.707056e2 -2.525595e0 2.31154e0 2.31154e0
5.75756e2 -2.525595e0 2.06763e0 2.06763e0
5.808064e2 -2.525595e0 1.82372e0 1.82372e0
5.858568e2 -2.525595e0 1.57982e0 1.57982e0
5.909072e2 -2.525595e0 1.3359e0 1.3359e0
5.959576e2 -2.525595e0 1.092e0 1.092e0
6.01008e2 -2.525595e0 8.48096e-1 8.48096e-1
6.060584e2 -2.525595e0 6.0419e-1 6.0419e-1
6.111088e2 -2.525595e0 3.60277e-1 3.60277e-1
6.161592e2 -2.525595e0 1.1637e-1 1.1637e-1
6.212096e2 -2.525595e0 -1.27536e-1 -1.27536e-1
6.2626e2 -2.525595e0 -3.71451e-1 -3.71451e-1
6.313104e2 -2.525595e0 -6.15355e-1 -6.15355e-1
6.363608e2 -2.525595e0 -8.59264e-1 -8.59264e-1
6.414112e2 -2.525595e0 -1.10316e0 -1.10316e0
6.464616e2 -2.525595e0 -1.34708e0 -1.34708e0
6.51512e2 -2.525595e0 -1.59099e0 -1.59099e0
6.565624e2 -2.525595e0 -1.83488e0 -1.83488e0
6.616128e2 -2.525595e0 -2.0788e0 -2.0788e0
6.666632e2 -2.525595e0 -2.32271e0 -2.32271e0
6.717136e2 -2.525595e0 -2.56662e0 -2.56662e0
6.7676399e2 -2.525595e0 -2.81052e0 -2.81052e0
6.8181439e2 -2.525595e0 -3.05443e0 -3.05443e0
6.8686479e2 -2.525595e0 -3.29834e0 -3.29834e0
6.9191519e2 -2.525595e0 -3.54225e0 -3.54225e0
6.9696559e2 -2.525595e0 -3.78616e0 -3.78616e0
7.0201599e2 -2.525595e0 -4.03008e0 -4.03008e0
7.0706639e2 -2.525595e0 -4.27397e0 -4.27397e0
7.1211679e2 -2.525595e0 -4.51788e0 -4.51788e0
7.1716719e2 -2.525595e0 -4.7618e0 -4.7618e0
7.2221759e2 -2.525595e0 -5.0057e0 -5.0057e0
7.2726799e2 -2.525595e0 -5.2496e0 -5.2496e0
7.3231839e2 -2.525595e0 -5.49352e0 -5.49352e0
7.3736879e2 -2.525595e0 -5.73743e0 -5.73743e0
7.4241919e2 -2.525595e0 -5.98134e0 -5.98134e0
7.4746959e2 -2.525595e0 -6.22525e0 -6.22525e0
7.5251999e2 -2.525595e0 -6.46915e0 -6.46915e0
7.5757039e2 -2.525595e0 -6.71306e0 -6.71306e0
7.6262079e2 -2.525595e0 -6.95697e0 -6.95697e0
7.6767119e2 -2.525595e0 -7.20088e0 -7.20088e0
7.7272159e2 -2.525595e0 -7.4448e0 -7.4448e0
7.7777199e2 -2.525595e0 -7.6887e0 -7.6887e0
7.8282239e2 -2.525595e0 -7.9326e0 -7.9326e0
7.8787279e2 -2.525595e0 -8.17651e0 -8.17651e0
7.9292319e2 -2.525595e0 -8.42043e0 -8.42043e0
7.9797359e2 -2.525595e0 -8.66434e0 -8.66434e0
8.0302399e2 -2.525595e0 -8.90823e0 -8.90823e0
8.0807439e2 -2.525595e0 -9.15215e0 -9.15215e0
8.1312479e2 -2.525595e0 -9.39606e0 -9.39606e0
8.1817519e2 -2.525595e0 -9.63997e0 -9.63997e0
8.2322559e2 -2.525595e0 -9.88388e0 -9.88388e0
8.2827599e2 -2.525595e0 -1.01277e1 -1.01277e1
8.3332639e2 -2.525595e0 -1.03717e1 -1.03717e1
8.3837679e2 -2.525595e0 -1.06155e1 -1.06155e1
8.4342719e2 -2.525595e0 -1.08594e1 -1.08594e1
8.4847758e2 -2.525595e0 -1.11034e1 -1.11034e1
8.5352798e2 -2.525595e0 -1.13472e1 -1.13472e1
8.5857838e2 -2.525595e0 -1.15912e1 -1.15912e1
8.6362878e2 -2.525595e0 -1.1835e1 -1.1835e1
8.6867918e2 -2.525595e0 -1.2079e1 -1.2079e1
8.7372958e2 -2.525595e0 -1.23228e1 -1.23228e1
8.7877998e2 -2.525595e0 -1.25668e1 -1.25668e1
8.8383038e2 -2.525595e0 -1.28107e1 -1.28107e1
8.8888078e2 -2.525595e0 -1.30547e1 -1.30547e1
8.9393118e2 -2.525595e0 -1.32985e1 -1.32985e1
8.9898158e2 -2.525595e0 -1.35425e1 -1.35425e1
9.0403198e2 -2.525595e0 -1.37863e1 -1.37863e1
9.0908238e2 -2.525595e0 -1.40303e1 -1.40303e1
9.1413278e2 -2.525595e0 -1.42741e1 -1.42741e1
9.1918318e2 -2.525595e0 -1.45181e1 -1.45181e1
9.2423358e2 -2.525595e0 -1.4762e1 -1.4762e1
9.2928398e2 -2.525595e0 -1.5006e1 -1.5006e1
9.3433438e2 -2.525595e0 -1.52498e1 -1.52498e1
9.3938478e2 -2.525595e0 -1.54938e1 -1.54938e1
9.4443518e2 -2.525595e0 -1.57376e1 -1.57376e1
9.4948558e2 -2.525595e0 -1.59816e1 -1.59816e1
9.5453598e2 -2.525595e0 -1.62254e1 -1.62254e1
9.5958638e2 -2.525595e0 -1.64693e1 -1.64693e1
9.6463678e2 -2.525595e0 -1.67133e1 -1.67133e1
9.6968718e2 -2.525595e0 -1.69571e1 -1.69571e1
9.7473758e2 -2.525595e0 -1.72011e1 -1.72011e1
9.7978798e2 -2.525595e0 -1.74449e1 -1.74449e1
9.8483838e2 -2.525595e0 -1.76889e1 -1.76889e1
9.8988878e2 -2.525595e0 -1.79327e1 -1.79327e1
9.9493918e2 -2.525595e0 -1.81767e1 -1.81767e1
9.9998958e2 -2.525595e0 -1.84206e1 -1.84206e1

5.0e2 -2.323584e0 7.6678e0 7.6678e0
5.050504e2 -2.323584e0 7.4434e0 7.4434e0
5.101008e2 -2.323584e0 7.219e0 7.219e0
5.151512e2 -2.323584e0 6.9946e0 6.9946e0
5.202016e2 -2.323584e0 6.7702e0 6.7702e0
5.25252e2 -2.323584e0 6.5458e0 6.5458e0
5.303024e2 -2.323584e0 6.32141e0 6.32141e0
5.353528e2 -2.323584e0 6.097e0 6.097e0
5.404032e2 -2.323584e0 5.8726e0 5.8726e0
5.454536e2 -2.323584e0 5.64821e0 5.64821e0
5.50504e2 -2.323584e0 5.42381e0 5.42381e0
5.555544e2 -2.323584e0 5.19942e0 5.19942e0
5.606048e2 -2.323584e0 4.975e0 4.975e0
5.656552e2 -2.323584e0 4.75061e0 4.75061e0
5.707056e2 -2.323584e0 4.52621e0 4.52621e0
5.75756e2 -2.323584e0 4.3018e0 4.3018e0
5.808064e2 -2.323584e0 4.07741e0 4.07741e0
5.858568e2 -2.323584e0 3.85301e0 3.85301e0
5.909072e2 -2.323584e0 3.62862e0 3.62862e0
5.959576e2 -2.323584e0 3.4042e0 3.4042e0
6.01008e2 -2.323584e0 3.17981e0 3.17981e0
6.060584e2 -2.323584e0 2.95541e0 2.95541e0
6.111088e2 -2.323584e0 2.73102e0 2.73102e0
6.161592e2 -2.323584e0 2.5066e0 2.5066e0
6.212096e2 -2.323584e0 2.28221e0 2.28221e0
6.2626e2 -2.323584e0 2.05782e0 2.05782e0
6.313104e2 -2.323584e0 1.83342e0 1.83342e0
6.363608e2 -2.323584e0 1.60902e0 1.60902e0
6.414112e2 -2.323584e0 1.38461e0 1.38461e0
6.464616e2 -2.323584e0 1.16022e0 1.16022e0
6.51512e2 -2.323584e0 9.35825e-1 9.35825e-1
6.565624e2 -2.323584e0 7.11429e-1 7.11429e-1
6.616128e2 -2.323584e0 4.87024e-1 4.87024e-1
6.666632e2 -2.323584e0 2.62627e-1 2.62627e-1
6.717136e2 -2.323584e0 3.823e-2 3.823e-2
6.7676399e2 -2.323584e0 -1.86168e-1 -1.86168e-1
6.8181439e2 -2.323584e0 -4.10573e-1 -4.10573e-1
6.8686479e2 -2.323584e0 -6.34969e-1 -6.34969e-1
6.9191519e2 -2.323584e0 -8.59366e-1 -8.59366e-1
6.9696559e2 -2.323584e0 -1.08377e0 -1.08377e0
7.0201599e2 -2.323584e0 -1.30817e0 -1.30817e0
7.0706639e2 -2.323584e0 -1.53256e0 -1.53256e0
7.1211679e2 -2.323584e0 -1.75696e0 -1.75696e0
7.1716719e2 -2.323584e0 -1.98135e0 -1.98135e0
7.2221759e2 -2.323584e0 -2.20576e0 -2.20576e0
7.2726799e2 -2.323584e0 -2.43016e0 -2.43016e0
7.3231839e2 -2.323584e0 -2.65456e0 -2.65456e0
7.3736879e2 -2.323584e0 -2.87895e0 -2.87895e0
7.4241919e2 -2.323584e0 -3.10335e0 -3.10335e0
7.4746959e2 -2.323584e0 -3.32776e0 -3.32776e0
7.5251999e2 -2.323584e0 -3.55215e0 -3.55215e0
7.5757039e2 -2.323584e0 -3.77655e0 -3.77655e0
7.6262079e2 -2.323584e0 -4.00096e0 -4.00096e0
7.6767119e2 -2.323584e0 -4.22536e0 -4.22536e0
7.7272159e2 -2.323584e0 -4.44975e0 -4.44975e0
7.7777199e2 -2.323584e0 -4.67416e0 -4.67416e0
7.8282239e2 -2.323584e0 -4.89856e0 -4.89856e0
7.8787279e2 -2.323584e0 -5.12296e0 -5.12296e0
7.9292319e2 -2.323584e0 -5.34735e0 -5.34735e0
7.9797359e2 -2.323584e0 -5.57175e0 -5.57175e0
8.0302399e2 -2.323584e0 -5.79616e0 -5.79616e0
8.0807439e2 -2.323584e0 -6.02055e0 -6.02055e0
8.1312479e2 -2.323584e0 -6.24495e0 -6.24495e0
8.1817519e2 -2.323584e0 -6.46935e0 -6.46935e0
8.2322559e2 -2.323584e0 -6.69374e0 -6.69374e0
8.2827599e2 -2.323584e0 -6.91815e0 -6.91815e0
8.3332639e2 -2.323584e0 -7.14255e0 -7.14255e0
8.3837679e2 -2.323584e0 -7.36694e0 -7.36694e0
8.4342719e2 -2.323584e0 -7.59134e0 -7.59134e0
8.4847758e2 -2.323584e0 -7.81575e0 -7.81575e0
8.5352798e2 -2.323584e0 -8.04015e0 -8.04015e0
8.5857838e2 -2.323584e0 -8.26454e0 -8.26454e0
8.6362878e2 -2.323584e0 -8.48895e0 -8.48895e0
8.6867918e2 -2.323584e0 -8.71335e0 -8.71335e0
8.7372958e2 -2.323584e0 -8.93774e0 -8.93774e0
8.7877998e2 -2.323584e0 -9.16214e0 -9.16214e0
8.8383038e2 -2.323584e0 -9.38655e0 -9.38655e0
8.8888078e2 -2.323584e0 -9.61095e0 -9.61095e0
8.9393118e2 -2.323584e0 -9.83534e0 -9.83534e0
8.9898158e2 -2.323584e0 -1.00597e1 -1.00597e1
9.0403198e2 -2.323584e0 -1.02841e1 -1.02841e1
9.0908238e2 -2.323584e0 -1.05084e1 -1.05084e1
9.1413278e2 -2.323584e0 -1.07329e1 -1.07329e1
9.1918318e2 -2.323584e0 -1.09573e1 -1.09573e1
9.2423358e2 -2.323584e0 -1.11816e1 -1.11816e1
9.2928398e2 -2.323584e0 -1.14061e1 -1.14061e1
9.3433438e2 -2.323584e0 -1.16306e1 -1.16306e1
9.3938478e2 -2.323584e0 -1.18549e1 -1.18549e1
9.4443518e2 -2.323584e0 -1.20793e1 -1.20793e1
9.4948558e2 -2.323584e0 -1.23036e1 -1.23036e1
9.5453598e2 -2.323584e0 -1.2528e1 -1.2528e1
9.5958638e2 -2.323584e0 -1.27525e1 -1.27525e1
9.6463678e2 -2.323584e0 -1.29768e1 -1.29768e1
9.6968718e2 -2.323584e0 -1.32013e1 -1.32013e1
9.7473758e2 -2.323584e0 -1.34256e1 -1.34256e1
9.7978798e2 -2.323584e0 -1.365e1 -1.365e1
9.8483838e2 -2.323584e0 -1.38745e1 -1.38745e1
9.8988878e2 -2.323584e0 -1.40988e1 -1.40988e1
9.9493918e2 -2.323584e0 -1.43233e1 -1.43233e1
9.9998958e2 -2.323584e0 -1.45477e1 -1.45477e1

5.0e2 -2.121573e0 9.60936e0 9.60936e0
5.050504e2 -2.121573e0 9.40446e0 9.40446e0
5.101008e2 -2.121573e0 9.19957e0 9.19957e0
5.151512e2 -2.121573e0 8.99469e0 8.99469e0
5.202016e2 -2.121573e0 8.7898e0 8.7898e0
5.25252e2 -2.121573e0 8.5849e0 8.5849e0
5.303024e2 -2.121573e0 8.38e0 8.38e0
5.353528e2 -2.121573e0 8.17513e0 8.17513e0
5.404032e2 -2.121573e0 7.97023e0 7.97023e0
5.454536e2 -2.121573e0 7.76534e0 7.76534e0
5.50504e2 -2.121573e0 7.56046e0 7.56046e0
5.555544e2 -2.121573e0 7.35556e0 7.35556e0
5.606048e2 -2.121573e0 7.15067e0 7.15067e0
5.656552e2 -2.121573e0 6.94579e0 6.94579e0
5.707056e2 -2.121573e0 6.74089e0 6.74089e0
5.75756e2 -2.121573e0 6.536e0 6.536e0
5.808064e2 -2.121573e0 6.33112e0 6.33112e0
5.858568e2 -2.121573e0 6.12622e0 6.12622e0
5.909072e2 -2.121573e0 5.92133e0 5.92133e0
5.959576e2 -2.121573e0 5.71643e0 5.71643e0
6.01008e2 -2.121573e0 5.51155e0 5.51155e0
6.060584e2 -2.121573e0 5.30666e0 5.30666e0
6.111088e2 -2.121573e0 5.10176e0 5.10176e0
6.161592e2 -2.121573e0 4.89688e0 4.89688e0
6.212096e2 -2.121573e0 4.69199e0 4.69199e0
6.2626e2 -2.121573e0 4.48709e0 4.48709e0
6.313104e2 -2.121573e0 4.28221e0 4.28221e0
6.363608e2 -2.121573e0 4.07732e0 4.07732e0
6.414112e2 -2.121573e0 3.87242e0 3.87242e0
6.464616e2 -2.121573e0 3.66754e0 3.66754e0
6.51512e2 -2.121573e0 3.46265e0 3.46265e0
6.565624e2 -2.121573e0 3.25775e0 3.25775e0
6.616128e2 -2.121573e0 3.05286e0 3.05286e0
6.666632e2 -2.121573e0 2.84798e0 2.84798e0
6.717136e2 -2.121573e0 2.64308e0 2.64308e0
6.7676399e2 -2.121573e0 2.4382e0 2.4382e0
6.8181439e2 -2.121573e0 2.2333e0 2.2333e0
6.8686479e2 -2.121573e0 2.02841e0 2.02841e0
6.9191519e2 -2.121573e0 1.82353e0 1.82353e0
6.9696559e2 -2.121573e0 1.61864e0 1.61864e0
7.0201599e2 -2.121573e0 1.41374e0 1.41374e0
7.0706639e2 -2.121573e0 1.20885e0 1.20885e0
7.1211679e2 -2.121573e0 1.00397e0 1.00397e0
7.1716719e2 -2.121573e0 7.99077e-1 7.99077e-1
7.2221759e2 -2.121573e0 5.9419e-1 5.9419e-1
7.2726799e2 -2.121573e0 3.89302e-1 3.89302e-1
7.3231839e2 -2.121573e0 1.84407e-1 1.84407e-1
7.3736879e2 -2.121573e0 -2.04819e-2 -2.04819e-2
7.4241919e2 -2.121573e0 -2.2537e-1 -2.2537e-1
7.4746959e2 -2.121573e0 -4.30263e-1 -4.30263e-1
7.5251999e2 -2.121573e0 -6.35152e-1 -6.35152e-1
7.5757039e2 -2.121573e0 -8.4004e-1 -8.4004e-1
7.6262079e2 -2.121573e0 -1.04492e0 -1.04492e0
7.6767119e2 -2.121573e0 -1.24982e0 -1.24982e0
7.7272159e2 -2.121573e0 -1.45471e0 -1.45471e0
7.7777199e2 -2.121573e0 -1.6596e0 -1.6596e0
7.8282239e2 -2.121573e0 -1.86449e0 -1.86449e0
7.8787279e2 -2.121573e0 -2.06938e0 -2.06938e0
7.9292319e2 -2.121573e0 -2.27426e0 -2.27426e0
7.9797359e2 -2.121573e0 -2.47916e0 -2.47916e0
8.0302399e2 -2.121573e0 -2.68405e0 -2.68405e0
8.0807439e2 -2.121573e0 -2.88893e0 -2.88893e0
8.1312479e2 -2.121573e0 -3.09383e0 -3.09383e0
8.1817519e2 -2.121573e0 -3.29872e0 -3.29872e0
8.2322559e2 -2.121573e0 -3.50362e0 -3.50362e0
8.2827599e2 -2.121573e0 -3.7085e0 -3.7085e0
8.3332639e2 -2.121573e0 -3.91339e0 -3.91339e0
8.3837679e2 -2.121573e0 -4.11829e0 -4.11829e0
8.4342719e2 -2.121573e0 -4.32317e0 -4.32317e0
8.4847758e2 -2.121573e0 -4.52806e0 -4.52806e0
8.5352798e2 -2.121573e0 -4.73296e0 -4.73296e0
8.5857838e2 -2.121573e0 -4.93784e0 -4.93784e0
8.6362878e2 -2.121573e0 -5.14273e0 -5.14273e0
8.6867918e2 -2.121573e0 -5.34763e0 -5.34763e0
8.7372958e2 -2.121573e0 -5.5525e0 -5.5525e0
8.7877998e2 -2.121573e0 -5.7574e0 -5.7574e0
8.8383038e2 -2.121573e0 -5.9623e0 -5.9623e0
8.8888078e2 -2.121573e0 -6.16719e0 -6.16719e0
8.9393118e2 -2.121573e0 -6.37207e0 -6.37207e0
8.9898158e2 -2.121573e0 -6.57697e0 -6.57697e0
9.0403198e2 -2.121573e0 -6.78186e0 -6.78186e0
9.0908238e2 -2.121573e0 -6.98674e0 -6.98674e0
9.1413278e2 -2.121573e0 -7.19164e0 -7.19164e0
9.1918318e2 -2.121573e0 -7.39653e0 -7.39653e0
9.2423358e2 -2.121573e0 -7.60141e0 -7.60141e0
9.2928398e2 -2.121573e0 -7.8063e0 -7.8063e0
9.3433438e2 -2.121573e0 -8.0112e0 -8.0112e0
9.3938478e2 -2.121573e0 -8.21608e0 -8.21608e0
9.4443518e2 -2.121573e0 -8.42097e0 -8.42097e0
9.4948558e2 -2.121573e0 -8.62587e0 -8.62587e0
9.5453598e2 -2.121573e0 -8.83076e0 -8.83076e0
9.5958638e2 -2.121573e0 -9.03564e0 -9.03564e0
9.6463678e2 -2.121573e0 -9.24054e0 -9.24054e0
9.6968718e2 -2.121573e0 -9.44543e0 -9.44543e0
9.7473758e2 -2.121573e0 -9.65031e0 -9.65031e0
9.7978798e2 -2.121573e0 -9.85521e0 -9.85521e0
9.8483838e2 -2.121573e0 -1.006e1 -1.006e1
9.8988878e2 -2.121573e0 -1.02649e1 -1.02649e1
9.9493918e2 -2.121573e0 -1.04698e1 -1.04698e1
9.9998958e2 -2.121573e0 -1.06747e1 -1.06747e1

5.0e2 -1.919562e0 1.15509e1 1.15509e1
5.050504e2 -1.919562e0 1.13655e1 1.13655e1
5.101008e2 -1.919562e0 1.11801e1 1.11801e1
5.151512e2 -1.919562e0 1.09947e1 1.09947e1
5.202016e2 -1.919562e0 1.08093e1 1.08093e1
5.25252e2 -1.919562e0 1.0624e1 1.0624e1
5.303024e2 -1.919562e0 1.04385e1 1.04385e1
5.353528e2 -1.919562e0 1.02531e1 1.02531e1
5.404032e2 -1.919562e0 1.00677e1 1.00677e1
5.454536e2 -1.919562e0 9.88248e0 9.88248e0
5.50504e2 -1.919562e0 9.6971e0 9.6971e0
5.555544e2 -1.919562e0 9.51172e0 9.51172e0
5.606048e2 -1.919562e0 9.32632e0 9.32632e0
5.656552e2 -1.919562e0 9.14095e0 9.14095e0
5.707056e2 -1.919562e0 8.95557e0 8.95557e0
5.75756e2 -1.919562e0 8.77019e0 8.77019e0
5.808064e2 -1.919562e0 8.58481e0 8.58481e0
5.858568e2 -1.919562e0 8.39943e0 8.39943e0
5.909072e2 -1.919562e0 8.21405e0 8.21405e0
5.959576e2 -1.919562e0 8.02866e0 8.02866e0
6.01008e2 -1.919562e0 7.84328e0 7.84328e0
6.060584e2 -1.919562e0 7.6579e0 7.6579e0
6.111088e2 -1.919562e0 7.47252e0 7.47252e0
6.161592e2 -1.919562e0 7.28714e0 7.28714e0
6.212096e2 -1.919562e0 7.10176e0 7.10176e0
6.2626e2 -1.919562e0 6.91637e0 6.91637e0
6.313104e2 -1.919562e0 6.73099e0 6.73099e0
6.363608e2 -1.919562e0 6.54561e0 6.54561e0
6.414112e2 -1.919562e0 6.36023e0 6.36023e0
6.464616e2 -1.919562e0 6.17485e0 6.17485e0
6.51512e2 -1.919562e0 5.98947e0 5.98947e0
6.565624e2 -1.919562e0 5.8041e0 5.8041e0
6.616128e2 -1.919562e0 5.61871e0 5.61871e0
6.666632e2 -1.919562e0 5.43333e0 5.43333e0
6.717136e2 -1.919562e0 5.24796e0 5.24796e0
6.7676399e2 -1.919562e0 5.06256e0 5.06256e0
6.8181439e2 -1.919562e0 4.87718e0 4.87718e0
6.8686479e2 -1.919562e0 4.6918e0 4.6918e0
6.9191519e2 -1.919562e0 4.50642e0 4.50642e0
6.9696559e2 -1.919562e0 4.32104e0 4.32104e0
7.0201599e2 -1.919562e0 4.13567e0 4.13567e0
7.0706639e2 -1.919562e0 3.95029e0 3.95029e0
7.1211679e2 -1.919562e0 3.7649e0 3.7649e0
7.1716719e2 -1.919562e0 3.57951e0 3.57951e0
7.2221759e2 -1.919562e0 3.39413e0 3.39413e0
7.2726799e2 -1.919562e0 3.20876e0 3.20876e0
7.3231839e2 -1.919562e0 3.02338e0 3.02338e0
7.3736879e2 -1.919562e0 2.838e0 2.838e0
7.4241919e2 -1.919562e0 2.65262e0 2.65262e0
7.4746959e2 -1.919562e0 2.46722e0 2.46722e0
7.5251999e2 -1.919562e0 2.28185e0 2.28185e0
7.5757039e2 -1.919562e0 2.09647e0 2.09647e0
7.6262079e2 -1.919562e0 1.91109e0 1.91109e0
7.6767119e2 -1.919562e0 1.72571e0 1.72571e0
7.7272159e2 -1.919562e0 1.54033e0 1.54033e0
7.7777199e2 -1.919562e0 1.35493e0 1.35493e0
7.8282239e2 -1.919562e0 1.16956e0 1.16956e0
7.8787279e2 -1.919562e0 9.84189e-1 9.84189e-1
7.9292319e2 -1.919562e0 7.9881e-1 7.9881e-1
7.9797359e2 -1.919562e0 6.13425e-1 6.13425e-1
8.0302399e2 -1.919562e0 4.28046e-1 4.28046e-1
8.0807439e2 -1.919562e0 2.42664e-1 2.42664e-1
8.1312479e2 -1.919562e0 5.728e-2 5.728e-2
8.1817519e2 -1.919562e0 -1.28099e-1 -1.28099e-1
8.2322559e2 -1.919562e0 -3.13477e-1 -3.13477e-1
8.2827599e2 -1.919562e0 -4.98862e-1 -4.98862e-1
8.3332639e2 -1.919562e0 -6.8424e-1 -6.8424e-1
8.3837679e2 -1.919562e0 -8.69623e-1 -8.69623e-1
8.4342719e2 -1.919562e0 -1.055e0 -1.055e0
8.4847758e2 -1.919562e0 -1.24039e0 -1.24039e0
8.5352798e2 -1.919562e0 -1.42577e0 -1.42577e0
8.5857838e2 -1.919562e0 -1.61115e0 -1.61115e0
8.6362878e2 -1.919562e0 -1.79652e0 -1.79652e0
8.6867918e2 -1.919562e0 -1.9819e0 -1.9819e0
8.7372958e2 -1.919562e0 -2.16728e0 -2.16728e0
8.7877998e2 -1.919562e0 -2.35266e0 -2.35266e0
8.8383038e2 -1.919562e0 -2.53804e0 -2.53804e0
8.8888078e2 -1.919562e0 -2.72342e0 -2.72342e0
8.9393118e2 -1.919562e0 -2.9088e0 -2.9088e0
8.9898158e2 -1.919562e0 -3.0942e0 -3.0942e0
9.0403198e2 -1.919562e0 -3.27957e0 -3.27957e0
9.0908238e2 -1.919562e0 -3.46495e0 -3.46495e0
9.1413278e2 -1.919562e0 -3.65033e0 -3.65033e0
9.1918318e2 -1.919562e0 -3.83571e0 -3.83571e0
9.2423358e2 -1.919562e0 -4.02109e0 -4.02109e0
9.2928398e2 -1.919562e0 -4.20647e0 -4.20647e0
9.3433438e2 -1.919562e0 -4.39186e0 -4.39186e0
9.3938478e2 -1.919562e0 -4.57724e0 -4.57724e0
9.4443518e2 -1.919562e0 -4.76262e0 -4.76262e0
9.4948558e2 -1.919562e0 -4.948e0 -4.948e0
9.5453598e2 -1.919562e0 -5.13338e0 -5.13338e0
9.5958638e2 -1.919562e0 -5.31876e0 -5.31876e0
9.6463678e2 -1.919562e0 -5.50415e0 -5.50415e0
9.6968718e2 -1.919562e0 -5.68953e0 -5.68953e0
9.7473758e2 -1.919562e0 -5.87491e0 -5.87491e0
9.7978798e2 -1.919562e0 -6.06029e0 -6.06029e0
9.8483838e2 -1.919562e0 -6.24567e0 -6.24567e0
9.8988878e2 -1.919562e0 -6.43105e0 -6.43105e0
9.9493918e2 -1.919562e0 -6.61642e0 -6.61642e0
9.9998958e2 -1.919562e0 -6.80182e0 -6.80182e0

5.0e2 -1.717552e0 1.34924e1 1.34924e1
5.050504e2 -1.717552e0 1.33266e1 1.33266e1
5.101008e2 -1.717552e0 1.31606e1 1.31606e1
5.151512e2 -1.717552e0 1.29947e1 1.29947e1
5.202016e2 -1.717552e0 1.28288e1 1.28288e1
5.25252e2 -1.717552e0 1.2663e1 1.2663e1
5.303024e2 -1.717552e0 1.24971e1 1.24971e1
5.353528e2 -1.717552e0 1.23312e1 1.23312e1
5.404032e2 -1.717552e0 1.21654e1 1.21654e1
5.454536e2 -1.717552e0 1.19995e1 1.19995e1
5.50504e2 -1.717552e0 1.18336e1 1.18336e1
5.555544e2 -1.717552e0 1.16678e1 1.16678e1
5.606048e2 -1.717552e0 1.15019e1 1.15019e1
5.656552e2 -1.717552e0 1.1336e1 1.1336e1
5.707056e2 -1.717552e0 1.11702e1 1.11702e1
5.75756e2 -1.717552e0 1.10043e1 1.10043e1
5.808064e2 -1.717552e0 1.08385e1 1.08385e1
5.858568e2 -1.717552e0 1.06726e1 1.06726e1
5.909072e2 -1.717552e0 1.05067e1 1.05067e1
5.959576e2 -1.717552e0 1.03407e1 1.03407e1
6.01008e2 -1.717552e0 1.01749e1 1.01749e1
6.060584e2 -1.717552e0 1.0009e1 1.0009e1
6.111088e2 -1.717552e0 9.84325e0 9.84325e0
6.161592e2 -1.717552e0 9.67737e0 9.67737e0
6.212096e2 -1.717552e0 9.5115e0 9.5115e0
6.2626e2 -1.717552e0 9.34563e0 9.34563e0
6.313104e2 -1.717552e0 9.17975e0 9.17975e0
6.363608e2 -1.717552e0 9.01389e0 9.01389e0
6.414112e2 -1.717552e0 8.848e0 8.848e0
6.464616e2 -1.717552e0 8.68214e0 8.68214e0
6.51512e2 -1.717552e0 8.51627e0 8.51627e0
6.565624e2 -1.717552e0 8.3504e0 8.3504e0
6.616128e2 -1.717552e0 8.18452e0 8.18452e0
6.666632e2 -1.717552e0 8.01865e0 8.01865e0
6.717136e2 -1.717552e0 7.85278e0 7.85278e0
6.7676399e2 -1.717552e0 7.6869e0 7.6869e0
6.8181439e2 -1.717552e0 7.52104e0 7.52104e0
6.8686479e2 -1.717552e0 7.35516e0 7.35516e0
6.9191519e2 -1.717552e0 7.1893e0 7.1893e0
6.9696559e2 -1.717552e0 7.02342e0 7.02342e0
7.0201599e2 -1.717552e0 6.85754e0 6.85754e0
7.0706639e2 -1.717552e0 6.69168e0 6.69168e0
7.1211679e2 -1.717552e0 6.5258e0 6.5258e0
7.1716719e2 -1.717552e0 6.35992e0 6.35992e0
7.2221759e2 -1.717552e0 6.19406e0 6.19406e0
7.2726799e2 -1.717552e0 6.02818e0 6.02818e0
7.3231839e2 -1.717552e0 5.86232e0 5.86232e0
7.3736879e2 -1.717552e0 5.69644e0 5.69644e0
7.4241919e2 -1.717552e0 5.53058e0 5.53058e0
7.4746959e2 -1.717552e0 5.3647e0 5.3647e0
7.5251999e2 -1.717552e0 5.19882e0 5.19882e0
7.5757039e2 -1.717552e0 5.03296e0 5.03296e0
7.6262079e2 -1.717552e0 4.86708e0 4.86708e0
7.6767119e2 -1.717552e0 4.7012e0 4.7012e0
7.7272159e2 -1.717552e0 4.53534e0 4.53534e0
7.7777199e2 -1.717552e0 4.36946e0 4.36946e0
7.8282239e2 -1.717552e0 4.2036e0 4.2036e0
7.8787279e2 -1.717552e0 4.03772e0 4.03772e0
7.9292319e2 -1.717552e0 3.87186e0 3.87186e0
7.9797359e2 -1.717552e0 3.70598e0 3.70598e0
8.0302399e2 -1.717552e0 3.5401e0 3.5401e0
8.0807439e2 -1.717552e0 3.37424e0 3.37424e0
8.1312479e2 -1.717552e0 3.20836e0 3.20836e0
8.1817519e2 -1.717552e0 3.04248e0 3.04248e0
8.2322559e2 -1.717552e0 2.87662e0 2.87662e0
8.2827599e2 -1.717552e0 2.71074e0 2.71074e0
8.3332639e2 -1.717552e0 2.54488e0 2.54488e0
8.3837679e2 -1.717552e0 2.379e0 2.379e0
8.4342719e2 -1.717552e0 2.21313e0 2.21313e0
8.4847758e2 -1.717552e0 2.04726e0 2.04726e0
8.5352798e2 -1.717552e0 1.88138e0 1.88138e0
8.5857838e2 -1.717552e0 1.71552e0 1.71552e0
8.6362878e2 -1.717552e0 1.54964e0 1.54964e0
8.6867918e2 -1.717552e0 1.38376e0 1.38376e0
8.7372958e2 -1.717552e0 1.2179e0 1.2179e0
8.7877998e2 -1.717552e0 1.05202e0 1.05202e0
8.8383038e2 -1.717552e0 8.86156e-1 8.86156e-1
8.8888078e2 -1.717552e0 7.20285e-1 7.20285e-1
8.9393118e2 -1.717552e0 5.54413e-1 5.54413e-1
8.9898158e2 -1.717552e0 3.88538e-1 3.88538e-1
9.0403198e2 -1.717552e0 2.22667e-1 2.22667e-1
9.0908238e2 -1.717552e0 5.6798e-2 5.6798e-2
9.1413278e2 -1.717552e0 -1.09079e-1 -1.09079e-1
9.1918318e2 -1.717552e0 -2.74947e-1 -2.74947e-1
9.2423358e2 -1.717552e0 -4.40819e-1 -4.40819e-1
9.2928398e2 -1.717552e0 -6.06691e-1 -6.06691e-1
9.3433438e2 -1.717552e0 -7.72565e-1 -7.72565e-1
9.3938478e2 -1.717552e0 -9.38437e-1 -9.38437e-1
9.4443518e2 -1.717552e0 -1.1043e0 -1.1043e0
9.4948558e2 -1.717552e0 -1.27017e0 -1.27017e0
9.5453598e2 -1.717552e0 -1.43605e0 -1.43605e0
9.5958638e2 -1.717552e0 -1.60191e0 -1.60191e0
9.6463678e2 -1.717552e0 -1.76779e0 -1.76779e0
9.6968718e2 -1.717552e0 -1.93367e0 -1.93367e0
9.7473758e2 -1.717552e0 -2.09953e0 -2.09953e0
9.7978798e2 -1.717552e0 -2.26541e0 -2.26541e0
9.8483838e2 -1.717552e0 -2.43127e0 -2.43127e0
9.8988878e2 -1.717552e0 -2.59715e0 -2.59715e0
9.9493918e2 -1.717552e0 -2.76302e0 -2.76302e0
9.9998958e2 -1.717552e0 -2.9289e0 -2.9289e0

5.0e2 -1.515541e0 1.5434e1 1.5434e1
5.050504e2 -1.515541e0 1.52876e1 1.52876e1
5.101008e2 -1.515541e0 1.51411e1 1.51411e1
5.151512e2 -1.515541e0 1.49948e1 1.49948e1
5.202016e2 -1.515541e0 1.48485e1 1.48485e1
5.25252e2 -1.515541e0 1.47021e1 1.47021e1
5.303024e2 -1.515541e0 1.45558e1 1.45558e1
5.353528e2 -1.515541e0 1.44093e1 1.44093e1
5.404032e2 -1.515541e0 1.4263e1 1.4263e1
5.454536e2 -1.515541e0 1.41167e1 1.41167e1
5.50504e2 -1.515541e0 1.39703e1 1.39703e1
5.555544e2 -1.515541e0 1.38239e1 1.38239e1
5.606048e2 -1.515541e0 1.36775e1 1.36775e1
5.656552e2 -1.515541e0 1.35312e1 1.35312e1
5.707056e2 -1.515541e0 1.33849e1 1.33849e1
5.75756e2 -1.515541e0 1.32385e1 1.32385e1
5.808064e2 -1.515541e0 1.3092e1 1.3092e1
5.858568e2 -1.515541e0 1.29457e1 1.29457e1
5.909072e2 -1.515541e0 1.27994e1 1.27994e1
5.959576e2 -1.515541e0 1.2653e1 1.2653e1
6.01008e2 -1.515541e0 1.25067e1 1.25067e1
6.060584e2 -1.515541e0 1.23602e1 1.23602e1
6.111088e2 -1.515541e0 1.22139e1 1.22139e1
6.161592e2 -1.515541e0 1.20676e1 1.20676e1
6.212096e2 -1.515541e0 1.19212e1 1.19212e1
6.2626e2 -1.515541e0 1.17749e1 1.17749e1
6.313104e2 -1.515541e0 1.16284e1 1.16284e1
6.363608e2 -1.515541e0 1.14821e1 1.14821e1
6.414112e2 -1.515541e0 1.13358e1 1.13358e1
6.464616e2 -1.515541e0 1.11894e1 1.11894e1
6.51512e2 -1.515541e0 1.10431e1 1.10431e1
6.565624e2 -1.515541e0 1.08966e1 1.08966e1
6.616128e2 -1.515541e0 1.07503e1 1.07503e1
6.666632e2 -1.515541e0 1.0604e1 1.0604e1
6.717136e2 -1.515541e0 1.04576e1 1.04576e1
6.7676399e2 -1.515541e0 1.03113e1 1.03113e1
6.8181439e2 -1.515541e0 1.01648e1 1.01648e1
6.8686479e2 -1.515541e0 1.00185e1 1.00185e1
6.9191519e2 -1.515541e0 9.8722e0 9.8722e0
6.9696559e2 -1.515541e0 9.72583e0 9.72583e0
7.0201599e2 -1.515541e0 9.57947e0 9.57947e0
7.0706639e2 -1.515541e0 9.4331e0 9.4331e0
7.1211679e2 -1.515541e0 9.28674e0 9.28674e0
7.1716719e2 -1.515541e0 9.14038e0 9.14038e0
7.2221759e2 -1.515541e0 8.99402e0 8.99402e0
7.2726799e2 -1.515541e0 8.84766e0 8.84766e0
7.3231839e2 -1.515541e0 8.70128e0 8.70128e0
7.3736879e2 -1.515541e0 8.55492e0 8.55492e0
7.4241919e2 -1.515541e0 8.40857e0 8.40857e0
7.4746959e2 -1.515541e0 8.26219e0 8.26219e0
7.5251999e2 -1.515541e0 8.11583e0 8.11583e0
7.5757039e2 -1.515541e0 7.96947e0 7.96947e0
7.6262079e2 -1.515541e0 7.8231e0 7.8231e0
7.6767119e2 -1.515541e0 7.67674e0 7.67674e0
7.7272159e2 -1.515541e0 7.53038e0 7.53038e0
7.7777199e2 -1.515541e0 7.38402e0 7.38402e0
7.8282239e2 -1.515541e0 7.23766e0 7.23766e0
7.8787279e2 -1.515541e0 7.0913e0 7.0913e0
7.9292319e2 -1.515541e0 6.94493e0 6.94493e0
7.9797359e2 -1.515541e0 6.79857e0 6.79857e0
8.0302399e2 -1.515541e0 6.6522e0 6.6522e0
8.0807439e2 -1.515541e0 6.50584e0 6.50584e0
8.1312479e2 -1.515541e0 6.35948e0 6.35948e0
8.1817519e2 -1.515541e0 6.21312e0 6.21312e0
8.2322559e2 -1.515541e0 6.06676e0 6.06676e0
8.2827599e2 -1.515541e0 5.9204e0 5.9204e0
8.3332639e2 -1.515541e0 5.77403e0 5.77403e0
8.3837679e2 -1.515541e0 5.62767e0 5.62767e0
8.4342719e2 -1.515541e0 5.48131e0 5.48131e0
8.4847758e2 -1.515541e0 5.33493e0 5.33493e0
8.5352798e2 -1.515541e0 5.18857e0 5.18857e0
8.5857838e2 -1.515541e0 5.04222e0 5.04222e0
8.6362878e2 -1.515541e0 4.89584e0 4.89584e0
8.6867918e2 -1.515541e0 4.74948e0 4.74948e0
8.7372958e2 -1.515541e0 4.60312e0 4.60312e0
8.7877998e2 -1.515541e0 4.45676e0 4.45676e0
8.8383038e2 -1.515541e0 4.3104e0 4.3104e0
8.8888078e2 -1.515541e0 4.16403e0 4.16403e0
8.9393118e2 -1.515541e0 4.01767e0 4.01767e0
8.9898158e2 -1.515541e0 3.8713e0 3.8713e0
9.0403198e2 -1.515541e0 3.72495e0 3.72495e0
9.0908238e2 -1.515541e0 3.57858e0 3.57858e0
9.1413278e2 -1.515541e0 3.43222e0 3.43222e0
9.1918318e2 -1.515541e0 3.28586e0 3.28586e0
9.2423358e2 -1.515541e0 3.1395e0 3.1395e0
9.2928398e2 -1.515541e0 2.99313e0 2.99313e0
9.3433438e2 -1.515541e0 2.84677e0 2.84677e0
9.3938478e2 -1.515541e0 2.70041e0 2.70041e0
9.4443518e2 -1.515541e0 2.55405e0 2.55405e0
9.4948558e2 -1.515541e0 2.40768e0 2.40768e0
9.5453598e2 -1.515541e0 2.26132e0 2.26132e0
9.5958638e2 -1.515541e0 2.11496e0 2.11496e0
9.6463678e2 -1.515541e0 1.96858e0 1.96858e0
9.6968718e2 -1.515541e0 1.82222e0 1.82222e0
9.7473758e2 -1.515541e0 1.67587e0 1.67587e0
9.7978798e2 -1.515541e0 1.5295e0 1.5295e0
9.8483838e2 -1.515541e0 1.38313e0 1.38313e0
9.8988878e2 -1.515541e0 1.23677e0 1.23677e0
9.9493918e2 -1.515541e0 1.09041e0 1.09041e0
9.9998958e2 -1.515541e0 9.44054e-1 9.44054e-1

5.0e2 -1.31353e0 1.73755e1 1.73755e1
5.050504e2 -1.31353e0 1.72487e1 1.72487e1
5.101008e2 -1.31353e0 1.71217e1 1.71217e1
5.151512e2 -1.31353e0 1.6995e1 1.6995e1
5.202016e2 -1.31353e0 1.68681e1 1.68681e1
5.25252e2 -1.31353e0 1.67412e1 1.67412e1
5.303024e2 -1.31353e0 1.66144e1 1.66144e1
5.353528e2 -1.31353e0 1.64874e1 1.64874e1
5.404032e2 -1.31353e0 1.63606e1 1.63606e1
5.454536e2 -1.31353e0 1.62338e1 1.62338e1
5.50504e2 -1.31353e0 1.61069e1 1.61069e1
5.555544e2 -1.31353e0 1.598e1 1.598e1
5.606048e2 -1.31353e0 1.58533e1 1.58533e1
5.656552e2 -1.31353e0 1.57263e1 1.57263e1
5.707056e2 -1.31353e0 1.55995e1 1.55995e1
5.75756e2 -1.31353e0 1.54727e1 1.54727e1
5.808064e2 -1.31353e0 1.53458e1 1.53458e1
5.858568e2 -1.31353e0 1.5219e1 1.5219e1
5.909072e2 -1.31353e0 1.50922e1 1.50922e1
5.959576e2 -1.31353e0 1.49652e1 1.49652e1
6.01008e2 -1.31353e0 1.48384e1 1.48384e1
6.060584e2 -1.31353e0 1.47116e1 1.47116e1
6.111088e2 -1.31353e0 1.45847e1 1.45847e1
6.161592e2 -1.31353e0 1.44579e1 1.44579e1
6.212096e2 -1.31353e0 1.4331e1 1.4331e1
6.2626e2 -1.31353e0 1.42041e1 1.42041e1
6.313104e2 -1.31353e0 1.40773e1 1.40773e1
6.363608e2 -1.31353e0 1.39503e1 1.39503e1
6.414112e2 -1.31353e0 1.38235e1 1.38235e1
6.464616e2 -1.31353e0 1.36967e1 1.36967e1
6.51512e2 -1.31353e0 1.35698e1 1.35698e1
6.565624e2 -1.31353e0 1.3443e1 1.3443e1
6.616128e2 -1.31353e0 1.33162e1 1.33162e1
6.666632e2 -1.31353e0 1.31892e1 1.31892e1
6.717136e2 -1.31353e0 1.30624e1 1.30624e1
6.7676399e2 -1.31353e0 1.29356e1 1.29356e1
6.8181439e2 -1.31353e0 1.28087e1 1.28087e1
6.8686479e2 -1.31353e0 1.26819e1 1.26819e1
6.9191519e2 -1.31353e0 1.25551e1 1.25551e1
6.9696559e2 -1.31353e0 1.24281e1 1.24281e1
7.0201599e2 -1.31353e0 1.23013e1 1.23013e1
7.0706639e2 -1.31353e0 1.21745e1 1.21745e1
7.1211679e2 -1.31353e0 1.20476e1 1.20476e1
7.1716719e2 -1.31353e0 1.19208e1 1.19208e1
7.2221759e2 -1.31353e0 1.1794e1 1.1794e1
7.2726799e2 -1.31353e0 1.1667e1 1.1667e1
7.3231839e2 -1.31353e0 1.15402e1 1.15402e1
7.3736879e2 -1.31353e0 1.14133e1 1.14133e1
7.4241919e2 -1.31353e0 1.12865e1 1.12865e1
7.4746959e2 -1.31353e0 1.11597e1 1.11597e1
7.5251999e2 -1.31353e0 1.10327e1 1.10327e1
7.5757039e2 -1.31353e0 1.09059e1 1.09059e1
7.6262079e2 -1.31353e0 1.07791e1 1.07791e1
7.6767119e2 -1.31353e0 1.06522e1 1.06522e1
7.7272159e2 -1.31353e0 1.05254e1 1.05254e1
7.7777199e2 -1.31353e0 1.03986e1 1.03986e1
7.8282239e2 -1.31353e0 1.02716e1 1.02716e1
7.8787279e2 -1.31353e0 1.01448e1 1.01448e1
7.9292319e2 -1.31353e0 1.0018e1 1.0018e1
7.9797359e2 -1.31353e0 9.89116e0 9.89116e0
8.0302399e2 -1.31353e0 9.76431e0 9.76431e0
8.0807439e2 -1.31353e0 9.63745e0 9.63745e0
8.1312479e2 -1.31353e0 9.5106e0 9.5106e0
8.1817519e2 -1.31353e0 9.38374e0 9.38374e0
8.2322559e2 -1.31353e0 9.2569e0 9.2569e0
8.2827599e2 -1.31353e0 9.13004e0 9.13004e0
8.3332639e2 -1.31353e0 9.00319e0 9.00319e0
8.3837679e2 -1.31353e0 8.87633e0 8.87633e0
8.4342719e2 -1.31353e0 8.74948e0 8.74948e0
8.4847758e2 -1.31353e0 8.62262e0 8.62262e0
8.5352798e2 -1.31353e0 8.49577e0 8.49577e0
8.5857838e2 -1.31353e0 8.36891e0 8.36891e0
8.6362878e2 -1.31353e0 8.24207e0 8.24207e0
8.6867918e2 -1.31353e0 8.1152e0 8.1152e0
8.7372958e2 -1.31353e0 7.98836e0 7.98836e0
8.7877998e2 -1.31353e0 7.8615e0 7.8615e0
8.8383038e2 -1.31353e0 7.73465e0 7.73465e0
8.8888078e2 -1.31353e0 7.60779e0 7.60779e0
8.9393118e2 -1.31353e0 7.48094e0 7.48094e0
8.9898158e2 -1.31353e0 7.35408e0 7.35408e0
9.0403198e2 -1.31353e0 7.22723e0 7.22723e0
9.0908238e2 -1.31353e0 7.10037e0 7.10037e0
9.1413278e2 -1.31353e0 6.97353e0 6.97353e0
9.1918318e2 -1.31353e0 6.84666e0 6.84666e0
9.2423358e2 -1.31353e0 6.71982e0 6.71982e0
9.2928398e2 -1.31353e0 6.59297e0 6.59297e0
9.3433438e2 -1.31353e0 6.46611e0 6.46611e0
9.3938478e2 -1.31353e0 6.33925e0 6.33925e0
9.4443518e2 -1.31353e0 6.2124e0 6.2124e0
9.4948558e2 -1.31353e0 6.08554e0 6.08554e0
9.5453598e2 -1.31353e0 5.9587e0 5.9587e0
9.5958638e2 -1.31353e0 5.83185e0 5.83185e0
9.6463678e2 -1.31353e0 5.70499e0 5.70499e0
9.6968718e2 -1.31353e0 5.57814e0 5.57814e0
9.7473758e2 -1.31353e0 5.45128e0 5.45128e0
9.7978798e2 -1.31353e0 5.32442e0 5.32442e0
9.8483838e2 -1.31353e0 5.19757e0 5.19757e0
9.8988878e2 -1.31353e0 5.07072e0 5.07072e0
9.9493918e2 -1.31353e0 4.94386e0 4.94386e0
9.9998958e2 -1.31353e0 4.81702e0 4.81702e0

5.0e2 -1.111519e0 1.9317e1 1.9317e1
5.050504e2 -1.111519e0 1.92096e1 1.92096e1
5.101008e2 -1.111519e0 1.91023e1 1.91023e1
5.151512e2 -1.111519e0 1.8995e1 1.8995e1
5.202016e2 -1.111519e0 1.88876e1 1.88876e1
5.25252e2 -1.111519e0 1.87802e1 1.87802e1
5.303024e2 -1.111519e0 1.8673e1 1.8673e1
5.353528e2 -1.111519e0 1.85657e1 1.85657e1
5.404032e2 -1.111519e0 1.84583e1 1.84583e1
5.454536e2 -1.111519e0 1.8351e1 1.8351e1
5.50504e2 -1.111519e0 1.82436e1 1.82436e1
5.555544e2 -1.111519e0 1.81363e1 1.81363e1
5.606048e2 -1.111519e0 1.80289e1 1.80289e1
5.656552e2 -1.111519e0 1.79216e1 1.79216e1
5.707056e2 -1.111519e0 1.78142e1 1.78142e1
5.75756e2 -1.111519e0 1.77069e1 1.77069e1
5.808064e2 -1.111519e0 1.75995e1 1.75995e1
5.858568e2 -1.111519e0 1.74922e1 1.74922e1
5.909072e2 -1.111519e0 1.73848e1 1.73848e1
5.959576e2 -1.111519e0 1.72775e1 1.72775e1
6.01008e2 -1.111519e0 1.71701e1 1.71701e1
6.060584e2 -1.111519e0 1.70628e1 1.70628e1
6.111088e2 -1.111519e0 1.69554e1 1.69554e1
6.161592e2 -1.111519e0 1.68481e1 1.68481e1
6.212096e2 -1.111519e0 1.67407e1 1.67407e1
6.2626e2 -1.111519e0 1.66335e1 1.66335e1
6.313104e2 -1.111519e0 1.6526e1 1.6526e1
6.363608e2 -1.111519e0 1.64188e1 1.64188e1
6.414112e2 -1.111519e0 1.63113e1 1.63113e1
6.464616e2 -1.111519e0 1.6204e1 1.6204e1
6.51512e2 -1.111519e0 1.60966e1 1.60966e1
6.565624e2 -1.111519e0 1.59894e1 1.59894e1
6.616128e2 -1.111519e0 1.5882e1 1.5882e1
6.666632e2 -1.111519e0 1.57747e1 1.57747e1
6.717136e2 -1.111519e0 1.56673e1 1.56673e1
6.7676399e2 -1.111519e0 1.556e1 1.556e1
6.8181439e2 -1.111519e0 1.54526e1 1.54526e1
6.8686479e2 -1.111519e0 1.53453e1 1.53453e1
6.9191519e2 -1.111519e0 1.52379e1 1.52379e1
6.9696559e2 -1.111519e0 1.51306e1 1.51306e1
7.0201599e2 -1.111519e0 1.50232e1 1.50232e1
7.0706639e2 -1.111519e0 1.4916e1 1.4916e1
7.1211679e2 -1.111519e0 1.48085e1 1.48085e1
7.1716719e2 -1.111519e0 1.47012e1 1.47012e1
7.2221759e2 -1.111519e0 1.45938e1 1.45938e1
7.2726799e2 -1.111519e0 1.44865e1 1.44865e1
7.3231839e2 -1.111519e0 1.43791e1 1.43791e1
7.3736879e2 -1.111519e0 1.42719e1 1.42719e1
7.4241919e2 -1.111519e0 1.41644e1 1.41644e1
7.4746959e2 -1.111519e0 1.40572e1 1.40572e1
7.5251999e2 -1.111519e0 1.39497e1 1.39497e1
7.5757039e2 -1.111519e0 1.38425e1 1.38425e1
7.6262079e2 -1.111519e0 1.3735e1 1.3735e1
7.6767119e2 -1.111519e0 1.36278e1 1.36278e1
7.7272159e2 -1.111519e0 1.35204e1 1.35204e1
7.7777199e2 -1.111519e0 1.34131e1 1.34131e1
7.8282239e2 -1.111519e0 1.33057e1 1.33057e1
7.8787279e2 -1.111519e0 1.31984e1 1.31984e1
7.9292319e2 -1.111519e0 1.3091e1 1.3091e1
7.9797359e2 -1.111519e0 1.29837e1 1.29837e1
8.0302399e2 -1.111519e0 1.28763e1 1.28763e1
8.0807439e2 -1.111519e0 1.2769e1 1.2769e1
8.1312479e2 -1.111519e0 1.26616e1 1.26616e1
8.1817519e2 -1.111519e0 1.25543e1 1.25543e1
8.2322559e2 -1.111519e0 1.24469e1 1.24469e1
8.2827599e2 -1.111519e0 1.23396e1 1.23396e1
8.3332639e2 -1.111519e0 1.22322e1 1.22322e1
8.3837679e2 -1.111519e0 1.2125e1 1.2125e1
8.4342719e2 -1.111519e0 1.20175e1 1.20175e1
8.4847758e2 -1.111519e0 1.19102e1 1.19102e1
8.5352798e2 -1.111519e0 1.18028e1 1.18028e1
8.5857838e2 -1.111519e0 1.16956e1 1.16956e1
8.6362878e2 -1.111519e0 1.15881e1 1.15881e1
8.6867918e2 -1.111519e0 1.14809e1 1.14809e1
8.7372958e2 -1.111519e0 1.13734e1 1.13734e1
8.7877998e2 -1.111519e0 1.12662e1 1.12662e1
8.8383038e2 -1.111519e0 1.11588e1 1.11588e1
8.8888078e2 -1.111519e0 1.10515e1 1.10515e1
8.9393118e2 -1.111519e0 1.0944e1 1.0944e1
8.9898158e2 -1.111519e0 1.08368e1 1.08368e1
9.0403198e2 -1.111519e0 1.07294e1 1.07294e1
9.0908238e2 -1.111519e0 1.06221e1 1.06221e1
9.1413278e2 -1.111519e0 1.05147e1 1.05147e1
9.1918318e2 -1.111519e0 1.04074e1 1.04074e1
9.2423358e2 -1.111519e0 1.03001e1 1.03001e1
9.2928398e2 -1.111519e0 1.01927e1 1.01927e1
9.3433438e2 -1.111519e0 1.00854e1 1.00854e1
9.3938478e2 -1.111519e0 9.97809e0 9.97809e0
9.4443518e2 -1.111519e0 9.87074e0 9.87074e0
9.4948558e2 -1.111519e0 9.7634e0 9.7634e0
9.5453598e2 -1.111519e0 9.65605e0 9.65605e0
9.5958638e2 -1.111519e0 9.5487e0 9.5487e0
9.6463678e2 -1.111519e0 9.44136e0 9.44136e0
9.6968718e2 -1.111519e0 9.33401e0 9.33401e0
9.7473758e2 -1.111519e0 9.22668e0 9.22668e0
9.7978798e2 -1.111519e0 9.11934e0 9.11934e0
9.8483838e2 -1.111519e0 9.012e0 9.012e0
9.8988878e2 -1.111519e0 8.90465e0 8.90465e0
9.9493918e2 -1.111519e0 8.7973e0 8.7973e0
9.9998958e2 -1.111519e0 8.68996e0 8.68996e0

5.0e2 -9.09508e-1 2.12585e1 2.12585e1
5.050504e2 -9.09508e-1 2.11708e1 2.11708e1
5.101008e2 -9.09508e-1 2.10829e1 2.10829e1
5.151512e2 -9.09508e-1 2.0995e1 2.0995e1
5.202016e2 -9.09508e-1 2.09073e1 2.09073e1
5.25252e2 -9.09508e-1 2.08194e1 2.08194e1
5.303024e2 -9.09508e-1 2.07315e1 2.07315e1
5.353528e2 -9.09508e-1 2.06438e1 2.06438e1
5.404032e2 -9.09508e-1 2.05559e1 2.05559e1
5.454536e2 -9.09508e-1 2.0468e1 2.0468e1
5.50504e2 -9.09508e-1 2.03802e1 2.03802e1
5.555544e2 -9.09508e-1 2.02924e1 2.02924e1
5.606048e2 -9.09508e-1 2.02045e1 2.02045e1
5.656552e2 -9.09508e-1 2.01167e1 2.01167e1
5.707056e2 -9.09508e-1 2.00288e1 2.00288e1
5.75756e2 -9.09508e-1 1.99411e1 1.99411e1
5.808064e2 -9.09508e-1 1.98532e1 1.98532e1
5.858568e2 -9.09508e-1 1.97653e1 1.97653e1
5.909072e2 -9.09508e-1 1.96776e1 1.96776e1
5.959576e2 -9.09508e-1 1.95897e1 1.95897e1
6.01008e2 -9.09508e-1 1.95018e1 1.95018e1
6.060584e2 -9.09508e-1 1.9414e1 1.9414e1
6.111088e2 -9.09508e-1 1.93262e1 1.93262e1
6.161592e2 -9.09508e-1 1.92383e1 1.92383e1
6.212096e2 -9.09508e-1 1.91505e1 1.91505e1
6.2626e2 -9.09508e-1 1.90627e1 1.90627e1
6.313104e2 -9.09508e-1 1.89749e1 1.89749e1
6.363608e2 -9.09508e-1 1.8887e1 1.8887e1
6.414112e2 -9.09508e-1 1.87991e1 1.87991e1
6.464616e2 -9.09508e-1 1.87114e1 1.87114e1
6.51512e2 -9.09508e-1 1.86235e1 1.86235e1
6.565624e2 -9.09508e-1 1.85356e1 1.85356e1
6.616128e2 -9.09508e-1 1.84479e1 1.84479e1
6.666632e2 -9.09508e-1 1.836e1 1.836e1
6.717136e2 -9.09508e-1 1.82721e1 1.82721e1
6.7676399e2 -9.09508e-1 1.81844e1 1.81844e1
6.8181439e2 -9.09508e-1 1.80965e1 1.80965e1
6.8686479e2 -9.09508e-1 1.80087e1 1.80087e1
6.9191519e2 -9.09508e-1 1.79208e1 1.79208e1
6.9696559e2 -9.09508e-1 1.7833e1 1.7833e1
7.0201599e2 -9.09508e-1 1.77452e1 1.77452e1
7.0706639e2 -9.09508e-1 1.76573e1 1.76573e1
7.1211679e2 -9.09508e-1 1.75694e1 1.75694e1
7.1716719e2 -9.09508e-1 1.74817e1 1.74817e1
7.2221759e2 -9.09508e-1 1.73938e1 1.73938e1
7.2726799e2 -9.09508e-1 1.73059e1 1.73059e1
7.3231839e2 -9.09508e-1 1.72182e1 1.72182e1
7.3736879e2 -9.09508e-1 1.71303e1 1.71303e1
7.4241919e2 -9.09508e-1 1.70424e1 1.70424e1
7.4746959e2 -9.09508e-1 1.69547e1 1.69547e1
7.5251999e2 -9.09508e-1 1.68668e1 1.68668e1
7.5757039e2 -9.09508e-1 1.6779e1 1.6779e1
7.6262079e2 -9.09508e-1 1.66911e1 1.66911e1
7.6767119e2 -9.09508e-1 1.66032e1 1.66032e1
7.7272159e2 -9.09508e-1 1.65155e1 1.65155e1
7.7777199e2 -9.09508e-1 1.64276e1 1.64276e1
7.8282239e2 -9.09508e-1 1.63397e1 1.63397e1
7.8787279e2 -9.09508e-1 1.6252e1 1.6252e1
7.9292319e2 -9.09508e-1 1.61641e1 1.61641e1
7.9797359e2 -9.09508e-1 1.60762e1 1.60762e1
8.0302399e2 -9.09508e-1 1.59885e1 1.59885e1
8.0807439e2 -9.09508e-1 1.59006e1 1.59006e1
8.1312479e2 -9.09508e-1 1.58128e1 1.58128e1
8.1817519e2 -9.09508e-1 1.5725e1 1.5725e1
8.2322559e2 -9.09508e-1 1.5637e1 1.5637e1
8.2827599e2 -9.09508e-1 1.55493e1 1.55493e1
8.3332639e2 -9.09508e-1 1.54614e1 1.54614e1
8.3837679e2 -9.09508e-1 1.53735e1 1.53735e1
8.4342719e2 -9.09508e-1 1.52858e1 1.52858e1
8.4847758e2 -9.09508e-1 1.51979e1 1.51979e1
8.5352798e2 -9.09508e-1 1.511e1 1.511e1
8.5857838e2 -9.09508e-1 1.50223e1 1.50223e1
8.6362878e2 -9.09508e-1 1.49344e1 1.49344e1
8.6867918e2 -9.09508e-1 1.48466e1 1.48466e1
8.7372958e2 -9.09508e-1 1.47588e1 1.47588e1
8.7877998e2 -9.09508e-1 1.46709e1 1.46709e1
8.8383038e2 -9.09508e-1 1.45831e1 1.45831e1
8.8888078e2 -9.09508e-1 1.44952e1 1.44952e1
8.9393118e2 -9.09508e-1 1.44073e1 1.44073e1
8.9898158e2 -9.09508e-1 1.43196e1 1.43196e1
9.0403198e2 -9.09508e-1 1.42317e1 1.42317e1
9.0908238e2 -9.09508e-1 1.41438e1 1.41438e1
9.1413278e2 -9.09508e-1 1.40561e1 1.40561e1
9.1918318e2 -9.09508e-1 1.39682e1 1.39682e1
9.2423358e2 -9.09508e-1 1.38803e1 1.38803e1
9.2928398e2 -9.09508e-1 1.37926e1 1.37926e1
9.3433438e2 -9.09508e-1 1.37047e1 1.37047e1
9.3938478e2 -9.09508e-1 1.3617e1 1.3617e1
9.4443518e2 -9.09508e-1 1.3529e1 1.3529e1
9.4948558e2 -9.09508e-1 1.34412e1 1.34412e1
9.5453598e2 -9.09508e-1 1.33534e1 1.33534e1
9.5958638e2 -9.09508e-1 1.32655e1 1.32655e1
9.6463678e2 -9.09508e-1 1.31776e1 1.31776e1
9.6968718e2 -9.09508e-1 1.30899e1 1.30899e1
9.7473758e2 -9.09508e-1 1.3002e1 1.3002e1
9.7978798e2 -9.09508e-1 1.29141e1 1.29141e1
9.8483838e2 -9.09508e-1 1.28264e1 1.28264e1
9.8988878e2 -9.09508e-1 1.27385e1 1.27385e1
9.9493918e2 -9.09508e-1 1.26508e1 1.26508e1
9.9998958e2 -9.09508e-1 1.25629e1 1.25629e1

5.0e2 -7.07497e-1 2.32e1 2.32e1
5.050504e2 -7.07497e-1 2.31317e1 2.31317e1
5.101008e2 -7.07497e-1 2.30635e1 2.30635e1
5.151512e2 -7.07497e-1 2.29951e1 2.29951e1
5.202016e2 -7.07497e-1 2.29268e1 2.29268e1
5.25252e2 -7.07497e-1 2.28584e1 2.28584e1
5.303024e2 -7.07497e-1 2.27902e1 2.27902e1
5.353528e2 -7.07497e-1 2.27219e1 2.27219e1
5.404032e2 -7.07497e-1 2.26535e1 2.26535e1
5.454536e2 -7.07497e-1 2.25851e1 2.25851e1
5.50504e2 -7.07497e-1 2.25168e1 2.25168e1
5.555544e2 -7.07497e-1 2.24486e1 2.24486e1
5.606048e2 -7.07497e-1 2.23802e1 2.23802e1
5.656552e2 -7.07497e-1 2.23119e1 2.23119e1
5.707056e2 -7.07497e-1 2.22435e1 2.22435e1
5.75756e2 -7.07497e-1 2.21751e1 2.21751e1
5.808064e2 -7.07497e-1 2.2107e1 2.2107e1
5.858568e2 -7.07497e-1 2.20386e1 2.20386e1
5.909072e2 -7.07497e-1 2.19702e1 2.19702e1
5.959576e2 -7.07497e-1 2.19019e1 2.19019e1
6.01008e2 -7.07497e-1 2.18336e1 2.18336e1
6.060584e2 -7.07497e-1 2.17653e1 2.17653e1
6.111088e2 -7.07497e-1 2.1697e1 2.1697e1
6.161592e2 -7.07497e-1 2.16286e1 2.16286e1
6.212096e2 -7.07497e-1 2.15602e1 2.15602e1
6.2626e2 -7.07497e-1 2.1492e1 2.1492e1
6.313104e2 -7.07497e-1 2.14236e1 2.14236e1
6.363608e2 -7.07497e-1 2.13553e1 2.13553e1
6.414112e2 -7.07497e-1 2.1287e1 2.1287e1
6.464616e2 -7.07497e-1 2.12187e1 2.12187e1
6.51512e2 -7.07497e-1 2.11504e1 2.11504e1
6.565624e2 -7.07497e-1 2.1082e1 2.1082e1
6.616128e2 -7.07497e-1 2.10136e1 2.10136e1
6.666632e2 -7.07497e-1 2.09453e1 2.09453e1
6.717136e2 -7.07497e-1 2.0877e1 2.0877e1
6.7676399e2 -7.07497e-1 2.08087e1 2.08087e1
6.8181439e2 -7.07497e-1 2.07404e1 2.07404e1
6.8686479e2 -7.07497e-1 2.0672e1 2.0672e1
6.9191519e2 -7.07497e-1 2.06036e1 2.06036e1
6.9696559e2 -7.07497e-1 2.05354e1 2.05354e1
7.0201599e2 -7.07497e-1 2.0467e1 2.0467e1
7.0706639e2 -7.07497e-1 2.03987e1 2.03987e1
7.1211679e2 -7.07497e-1 2.03304e1 2.03304e1
7.1716719e2 -7.07497e-1 2.02621e1 2.02621e1
7.2221759e2 -7.07497e-1 2.01938e1 2.01938e1
7.2726799e2 -7.07497e-1 2.01254e1 2.01254e1
7.3231839e2 -7.07497e-1 2.0057e1 2.0057e1
7.3736879e2 -7.07497e-1 1.99887e1 1.99887e1
7.4241919e2 -7.07497e-1 1.99205e1 1.99205e1
7.4746959e2 -7.07497e-1 1.98521e1 1.98521e1
7.5251999e2 -7.07497e-1 1.97838e1 1.97838e1
7.5757039e2 -7.07497e-1 1.97154e1 1.97154e1
7.6262079e2 -7.07497e-1 1.9647e1 1.9647e1
7.6767119e2 -7.07497e-1 1.95789e1 1.95789e1
7.7272159e2 -7.07497e-1 1.95105e1 1.95105e1
7.7777199e2 -7.07497e-1 1.94421e1 1.94421e1
7.8282239e2 -7.07497e-1 1.93738e1 1.93738e1
7.8787279e2 -7.07497e-1 1.93056e1 1.93056e1
7.9292319e2 -7.07497e-1 1.92372e1 1.92372e1
7.9797359e2 -7.07497e-1 1.91689e1 1.91689e1
8.0302399e2 -7.07497e-1 1.91005e1 1.91005e1
8.0807439e2 -7.07497e-1 1.90321e1 1.90321e1
8.1312479e2 -7.07497e-1 1.8964e1 1.8964e1
8.1817519e2 -7.07497e-1 1.88956e1 1.88956e1
8.2322559e2 -7.07497e-1 1.88272e1 1.88272e1
8.2827599e2 -7.07497e-1 1.87589e1 1.87589e1
8.3332639e2 -7.07497e-1 1.86906e1 1.86906e1
8.3837679e2 -7.07497e-1 1.86223e1 1.86223e1
8.4342719e2 -7.07497e-1 1.8554e1 1.8554e1
8.4847758e2 -7.07497e-1 1.84856e1 1.84856e1
8.5352798e2 -7.07497e-1 1.84172e1 1.84172e1
8.5857838e2 -7.07497e-1 1.8349e1 1.8349e1
8.6362878e2 -7.07497e-1 1.82806e1 1.82806e1
8.6867918e2 -7.07497e-1 1.82123e1 1.82123e1
8.7372958e2 -7.07497e-1 1.81439e1 1.81439e1
8.7877998e2 -7.07497e-1 1.80756e1 1.80756e1
8.8383038e2 -7.07497e-1 1.80074e1 1.80074e1
8.8888078e2 -7.07497e-1 1.7939e1 1.7939e1
8.9393118e2 -7.07497e-1 1.78706e1 1.78706e1
8.9898158e2 -7.07497e-1 1.78023e1 1.78023e1
9.0403198e2 -7.07497e-1 1.7734e1 1.7734e1
9.0908238e2 -7.07497e-1 1.76657e1 1.76657e1
9.1413278e2 -7.07497e-1 1.75974e1 1.75974e1
9.1918318e2 -7.07497e-1 1.7529e1 1.7529e1
9.2423358e2 -7.07497e-1 1.74606e1 1.74606e1
9.2928398e2 -7.07497e-1 1.73924e1 1.73924e1
9.3433438e2 -7.07497e-1 1.7324e1 1.7324e1
9.3938478e2 -7.07497e-1 1.72557e1 1.72557e1
9.4443518e2 -7.07497e-1 1.71873e1 1.71873e1
9.4948558e2 -7.07497e-1 1.7119e1 1.7119e1
9.5453598e2 -7.07497e-1 1.70508e1 1.70508e1
9.5958638e2 -7.07497e-1 1.69824e1 1.69824e1
9.6463678e2 -7.07497e-1 1.6914e1 1.6914e1
9.6968718e2 -7.07497e-1 1.68457e1 1.68457e1
9.7473758e2 -7.07497e-1 1.67775e1 1.67775e1
9.7978798e2 -7.07497e-1 1.67091e1 1.67091e1
9.8483838e2 -7.07497e-1 1.66408e1 1.66408e1
9.8988878e2 -7.07497e-1 1.65724e1 1.65724e1
9.9493918e2 -7.07497e-1 1.6504e1 1.6504e1
9.9998958e2 -7.07497e-1 1.64359e1 1.64359e1

5.0e2 -5.05486e-1 2.51416e1 2.51416e1
5.050504e2 -5.05486e-1 2.50928e1 2.50928e1
5.101008e2 -5.05486e-1 2.50441e1 2.50441e1
5.151512e2 -5.05486e-1 2.49953e1 2.49953e1
5.202016e2 -5.05486e-1 2.49464e1 2.49464e1
5.25252e2 -5.05486e-1 2.48976e1 2.48976e1
5.303024e2 -5.05486e-1 2.48488e1 2.48488e1
5.353528e2 -5.05486e-1 2.48e1 2.48e1
5.404032e2 -5.05486e-1 2.47511e1 2.47511e1
5.454536e2 -5.05486e-1 2.47023e1 2.47023e1
5.50504e2 -5.05486e-1 2.46535e1 2.46535e1
5.555544e2 -5.05486e-1 2.46046e1 2.46046e1
5.606048e2 -5.05486e-1 2.45558e1 2.45558e1
5.656552e2 -5.05486e-1 2.4507e1 2.4507e1
5.707056e2 -5.05486e-1 2.44582e1 2.44582e1
5.75756e2 -5.05486e-1 2.44093e1 2.44093e1
5.808064e2 -5.05486e-1 2.43607e1 2.43607e1
5.858568e2 -5.05486e-1 2.43118e1 2.43118e1
5.909072e2 -5.05486e-1 2.4263e1 2.4263e1
5.959576e2 -5.05486e-1 2.42142e1 2.42142e1
6.01008e2 -5.05486e-1 2.41653e1 2.41653e1
6.060584e2 -5.05486e-1 2.41165e1 2.41165e1
6.111088e2 -5.05486e-1 2.40677e1 2.40677e1
6.161592e2 -5.05486e-1 2.40189e1 2.40189e1
6.212096e2 -5.05486e-1 2.397e1 2.397e1
6.2626e2 -5.05486e-1 2.39212e1 2.39212e1
6.313104e2 -5.05486e-1 2.38724e1 2.38724e1
6.363608e2 -5.05486e-1 2.38235e1 2.38235e1
6.414112e2 -5.05486e-1 2.37747e1 2.37747e1
6.464616e2 -5.05486e-1 2.37259e1 2.37259e1
6.51512e2 -5.05486e-1 2.36772e1 2.36772e1
6.565624e2 -5.05486e-1 2.36284e1 2.36284e1
6.616128e2 -5.05486e-1 2.35796e1 2.35796e1
6.666632e2 -5.05486e-1 2.35307e1 2.35307e1
6.717136e2 -5.05486e-1 2.34819e1 2.34819e1
6.7676399e2 -5.05486e-1 2.3433e1 2.3433e1
6.8181439e2 -5.05486e-1 2.33842e1 2.33842e1
6.8686479e2 -5.05486e-1 2.33354e1 2.33354e1
6.9191519e2 -5.05486e-1 2.32866e1 2.32866e1
6.9696559e2 -5.05486e-1 2.32378e1 2.32378e1
7.0201599e2 -5.05486e-1 2.3189e1 2.3189e1
7.0706639e2 -5.05486e-1 2.31401e1 2.31401e1
7.1211679e2 -5.05486e-1 2.30913e1 2.30913e1
7.1716719e2 -5.05486e-1 2.30424e1 2.30424e1
7.2221759e2 -5.05486e-1 2.29938e1 2.29938e1
7.2726799e2 -5.05486e-1 2.2945e1 2.2945e1
7.3231839e2 -5.05486e-1 2.28961e1 2.28961e1
7.3736879e2 -5.05486e-1 2.28473e1 2.28473e1
7.4241919e2 -5.05486e-1 2.27985e1 2.27985e1
7.4746959e2 -5.05486e-1 2.27496e1 2.27496e1
7.5251999e2 -5.05486e-1 2.27008e1 2.27008e1
7.5757039e2 -5.05486e-1 2.2652e1 2.2652e1
7.6262079e2 -5.05486e-1 2.26031e1 2.26031e1
7.6767119e2 -5.05486e-1 2.25543e1 2.25543e1
7.7272159e2 -5.05486e-1 2.25055e1 2.25055e1
7.7777199e2 -5.05486e-1 2.24567e1 2.24567e1
7.8282239e2 -5.05486e-1 2.24078e1 2.24078e1
7.8787279e2 -5.05486e-1 2.2359e1 2.2359e1
7.9292319e2 -5.05486e-1 2.23103e1 2.23103e1
7.9797359e2 -5.05486e-1 2.22615e1 2.22615e1
8.0302399e2 -5.05486e-1 2.22127e1 2.22127e1
8.0807439e2 -5.05486e-1 2.21638e1 2.21638e1
8.1312479e2 -5.05486e-1 2.2115e1 2.2115e1
8.1817519e2 -5.05486e-1 2.20662e1 2.20662e1
8.2322559e2 -5.05486e-1 2.20174e1 2.20174e1
8.2827599e2 -5.05486e-1 2.19685e1 2.19685e1
8.3332639e2 -5.05486e-1 2.19197e1 2.19197e1
8.3837679e2 -5.05486e-1 2.18709e1 2.18709e1
8.4342719e2 -5.05486e-1 2.1822e1 2.1822e1
8.4847758e2 -5.05486e-1 2.17732e1 2.17732e1
8.5352798e2 -5.05486e-1 2.17244e1 2.17244e1
8.5857838e2 -5.05486e-1 2.16756e1 2.16756e1
8.6362878e2 -5.05486e-1 2.16269e1 2.16269e1
8.6867918e2 -5.05486e-1 2.1578e1 2.1578e1
8.7372958e2 -5.05486e-1 2.15292e1 2.15292e1
8.7877998e2 -5.05486e-1 2.14804e1 2.14804e1
8.8383038e2 -5.05486e-1 2.14316e1 2.14316e1
8.8888078e2 -5.05486e-1 2.13828e1 2.13828e1
8.9393118e2 -5.05486e-1 2.13339e1 2.13339e1
8.9898158e2 -5.05486e-1 2.12851e1 2.12851e1
9.0403198e2 -5.05486e-1 2.12363e1 2.12363e1
9.0908238e2 -5.05486e-1 2.11874e1 2.11874e1
9.1413278e2 -5.05486e-1 2.11386e1 2.11386e1
9.1918318e2 -5.05486e-1 2.10898e1 2.10898e1
9.2423358e2 -5.05486e-1 2.1041e1 2.1041e1
9.2928398e2 -5.05486e-1 2.09921e1 2.09921e1
9.3433438e2 -5.05486e-1 2.09435e1 2.09435e1
9.3938478e2 -5.05486e-1 2.08946e1 2.08946e1
9.4443518e2 -5.05486e-1 2.08458e1 2.08458e1
9.4948558e2 -5.05486e-1 2.0797e1 2.0797e1
9.5453598e2 -5.05486e-1 2.07481e1 2.07481e1
9.5958638e2 -5.05486e-1 2.06993e1 2.06993e1
9.6463678e2 -5.05486e-1 2.06505e1 2.06505e1
9.6968718e2 -5.05486e-1 2.06017e1 2.06017e1
9.7473758e2 -5.05486e-1 2.05528e1 2.05528e1
9.7978798e2 -5.05486e-1 2.0504e1 2.0504e1
9.8483838e2 -5.05486e-1 2.04552e1 2.04552e1
9.8988878e2 -5.05486e-1 2.04063e1 2.04063e1
9.9493918e2 -5.05486e-1 2.03575e1 2.03575e1
9.9998958e2 -5.05486e-1 2.03087e1 2.03087e1

5.0e2 -3.03474e-1 2.70833e1 2.70833e1
5.050504e2 -3.03474e-1 2.70538e1 2.70538e1
5.101008e2 -3.03474e-1 2.70245e1 2.70245e1
5.151512e2 -3.03474e-1 2.69952e1 2.69952e1
5.202016e2 -3.03474e-1 2.6966e1 2.6966e1
5.25252e2 -3.03474e-1 2.69366e1 2.69366e1
5.303024e2 -3.03474e-1 2.69073e1 2.69073e1
5.353528e2 -3.03474e-1 2.6878e1 2.6878e1
5.404032e2 -3.03474e-1 2.68488e1 2.68488e1
5.454536e2 -3.03474e-1 2.68195e1 2.68195e1
5.50504e2 -3.03474e-1 2.67902e1 2.67902e1
5.555544e2 -3.03474e-1 2.67609e1 2.67609e1
5.606048e2 -3.03474e-1 2.67316e1 2.67316e1
5.656552e2 -3.03474e-1 2.67023e1 2.67023e1
5.707056e2 -3.03474e-1 2.6673e1 2.6673e1
5.75756e2 -3.03474e-1 2.66435e1 2.66435e1
5.808064e2 -3.03474e-1 2.66142e1 2.66142e1
5.858568e2 -3.03474e-1 2.6585e1 2.6585e1
5.909072e2 -3.03474e-1 2.65556e1 2.65556e1
5.959576e2 -3.03474e-1 2.65263e1 2.65263e1
6.01008e2 -3.03474e-1 2.6497e1 2.6497e1
6.060584e2 -3.03474e-1 2.64677e1 2.64677e1
6.111088e2 -3.03474e-1 2.64384e1 2.64384e1
6.161592e2 -3.03474e-1 2.64091e1 2.64091e1
6.212096e2 -3.03474e-1 2.63799e1 2.63799e1
6.2626e2 -3.03474e-1 2.63506e1 2.63506e1
6.313104e2 -3.03474e-1 2.63213e1 2.63213e1
6.363608e2 -3.03474e-1 2.6292e1 2.6292e1
6.414112e2 -3.03474e-1 2.62627e1 2.62627e1
6.464616e2 -3.03474e-1 2.62332e1 2.62332e1
6.51512e2 -3.03474e-1 2.62039e1 2.62039e1
6.565624e2 -3.03474e-1 2.61746e1 2.61746e1
6.616128e2 -3.03474e-1 2.61453e1 2.61453e1
6.666632e2 -3.03474e-1 2.6116e1 2.6116e1
6.717136e2 -3.03474e-1 2.60867e1 2.60867e1
6.7676399e2 -3.03474e-1 2.60574e1 2.60574e1
6.8181439e2 -3.03474e-1 2.60281e1 2.60281e1
6.8686479e2 -3.03474e-1 2.59988e1 2.59988e1
6.9191519e2 -3.03474e-1 2.59695e1 2.59695e1
6.9696559e2 -3.03474e-1 2.59402e1 2.59402e1
7.0201599e2 -3.03474e-1 2.5911e1 2.5911e1
7.0706639e2 -3.03474e-1 2.58817e1 2.58817e1
7.1211679e2 -3.03474e-1 2.58524e1 2.58524e1
7.1716719e2 -3.03474e-1 2.58229e1 2.58229e1
7.2221759e2 -3.03474e-1 2.57936e1 2.57936e1
7.2726799e2 -3.03474e-1 2.57643e1 2.57643e1
7.3231839e2 -3.03474e-1 2.5735e1 2.5735e1
7.3736879e2 -3.03474e-1 2.57057e1 2.57057e1
7.4241919e2 -3.03474e-1 2.56764e1 2.56764e1
7.4746959e2 -3.03474e-1 2.56471e1 2.56471e1
7.5251999e2 -3.03474e-1 2.56178e1 2.56178e1
7.5757039e2 -3.03474e-1 2.55885e1 2.55885e1
7.6262079e2 -3.03474e-1 2.55592e1 2.55592e1
7.6767119e2 -3.03474e-1 2.553e1 2.553e1
7.7272159e2 -3.03474e-1 2.55006e1 2.55006e1
7.7777199e2 -3.03474e-1 2.54713e1 2.54713e1
7.8282239e2 -3.03474e-1 2.5442e1 2.5442e1
7.8787279e2 -3.03474e-1 2.54126e1 2.54126e1
7.9292319e2 -3.03474e-1 2.53833e1 2.53833e1
7.9797359e2 -3.03474e-1 2.5354e1 2.5354e1
8.0302399e2 -3.03474e-1 2.53247e1 2.53247e1
8.0807439e2 -3.03474e-1 2.52954e1 2.52954e1
8.1312479e2 -3.03474e-1 2.52661e1 2.52661e1
8.1817519e2 -3.03474e-1 2.52368e1 2.52368e1
8.2322559e2 -3.03474e-1 2.52075e1 2.52075e1
8.2827599e2 -3.03474e-1 2.51782e1 2.51782e1
8.3332639e2 -3.03474e-1 2.5149e1 2.5149e1
8.3837679e2 -3.03474e-1 2.51196e1 2.51196e1
8.4342719e2 -3.03474e-1 2.50903e1 2.50903e1
8.4847758e2 -3.03474e-1 2.5061e1 2.5061e1
8.5352798e2 -3.03474e-1 2.50316e1 2.50316e1
8.5857838e2 -3.03474e-1 2.50023e1 2.50023e1
8.6362878e2 -3.03474e-1 2.4973e1 2.4973e1
8.6867918e2 -3.03474e-1 2.49437e1 2.49437e1
8.7372958e2 -3.03474e-1 2.49144e1 2.49144e1
8.7877998e2 -3.03474e-1 2.48851e1 2.48851e1
8.8383038e2 -3.03474e-1 2.48558e1 2.48558e1
8.8888078e2 -3.03474e-1 2.48265e1 2.48265e1
8.9393118e2 -3.03474e-1 2.47972e1 2.47972e1
8.9898158e2 -3.03474e-1 2.47679e1 2.47679e1
9.0403198e2 -3.03474e-1 2.47386e1 2.47386e1
9.0908238e2 -3.03474e-1 2.47093e1 2.47093e1
9.1413278e2 -3.03474e-1 2.468e1 2.468e1
9.1918318e2 -3.03474e-1 2.46507e1 2.46507e1
9.2423358e2 -3.03474e-1 2.46213e1 2.46213e1
9.2928398e2 -3.03474e-1 2.4592e1 2.4592e1
9.3433438e2 -3.03474e-1 2.45627e1 2.45627e1
9.3938478e2 -3.03474e-1 2.45334e1 2.45334e1
9.4443518e2 -3.03474e-1 2.45041e1 2.45041e1
9.4948558e2 -3.03474e-1 2.44748e1 2.44748e1
9.5453598e2 -3.03474e-1 2.44455e1 2.44455e1
9.5958638e2 -3.03474e-1 2.44162e1 2.44162e1
9.6463678e2 -3.03474e-1 2.43869e1 2.43869e1
9.6968718e2 -3.03474e-1 2.43576e1 2.43576e1
9.7473758e2 -3.03474e-1 2.43283e1 2.43283e1
9.7978798e2 -3.03474e-1 2.4299e1 2.4299e1
9.8483838e2 -3.03474e-1 2.42697e1 2.42697e1
9.8988878e2 -3.03474e-1 2.42404e1 2.42404e1
9.9493918e2 -3.03474e-1 2.4211e1 2.4211e1
9.9998958e2 -3.03474e-1 2.41817e1 2.41817e1

5.0e2 -1.01463e-1 2.90248e1 2.90248e1
5.050504e2 -1.01463e-1 2.90149e1 2.90149e1
5.101008e2 -1.01463e-1 2.90051e1 2.90051e1
5.151512e2 -1.01463e-1 2.89954e1 2.89954e1
5.202016e2 -1.01463e-1 2.89856e1 2.89856e1
5.25252e2 -1.01463e-1 2.89758e1 2.89758e1
5.303024e2 -1.01463e-1 2.89659e1 2.89659e1
5.353528e2 -1.01463e-1 2.89561e1 2.89561e1
5.404032e2 -1.01463e-1 2.89464e1 2.89464e1
5.454536e2 -1.01463e-1 2.89366e1 2.89366e1
5.50504e2 -1.01463e-1 2.89268e1 2.89268e1
5.555544e2 -1.01463e-1 2.8917e1 2.8917e1
5.606048e2 -1.01463e-1 2.89072e1 2.89072e1
5.656552e2 -1.01463e-1 2.88974e1 2.88974e1
5.707056e2 -1.01463e-1 2.88876e1 2.88876e1
5.75756e2 -1.01463e-1 2.88777e1 2.88777e1
5.808064e2 -1.01463e-1 2.8868e1 2.8868e1
5.858568e2 -1.01463e-1 2.88582e1 2.88582e1
5.909072e2 -1.01463e-1 2.88484e1 2.88484e1
5.959576e2 -1.01463e-1 2.88387e1 2.88387e1
6.01008e2 -1.01463e-1 2.88287e1 2.88287e1
6.060584e2 -1.01463e-1 2.8819e1 2.8819e1
6.111088e2 -1.01463e-1 2.88092e1 2.88092e1
6.161592e2 -1.01463e-1 2.87994e1 2.87994e1
6.212096e2 -1.01463e-1 2.87895e1 2.87895e1
6.2626e2 -1.01463e-1 2.87798e1 2.87798e1
6.313104e2 -1.01463e-1 2.877e1 2.877e1
6.363608e2 -1.01463e-1 2.87602e1 2.87602e1
6.414112e2 -1.01463e-1 2.87505e1 2.87505e1
6.464616e2 -1.01463e-1 2.87405e1 2.87405e1
6.51512e2 -1.01463e-1 2.87308e1 2.87308e1
6.565624e2 -1.01463e-1 2.8721e1 2.8721e1
6.616128e2 -1.01463e-1 2.87112e1 2.87112e1
6.666632e2 -1.01463e-1 2.87015e1 2.87015e1
6.717136e2 -1.01463e-1 2.86916e1 2.86916e1
6.7676399e2 -1.01463e-1 2.86818e1 2.86818e1
6.8181439e2 -1.01463e-1 2.8672e1 2.8672e1
6.8686479e2 -1.01463e-1 2.86623e1 2.86623e1
6.9191519e2 -1.01463e-1 2.86523e1 2.86523e1
6.9696559e2 -1.01463e-1 2.86426e1 2.86426e1
7.0201599e2 -1.01463e-1 2.86328e1 2.86328e1
7.0706639e2 -1.01463e-1 2.8623e1 2.8623e1
7.1211679e2 -1.01463e-1 2.86133e1 2.86133e1
7.1716719e2 -1.01463e-1 2.86034e1 2.86034e1
7.2221759e2 -1.01463e-1 2.85936e1 2.85936e1
7.2726799e2 -1.01463e-1 2.85838e1 2.85838e1
7.3231839e2 -1.01463e-1 2.8574e1 2.8574e1
7.3736879e2 -1.01463e-1 2.85641e1 2.85641e1
7.4241919e2 -1.01463e-1 2.85544e1 2.85544e1
7.4746959e2 -1.01463e-1 2.85446e1 2.85446e1
7.5251999e2 -1.01463e-1 2.85349e1 2.85349e1
7.5757039e2 -1.01463e-1 2.85251e1 2.85251e1
7.6262079e2 -1.01463e-1 2.85152e1 2.85152e1
7.6767119e2 -1.01463e-1 2.85054e1 2.85054e1
7.7272159e2 -1.01463e-1 2.84956e1 2.84956e1
7.7777199e2 -1.01463e-1 2.84859e1 2.84859e1
7.8282239e2 -1.01463e-1 2.84761e1 2.84761e1
7.8787279e2 -1.01463e-1 2.84662e1 2.84662e1
7.9292319e2 -1.01463e-1 2.84564e1 2.84564e1
7.9797359e2 -1.01463e-1 2.84467e1 2.84467e1
8.0302399e2 -1.01463e-1 2.84369e1 2.84369e1
8.0807439e2 -1.01463e-1 2.8427e1 2.8427e1
8.1312479e2 -1.01463e-1 2.84172e1 2.84172e1
8.1817519e2 -1.01463e-1 2.84074e1 2.84074e1
8.2322559e2 -1.01463e-1 2.83977e1 2.83977e1
8.2827599e2 -1.01463e-1 2.83879e1 2.83879e1
8.3332639e2 -1.01463e-1 2.8378e1 2.8378e1
8.3837679e2 -1.01463e-1 2.83682e1 2.83682e1
8.4342719e2 -1.01463e-1 2.83585e1 2.83585e1
8.4847758e2 -1.01463e-1 2.83487e1 2.83487e1
8.5352798e2 -1.01463e-1 2.83388e1 2.83388e1
8.5857838e2 -1.01463e-1 2.8329e1 2.8329e1
8.6362878e2 -1.01463e-1 2.83192e1 2.83192e1
8.6867918e2 -1.01463e-1 2.83095e1 2.83095e1
8.7372958e2 -1.01463e-1 2.82997e1 2.82997e1
8.7877998e2 -1.01463e-1 2.82898e1 2.82898e1
8.8383038e2 -1.01463e-1 2.828e1 2.828e1
8.8888078e2 -1.01463e-1 2.82703e1 2.82703e1
8.9393118e2 -1.01463e-1 2.82605e1 2.82605e1
8.9898158e2 -1.01463e-1 2.82507e1 2.82507e1
9.0403198e2 -1.01463e-1 2.82408e1 2.82408e1
9.0908238e2 -1.01463e-1 2.8231e1 2.8231e1
9.1413278e2 -1.01463e-1 2.82213e1 2.82213e1
9.1918318e2 -1.01463e-1 2.82115e1 2.82115e1
9.2423358e2 -1.01463e-1 2.82016e1 2.82016e1
9.2928398e2 -1.01463e-1 2.81918e1 2.81918e1
9.3433438e2 -1.01463e-1 2.8182e1 2.8182e1
9.3938478e2 -1.01463e-1 2.81723e1 2.81723e1
9.4443518e2 -1.01463e-1 2.81625e1 2.81625e1
9.4948558e2 -1.01463e-1 2.81526e1 2.81526e1
9.5453598e2 -1.01463e-1 2.81429e1 2.81429e1
9.5958638e2 -1.01463e-1 2.81331e1 2.81331e1
9.6463678e2 -1.01463e-1 2.81233e1 2.81233e1
9.6968718e2 -1.01463e-1 2.81134e1 2.81134e1
9.7473758e2 -1.01463e-1 2.81036e1 2.81036e1
9.7978798e2 -1.01463e-1 2.80939e1 2.80939e1
9.8483838e2 -1.01463e-1 2.80841e1 2.80841e1
9.8988878e2 -1.01463e-1 2.80743e1 2.80743e1
9.9493918e2 -1.01463e-1 2.80644e1 2.80644e1
9.9998958e2 -1.01463e-1 2.80547e1 2.80547e1

5.0e2 1.00548e-1 3.09663e1 3.09663e1
5.050504e2 1.00548e-1 3.0976e1 3.0976e1
5.101008e2 1.00548e-1 3.09857e1 3.09857e1
5.151512e2 1.00548e-1 3.09955e1 3.09955e1
5.202016e2 1.00548e-1 3.10051e1 3.10051e1
5.25252e2 1.00548e-1 3.10149e1 3.10149e1
5.303024e2 1.00548e-1 3.10246e1 3.10246e1
5.353528e2 1.00548e-1 3.10342e1 3.10342e1
5.404032e2 1.00548e-1 3.1044e1 3.1044e1
5.454536e2 1.00548e-1 3.10538e1 3.10538e1
5.50504e2 1.00548e-1 3.10634e1 3.10634e1
5.555544e2 1.00548e-1 3.10732e1 3.10732e1
5.606048e2 1.00548e-1 3.10828e1 3.10828e1
5.656552e2 1.00548e-1 3.10925e1 3.10925e1
5.707056e2 1.00548e-1 3.11023e1 3.11023e1
5.75756e2 1.00548e-1 3.11119e1 3.11119e1
5.808064e2 1.00548e-1 3.11217e1 3.11217e1
5.858568e2 1.00548e-1 3.11314e1 3.11314e1
5.909072e2 1.00548e-1 3.1141e1 3.1141e1
5.959576e2 1.00548e-1 3.11508e1 3.11508e1
6.01008e2 1.00548e-1 3.11606e1 3.11606e1
6.060584e2 1.00548e-1 3.11702e1 3.11702e1
6.111088e2 1.00548e-1 3.118e1 3.118e1
6.161592e2 1.00548e-1 3.11896e1 3.11896e1
6.212096e2 1.00548e-1 3.11993e1 3.11993e1
6.2626e2 1.00548e-1 3.12091e1 3.12091e1
6.313104e2 1.00548e-1 3.12187e1 3.12187e1
6.363608e2 1.00548e-1 3.12285e1 3.12285e1
6.414112e2 1.00548e-1 3.12383e1 3.12383e1
6.464616e2 1.00548e-1 3.12479e1 3.12479e1
6.51512e2 1.00548e-1 3.12576e1 3.12576e1
6.565624e2 1.00548e-1 3.12674e1 3.12674e1
6.616128e2 1.00548e-1 3.1277e1 3.1277e1
6.666632e2 1.00548e-1 3.12868e1 3.12868e1
6.717136e2 1.00548e-1 3.12964e1 3.12964e1
6.7676399e2 1.00548e-1 3.13062e1 3.13062e1
6.8181439e2 1.00548e-1 3.13159e1 3.13159e1
6.8686479e2 1.00548e-1 3.13255e1 3.13255e1
6.9191519e2 1.00548e-1 3.13353e1 3.13353e1
6.9696559e2 1.00548e-1 3.1345e1 3.1345e1
7.0201599e2 1.00548e-1 3.13547e1 3.13547e1
7.0706639e2 1.00548e-1 3.13644e1 3.13644e1
7.1211679e2 1.00548e-1 3.13742e1 3.13742e1
7.1716719e2 1.00548e-1 3.13838e1 3.13838e1
7.2221759e2 1.00548e-1 3.13936e1 3.13936e1
7.2726799e2 1.00548e-1 3.14032e1 3.14032e1
7.3231839e2 1.00548e-1 3.1413e1 3.1413e1
7.3736879e2 1.00548e-1 3.14227e1 3.14227e1
7.4241919e2 1.00548e-1 3.14323e1 3.14323e1
7.4746959e2 1.00548e-1 3.14421e1 3.14421e1
7.5251999e2 1.00548e-1 3.14519e1 3.14519e1
7.5757039e2 1.00548e-1 3.14615e1 3.14615e1
7.6262079e2 1.00548e-1 3.14713e1 3.14713e1
7.6767119e2 1.00548e-1 3.1481e1 3.1481e1
7.7272159e2 1.00548e-1 3.14906e1 3.14906e1
7.7777199e2 1.00548e-1 3.15004e1 3.15004e1
7.8282239e2 1.00548e-1 3.15102e1 3.15102e1
7.8787279e2 1.00548e-1 3.15198e1 3.15198e1
7.9292319e2 1.00548e-1 3.15295e1 3.15295e1
7.9797359e2 1.00548e-1 3.15392e1 3.15392e1
8.0302399e2 1.00548e-1 3.15489e1 3.15489e1
8.0807439e2 1.00548e-1 3.15587e1 3.15587e1
8.1312479e2 1.00548e-1 3.15683e1 3.15683e1
8.1817519e2 1.00548e-1 3.1578e1 3.1578e1
8.2322559e2 1.00548e-1 3.15878e1 3.15878e1
8.2827599e2 1.00548e-1 3.15974e1 3.15974e1
8.3332639e2 1.00548e-1 3.16072e1 3.16072e1
8.3837679e2 1.00548e-1 3.1617e1 3.1617e1
8.4342719e2 1.00548e-1 3.16266e1 3.16266e1
8.4847758e2 1.00548e-1 3.16364e1 3.16364e1
8.5352798e2 1.00548e-1 3.1646e1 3.1646e1
8.5857838e2 1.00548e-1 3.16557e1 3.16557e1
8.6362878e2 1.00548e-1 3.16655e1 3.16655e1
8.6867918e2 1.00548e-1 3.16751e1 3.16751e1
8.7372958e2 1.00548e-1 3.16849e1 3.16849e1
8.7877998e2 1.00548e-1 3.16946e1 3.16946e1
8.8383038e2 1.00548e-1 3.17043e1 3.17043e1
8.8888078e2 1.00548e-1 3.1714e1 3.1714e1
8.9393118e2 1.00548e-1 3.17238e1 3.17238e1
8.9898158e2 1.00548e-1 3.17334e1 3.17334e1
9.0403198e2 1.00548e-1 3.17432e1 3.17432e1
9.0908238e2 1.00548e-1 3.17528e1 3.17528e1
9.1413278e2 1.00548e-1 3.17625e1 3.17625e1
9.1918318e2 1.00548e-1 3.17723e1 3.17723e1
9.2423358e2 1.00548e-1 3.17819e1 3.17819e1
9.2928398e2 1.00548e-1 3.17917e1 3.17917e1
9.3433438e2 1.00548e-1 3.18015e1 3.18015e1
9.3938478e2 1.00548e-1 3.1811e1 3.1811e1
9.4443518e2 1.00548e-1 3.18208e1 3.18208e1
9.4948558e2 1.00548e-1 3.18306e1 3.18306e1
9.5453598e2 1.00548e-1 3.18402e1 3.18402e1
9.5958638e2 1.00548e-1 3.185e1 3.185e1
9.6463678e2 1.00548e-1 3.18596e1 3.18596e1
9.6968718e2 1.00548e-1 3.18694e1 3.18694e1
9.7473758e2 1.00548e-1 3.18791e1 3.18791e1
9.7978798e2 1.00548e-1 3.18887e1 3.18887e1
9.8483838e2 1.00548e-1 3.18985e1 3.18985e1
9.8988878e2 1.00548e-1 3.19083e1 3.19083e1
9.9493918e2 1.00548e-1 3.19179e1 3.19179e1
9.9998958e2 1.00548e-1 3.19276e1 3.19276e1

5.0e2 3.02559e-1 3.29079e1 3.29079e1
5.050504e2 3.02559e-1 3.2937e1 3.2937e1
5.101008e2 3.02559e-1 3.29663e1 3.29663e1
5.151512e2 3.02559e-1 3.29955e1 3.29955e1
5.202016e2 3.02559e-1 3.30247e1 3.30247e1
5.25252e2 3.02559e-1 3.30539e1 3.30539e1
5.303024e2 3.02559e-1 3.30832e1 3.30832e1
5.353528e2 3.02559e-1 3.31123e1 3.31123e1
5.404032e2 3.02559e-1 3.31416e1 3.31416e1
5.454536e2 3.02559e-1 3.31708e1 3.31708e1
5.50504e2 3.02559e-1 3.32e1 3.32e1
5.555544e2 3.02559e-1 3.32292e1 3.32292e1
5.606048e2 3.02559e-1 3.32585e1 3.32585e1
5.656552e2 3.02559e-1 3.32877e1 3.32877e1
5.707056e2 3.02559e-1 3.3317e1 3.3317e1
5.75756e2 3.02559e-1 3.33461e1 3.33461e1
5.808064e2 3.02559e-1 3.33754e1 3.33754e1
5.858568e2 3.02559e-1 3.34045e1 3.34045e1
5.909072e2 3.02559e-1 3.34338e1 3.34338e1
5.959576e2 3.02559e-1 3.3463e1 3.3463e1
6.01008e2 3.02559e-1 3.34923e1 3.34923e1
6.060584e2 3.02559e-1 3.35214e1 3.35214e1
6.111088e2 3.02559e-1 3.35507e1 3.35507e1
6.161592e2 3.02559e-1 3.35799e1 3.35799e1
6.212096e2 3.02559e-1 3.36092e1 3.36092e1
6.2626e2 3.02559e-1 3.36383e1 3.36383e1
6.313104e2 3.02559e-1 3.36676e1 3.36676e1
6.363608e2 3.02559e-1 3.36967e1 3.36967e1
6.414112e2 3.02559e-1 3.3726e1 3.3726e1
6.464616e2 3.02559e-1 3.37552e1 3.37552e1
6.51512e2 3.02559e-1 3.37845e1 3.37845e1
6.565624e2 3.02559e-1 3.38136e1 3.38136e1
6.616128e2 3.02559e-1 3.3843e1 3.3843e1
6.666632e2 3.02559e-1 3.3872e1 3.3872e1
6.717136e2 3.02559e-1 3.39014e1 3.39014e1
6.7676399e2 3.02559e-1 3.39305e1 3.39305e1
6.8181439e2 3.02559e-1 3.39598e1 3.39598e1
6.8686479e2 3.02559e-1 3.3989e1 3.3989e1
6.9191519e2 3.02559e-1 3.40182e1 3.40182e1
6.9696559e2 3.02559e-1 3.40474e1 3.40474e1
7.0201599e2 3.02559e-1 3.40767e1 3.40767e1
7.0706639e2 3.02559e-1 3.41058e1 3.41058e1
7.1211679e2 3.02559e-1 3.41351e1 3.41351e1
7.1716719e2 3.02559e-1 3.41643e1 3.41643e1
7.2221759e2 3.02559e-1 3.41936e1 3.41936e1
7.2726799e2 3.02559e-1 3.42227e1 3.42227e1
7.3231839e2 3.02559e-1 3.4252e1 3.4252e1
7.3736879e2 3.02559e-1 3.42812e1 3.42812e1
7.4241919e2 3.02559e-1 3.43105e1 3.43105e1
7.4746959e2 3.02559e-1 3.43396e1 3.43396e1
7.5251999e2 3.02559e-1 3.43689e1 3.43689e1
7.5757039e2 3.02559e-1 3.4398e1 3.4398e1
7.6262079e2 3.02559e-1 3.44273e1 3.44273e1
7.6767119e2 3.02559e-1 3.44565e1 3.44565e1
7.7272159e2 3.02559e-1 3.44858e1 3.44858e1
7.7777199e2 3.02559e-1 3.45149e1 3.45149e1
7.8282239e2 3.02559e-1 3.45442e1 3.45442e1
7.8787279e2 3.02559e-1 3.45734e1 3.45734e1
7.9292319e2 3.02559e-1 3.46027e1 3.46027e1
7.9797359e2 3.02559e-1 3.46318e1 3.46318e1
8.0302399e2 3.02559e-1 3.46611e1 3.46611e1
8.0807439e2 3.02559e-1 3.46902e1 3.46902e1
8.1312479e2 3.02559e-1 3.47195e1 3.47195e1
8.1817519e2 3.02559e-1 3.47487e1 3.47487e1
8.2322559e2 3.02559e-1 3.47778e1 3.47778e1
8.2827599e2 3.02559e-1 3.48071e1 3.48071e1
8.3332639e2 3.02559e-1 3.48363e1 3.48363e1
8.3837679e2 3.02559e-1 3.48656e1 3.48656e1
8.4342719e2 3.02559e-1 3.48947e1 3.48947e1
8.4847758e2 3.02559e-1 3.4924e1 3.4924e1
8.5352798e2 3.02559e-1 3.49532e1 3.49532e1
8.5857838e2 3.02559e-1 3.49825e1 3.49825e1
8.6362878e2 3.02559e-1 3.50116e1 3.50116e1
8.6867918e2 3.02559e-1 3.50409e1 3.50409e1
8.7372958e2 3.02559e-1 3.507e1 3.507e1
8.7877998e2 3.02559e-1 3.50993e1 3.50993e1
8.8383038e2 3.02559e-1 3.51285e1 3.51285e1
8.8888078e2 3.02559e-1 3.51578e1 3.51578e1
8.9393118e2 3.02559e-1 3.51869e1 3.51869e1
8.9898158e2 3.02559e-1 3.52162e1 3.52162e1
9.0403198e2 3.02559e-1 3.52454e1 3.52454e1
9.0908238e2 3.02559e-1 3.52747e1 3.52747e1
9.1413278e2 3.02559e-1 3.53038e1 3.53038e1
9.1918318e2 3.02559e-1 3.53331e1 3.53331e1
9.2423358e2 3.02559e-1 3.53622e1 3.53622e1
9.2928398e2 3.02559e-1 3.53915e1 3.53915e1
9.3433438e2 3.02559e-1 3.54207e1 3.54207e1
9.3938478e2 3.02559e-1 3.545e1 3.545e1
9.4443518e2 3.02559e-1 3.54791e1 3.54791e1
9.4948558e2 3.02559e-1 3.55084e1 3.55084e1
9.5453598e2 3.02559e-1 3.55376e1 3.55376e1
9.5958638e2 3.02559e-1 3.55669e1 3.55669e1
9.6463678e2 3.02559e-1 3.5596e1 3.5596e1
9.6968718e2 3.02559e-1 3.56253e1 3.56253e1
9.7473758e2 3.02559e-1 3.56544e1 3.56544e1
9.7978798e2 3.02559e-1 3.56837e1 3.56837e1
9.8483838e2 3.02559e-1 3.57129e1 3.57129e1
9.8988878e2 3.02559e-1 3.57422e1 3.57422e1
9.9493918e2 3.02559e-1 3.57713e1 3.57713e1
9.9998958e2 3.02559e-1 3.58006e1 3.58006e1

5.0e2 5.0457e-1 3.48494e1 3.48494e1
5.050504e2 5.0457e-1 3.4898e1 3.4898e1
5.101008e2 5.0457e-1 3.49469e1 3.49469e1
5.151512e2 5.0457e-1 3.49956e1 3.49956e1
5.202016e2 5.0457e-1 3.50443e1 3.50443e1
5.25252e2 5.0457e-1 3.50931e1 3.50931e1
5.303024e2 5.0457e-1 3.51418e1 3.51418e1
5.353528e2 5.0457e-1 3.51904e1 3.51904e1
5.404032e2 5.0457e-1 3.52393e1 3.52393e1
5.454536e2 5.0457e-1 3.5288e1 3.5288e1
5.50504e2 5.0457e-1 3.53368e1 3.53368e1
5.555544e2 5.0457e-1 3.53854e1 3.53854e1
5.606048e2 5.0457e-1 3.54341e1 3.54341e1
5.656552e2 5.0457e-1 3.5483e1 3.5483e1
5.707056e2 5.0457e-1 3.55316e1 3.55316e1
5.75756e2 5.0457e-1 3.55803e1 3.55803e1
5.808064e2 5.0457e-1 3.56291e1 3.56291e1
5.858568e2 5.0457e-1 3.56778e1 3.56778e1
5.909072e2 5.0457e-1 3.57265e1 3.57265e1
5.959576e2 5.0457e-1 3.57753e1 3.57753e1
6.01008e2 5.0457e-1 3.5824e1 3.5824e1
6.060584e2 5.0457e-1 3.58727e1 3.58727e1
6.111088e2 5.0457e-1 3.59215e1 3.59215e1
6.161592e2 5.0457e-1 3.59702e1 3.59702e1
6.212096e2 5.0457e-1 3.60188e1 3.60188e1
6.2626e2 5.0457e-1 3.60677e1 3.60677e1
6.313104e2 5.0457e-1 3.61163e1 3.61163e1
6.363608e2 5.0457e-1 3.6165e1 3.6165e1
6.414112e2 5.0457e-1 3.62138e1 3.62138e1
6.464616e2 5.0457e-1 3.62625e1 3.62625e1
6.51512e2 5.0457e-1 3.63112e1 3.63112e1
6.565624e2 5.0457e-1 3.636e1 3.636e1
6.616128e2 5.0457e-1 3.64087e1 3.64087e1
6.666632e2 5.0457e-1 3.64575e1 3.64575e1
6.717136e2 5.0457e-1 3.65062e1 3.65062e1
6.7676399e2 5.0457e-1 3.65549e1 3.65549e1
6.8181439e2 5.0457e-1 3.66037e1 3.66037e1
6.8686479e2 5.0457e-1 3.66524e1 3.66524e1
6.9191519e2 5.0457e-1 3.6701e1 3.6701e1
6.9696559e2 5.0457e-1 3.67499e1 3.67499e1
7.0201599e2 5.0457e-1 3.67986e1 3.67986e1
7.0706639e2 5.0457e-1 3.68472e1 3.68472e1
7.1211679e2 5.0457e-1 3.6896e1 3.6896e1
7.1716719e2 5.0457e-1 3.69447e1 3.69447e1
7.2221759e2 5.0457e-1 3.69934e1 3.69934e1
7.2726799e2 5.0457e-1 3.70422e1 3.70422e1
7.3231839e2 5.0457e-1 3.70909e1 3.70909e1
7.3736879e2 5.0457e-1 3.71396e1 3.71396e1
7.4241919e2 5.0457e-1 3.71884e1 3.71884e1
7.4746959e2 5.0457e-1 3.72371e1 3.72371e1
7.5251999e2 5.0457e-1 3.72858e1 3.72858e1
7.5757039e2 5.0457e-1 3.73346e1 3.73346e1
7.6262079e2 5.0457e-1 3.73833e1 3.73833e1
7.6767119e2 5.0457e-1 3.7432e1 3.7432e1
7.7272159e2 5.0457e-1 3.74808e1 3.74808e1
7.7777199e2 5.0457e-1 3.75294e1 3.75294e1
7.8282239e2 5.0457e-1 3.75783e1 3.75783e1
7.8787279e2 5.0457e-1 3.7627e1 3.7627e1
7.9292319e2 5.0457e-1 3.76756e1 3.76756e1
7.9797359e2 5.0457e-1 3.77245e1 3.77245e1
8.0302399e2 5.0457e-1 3.77731e1 3.77731e1
8.0807439e2 5.0457e-1 3.78218e1 3.78218e1
8.1312479e2 5.0457e-1 3.78706e1 3.78706e1
8.1817519e2 5.0457e-1 3.79193e1 3.79193e1
8.2322559e2 5.0457e-1 3.7968e1 3.7968e1
8.2827599e2 5.0457e-1 3.80168e1 3.80168e1
8.3332639e2 5.0457e-1 3.80655e1 3.80655e1
8.3837679e2 5.0457e-1 3.81142e1 3.81142e1
8.4342719e2 5.0457e-1 3.8163e1 3.8163e1
8.4847758e2 5.0457e-1 3.82117e1 3.82117e1
8.5352798e2 5.0457e-1 3.82603e1 3.82603e1
8.5857838e2 5.0457e-1 3.83092e1 3.83092e1
8.6362878e2 5.0457e-1 3.83578e1 3.83578e1
8.6867918e2 5.0457e-1 3.84065e1 3.84065e1
8.7372958e2 5.0457e-1 3.84554e1 3.84554e1
8.7877998e2 5.0457e-1 3.8504e1 3.8504e1
8.8383038e2 5.0457e-1 3.85529e1 3.85529e1
8.8888078e2 5.0457e-1 3.86015e1 3.86015e1
8.9393118e2 5.0457e-1 3.86502e1 3.86502e1
8.9898158e2 5.0457e-1 3.8699e1 3.8699e1
9.0403198e2 5.0457e-1 3.87477e1 3.87477e1
9.0908238e2 5.0457e-1 3.87964e1 3.87964e1
9.1413278e2 5.0457e-1 3.88452e1 3.88452e1
9.1918318e2 5.0457e-1 3.88939e1 3.88939e1
9.2423358e2 5.0457e-1 3.89426e1 3.89426e1
9.2928398e2 5.0457e-1 3.89914e1 3.89914e1
9.3433438e2 5.0457e-1 3.904e1 3.904e1
9.3938478e2 5.0457e-1 3.90887e1 3.90887e1
9.4443518e2 5.0457e-1 3.91376e1 3.91376e1
9.4948558e2 5.0457e-1 3.91862e1 3.91862e1
9.5453598e2 5.0457e-1 3.9235e1 3.9235e1
9.5958638e2 5.0457e-1 3.92838e1 3.92838e1
9.6463678e2 5.0457e-1 3.93324e1 3.93324e1
9.6968718e2 5.0457e-1 3.93811e1 3.93811e1
9.7473758e2 5.0457e-1 3.943e1 3.943e1
9.7978798e2 5.0457e-1 3.94786e1 3.94786e1
9.8483838e2 5.0457e-1 3.95273e1 3.95273e1
9.8988878e2 5.0457e-1 3.95761e1 3.95761e1
9.9493918e2 5.0457e-1 3.96248e1 3.96248e1
9.9998958e2 5.0457e-1 3.96736e1 3.96736e1

5.0e2 7.06581e-1 3.6791e1 3.6791e1
5.050504e2 7.06581e-1 3.68591e1 3.68591e1
5.101008e2 7.06581e-1 3.69275e1 3.69275e1
5.151512e2 7.06581e-1 3.69957e1 3.69957e1
5.202016e2 7.06581e-1 3.70639e1 3.70639e1
5.25252e2 7.06581e-1 3.71321e1 3.71321e1
5.303024e2 7.06581e-1 3.72003e1 3.72003e1
5.353528e2 7.06581e-1 3.72687e1 3.72687e1
5.404032e2 7.06581e-1 3.73369e1 3.73369e1
5.454536e2 7.06581e-1 3.74051e1 3.74051e1
5.50504e2 7.06581e-1 3.74733e1 3.74733e1
5.555544e2 7.06581e-1 3.75415e1 3.75415e1
5.606048e2 7.06581e-1 3.76099e1 3.76099e1
5.656552e2 7.06581e-1 3.7678e1 3.7678e1
5.707056e2 7.06581e-1 3.77463e1 3.77463e1
5.75756e2 7.06581e-1 3.78145e1 3.78145e1
5.808064e2 7.06581e-1 3.78827e1 3.78827e1
5.858568e2 7.06581e-1 3.7951e1 3.7951e1
5.909072e2 7.06581e-1 3.80193e1 3.80193e1
5.959576e2 7.06581e-1 3.80875e1 3.80875e1
6.01008e2 7.06581e-1 3.81557e1 3.81557e1
6.060584e2 7.06581e-1 3.82239e1 3.82239e1
6.111088e2 7.06581e-1 3.82922e1 3.82922e1
6.161592e2 7.06581e-1 3.83604e1 3.83604e1
6.212096e2 7.06581e-1 3.84286e1 3.84286e1
6.2626e2 7.06581e-1 3.84969e1 3.84969e1
6.313104e2 7.06581e-1 3.8565e1 3.8565e1
6.363608e2 7.06581e-1 3.86334e1 3.86334e1
6.414112e2 7.06581e-1 3.87016e1 3.87016e1
6.464616e2 7.06581e-1 3.87698e1 3.87698e1
6.51512e2 7.06581e-1 3.8838e1 3.8838e1
6.565624e2 7.06581e-1 3.89063e1 3.89063e1
6.616128e2 7.06581e-1 3.89746e1 3.89746e1
6.666632e2 7.06581e-1 3.90428e1 3.90428e1
6.717136e2 7.06581e-1 3.9111e1 3.9111e1
6.7676399e2 7.06581e-1 3.91792e1 3.91792e1
6.8181439e2 7.06581e-1 3.92476e1 3.92476e1
6.8686479e2 7.06581e-1 3.93158e1 3.93158e1
6.9191519e2 7.06581e-1 3.9384e1 3.9384e1
6.9696559e2 7.06581e-1 3.94522e1 3.94522e1
7.0201599e2 7.06581e-1 3.95204e1 3.95204e1
7.0706639e2 7.06581e-1 3.95888e1 3.95888e1
7.1211679e2 7.06581e-1 3.9657e1 3.9657e1
7.1716719e2 7.06581e-1 3.97252e1 3.97252e1
7.2221759e2 7.06581e-1 3.97934e1 3.97934e1
7.2726799e2 7.06581e-1 3.98616e1 3.98616e1
7.3231839e2 7.06581e-1 3.993e1 3.993e1
7.3736879e2 7.06581e-1 3.99982e1 3.99982e1
7.4241919e2 7.06581e-1 4.00664e1 4.00664e1
7.4746959e2 7.06581e-1 4.01346e1 4.01346e1
7.5251999e2 7.06581e-1 4.02028e1 4.02028e1
7.5757039e2 7.06581e-1 4.02711e1 4.02711e1
7.6262079e2 7.06581e-1 4.03394e1 4.03394e1
7.6767119e2 7.06581e-1 4.04076e1 4.04076e1
7.7272159e2 7.06581e-1 4.04758e1 4.04758e1
7.7777199e2 7.06581e-1 4.0544e1 4.0544e1
7.8282239e2 7.06581e-1 4.06123e1 4.06123e1
7.8787279e2 7.06581e-1 4.06805e1 4.06805e1
7.9292319e2 7.06581e-1 4.07487e1 4.07487e1
7.9797359e2 7.06581e-1 4.0817e1 4.0817e1
8.0302399e2 7.06581e-1 4.08852e1 4.08852e1
8.0807439e2 7.06581e-1 4.09535e1 4.09535e1
8.1312479e2 7.06581e-1 4.10217e1 4.10217e1
8.1817519e2 7.06581e-1 4.109e1 4.109e1
8.2322559e2 7.06581e-1 4.11581e1 4.11581e1
8.2827599e2 7.06581e-1 4.12263e1 4.12263e1
8.3332639e2 7.06581e-1 4.12947e1 4.12947e1
8.3837679e2 7.06581e-1 4.13629e1 4.13629e1
8.4342719e2 7.06581e-1 4.14311e1 4.14311e1
8.4847758e2 7.06581e-1 4.14993e1 4.14993e1
8.5352798e2 7.06581e-1 4.15675e1 4.15675e1
8.5857838e2 7.06581e-1 4.16359e1 4.16359e1
8.6362878e2 7.06581e-1 4.17041e1 4.17041e1
8.6867918e2 7.06581e-1 4.17723e1 4.17723e1
8.7372958e2 7.06581e-1 4.18405e1 4.18405e1
8.7877998e2 7.06581e-1 4.19087e1 4.19087e1
8.8383038e2 7.06581e-1 4.19771e1 4.19771e1
8.8888078e2 7.06581e-1 4.20453e1 4.20453e1
8.9393118e2 7.06581e-1 4.21135e1 4.21135e1
8.9898158e2 7.06581e-1 4.21817e1 4.21817e1
9.0403198e2 7.06581e-1 4.22499e1 4.22499e1
9.0908238e2 7.06581e-1 4.23183e1 4.23183e1
9.1413278e2 7.06581e-1 4.23865e1 4.23865e1
9.1918318e2 7.06581e-1 4.24547e1 4.24547e1
9.2423358e2 7.06581e-1 4.25229e1 4.25229e1
9.2928398e2 7.06581e-1 4.25912e1 4.25912e1
9.3433438e2 7.06581e-1 4.26595e1 4.26595e1
9.3938478e2 7.06581e-1 4.27277e1 4.27277e1
9.4443518e2 7.06581e-1 4.27959e1 4.27959e1
9.4948558e2 7.06581e-1 4.2864e1 4.2864e1
9.5453598e2 7.06581e-1 4.29324e1 4.29324e1
9.5958638e2 7.06581e-1 4.30006e1 4.30006e1
9.6463678e2 7.06581e-1 4.30688e1 4.30688e1
9.6968718e2 7.06581e-1 4.3137e1 4.3137e1
9.7473758e2 7.06581e-1 4.32053e1 4.32053e1
9.7978798e2 7.06581e-1 4.32736e1 4.32736e1
9.8483838e2 7.06581e-1 4.33418e1 4.33418e1
9.8988878e2 7.06581e-1 4.341e1 4.341e1
9.9493918e2 7.06581e-1 4.34782e1 4.34782e1
9.9998958e2 7.06581e-1 4.35464e1 4.35464e1

5.0e2 9.08592e-1 3.87325e1 3.87325e1
5.050504e2 9.08592e-1 3.88202e1 3.88202e1
5.101008e2 9.08592e-1 3.8908e1 3.8908e1
5.151512e2 9.08592e-1 3.89957e1 3.89957e1
5.202016e2 9.08592e-1 3.90836e1 3.90836e1
5.25252e2 9.08592e-1 3.91713e1 3.91713e1
5.303024e2 9.08592e-1 3.9259e1 3.9259e1
5.353528e2 9.08592e-1 3.93468e1 3.93468e1
5.404032e2 9.08592e-1 3.94345e1 3.94345e1
5.454536e2 9.08592e-1 3.95222e1 3.95222e1
5.50504e2 9.08592e-1 3.961e1 3.961e1
5.555544e2 9.08592e-1 3.96977e1 3.96977e1
5.606048e2 9.08592e-1 3.97855e1 3.97855e1
5.656552e2 9.08592e-1 3.98732e1 3.98732e1
5.707056e2 9.08592e-1 3.9961e1 3.9961e1
5.75756e2 9.08592e-1 4.00487e1 4.00487e1
5.808064e2 9.08592e-1 4.01364e1 4.01364e1
5.858568e2 9.08592e-1 4.02242e1 4.02242e1
5.909072e2 9.08592e-1 4.03119e1 4.03119e1
5.959576e2 9.08592e-1 4.03996e1 4.03996e1
6.01008e2 9.08592e-1 4.04874e1 4.04874e1
6.060584e2 9.08592e-1 4.05753e1 4.05753e1
6.111088e2 9.08592e-1 4.0663e1 4.0663e1
6.161592e2 9.08592e-1 4.07507e1 4.07507e1
6.212096e2 9.08592e-1 4.08385e1 4.08385e1
6.2626e2 9.08592e-1 4.09262e1 4.09262e1
6.313104e2 9.08592e-1 4.1014e1 4.1014e1
6.363608e2 9.08592e-1 4.11017e1 4.11017e1
6.414112e2 9.08592e-1 4.11894e1 4.11894e1
6.464616e2 9.08592e-1 4.12772e1 4.12772e1
6.51512e2 9.08592e-1 4.13649e1 4.13649e1
6.565624e2 9.08592e-1 4.14526e1 4.14526e1
6.616128e2 9.08592e-1 4.15404e1 4.15404e1
6.666632e2 9.08592e-1 4.16281e1 4.16281e1
6.717136e2 9.08592e-1 4.17159e1 4.17159e1
6.7676399e2 9.08592e-1 4.18036e1 4.18036e1
6.8181439e2 9.08592e-1 4.18913e1 4.18913e1
6.8686479e2 9.08592e-1 4.1979e1 4.1979e1
6.9191519e2 9.08592e-1 4.20668e1 4.20668e1
6.9696559e2 9.08592e-1 4.21547e1 4.21547e1
7.0201599e2 9.08592e-1 4.22424e1 4.22424e1
7.0706639e2 9.08592e-1 4.23302e1 4.23302e1
7.1211679e2 9.08592e-1 4.24179e1 4.24179e1
7.1716719e2 9.08592e-1 4.25056e1 4.25056e1
7.2221759e2 9.08592e-1 4.25934e1 4.25934e1
7.2726799e2 9.08592e-1 4.26811e1 4.26811e1
7.3231839e2 9.08592e-1 4.27689e1 4.27689e1
7.3736879e2 9.08592e-1 4.28566e1 4.28566e1
7.4241919e2 9.08592e-1 4.29443e1 4.29443e1
7.4746959e2 9.08592e-1 4.3032e1 4.3032e1
7.5251999e2 9.08592e-1 4.31198e1 4.31198e1
7.5757039e2 9.08592e-1 4.32076e1 4.32076e1
7.6262079e2 9.08592e-1 4.32953e1 4.32953e1
7.6767119e2 9.08592e-1 4.3383e1 4.3383e1
7.7272159e2 9.08592e-1 4.34708e1 4.34708e1
7.7777199e2 9.08592e-1 4.35587e1 4.35587e1
7.8282239e2 9.08592e-1 4.36464e1 4.36464e1
7.8787279e2 9.08592e-1 4.37341e1 4.37341e1
7.9292319e2 9.08592e-1 4.38219e1 4.38219e1
7.9797359e2 9.08592e-1 4.39096e1 4.39096e1
8.0302399e2 9.08592e-1 4.39973e1 4.39973e1
8.0807439e2 9.08592e-1 4.40851e1 4.40851e1
8.1312479e2 9.08592e-1 4.41728e1 4.41728e1
8.1817519e2 9.08592e-1 4.42606e1 4.42606e1
8.2322559e2 9.08592e-1 4.43483e1 4.43483e1
8.2827599e2 9.08592e-1 4.4436e1 4.4436e1
8.3332639e2 9.08592e-1 4.45238e1 4.45238e1
8.3837679e2 9.08592e-1 4.46115e1 4.46115e1
8.4342719e2 9.08592e-1 4.46992e1 4.46992e1
8.4847758e2 9.08592e-1 4.4787e1 4.4787e1
8.5352798e2 9.08592e-1 4.48747e1 4.48747e1
8.5857838e2 9.08592e-1 4.49625e1 4.49625e1
8.6362878e2 9.08592e-1 4.50502e1 4.50502e1
8.6867918e2 9.08592e-1 4.51381e1 4.51381e1
8.7372958e2 9.08592e-1 4.52258e1 4.52258e1
8.7877998e2 9.08592e-1 4.53136e1 4.53136e1
8.8383038e2 9.08592e-1 4.54013e1 4.54013e1
8.8888078e2 9.08592e-1 4.5489e1 4.5489e1
8.9393118e2 9.08592e-1 4.55768e1 4.55768e1
8.9898158e2 9.08592e-1 4.56645e1 4.56645e1
9.0403198e2 9.08592e-1 4.57523e1 4.57523e1
9.0908238e2 9.08592e-1 4.584e1 4.584e1
9.1413278e2 9.08592e-1 4.59277e1 4.59277e1
9.1918318e2 9.08592e-1 4.60155e1 4.60155e1
9.2423358e2 9.08592e-1 4.61032e1 4.61032e1
9.2928398e2 9.08592e-1 4.6191e1 4.6191e1
9.3433438e2 9.08592e-1 4.62787e1 4.62787e1
9.3938478e2 9.08592e-1 4.63664e1 4.63664e1
9.4443518e2 9.08592e-1 4.64542e1 4.64542e1
9.4948558e2 9.08592e-1 4.6542e1 4.6542e1
9.5453598e2 9.08592e-1 4.66298e1 4.66298e1
9.5958638e2 9.08592e-1 4.67175e1 4.67175e1
9.6463678e2 9.08592e-1 4.68053e1 4.68053e1
9.6968718e2 9.08592e-1 4.6893e1 4.6893e1
9.7473758e2 9.08592e-1 4.69807e1 4.69807e1
9.7978798e2 9.08592e-1 4.70685e1 4.70685e1
9.8483838e2 9.08592e-1 4.71562e1 4.71562e1
9.8988878e2 9.08592e-1 4.7244e1 4.7244e1
9.9493918e2 9.08592e-1 4.73317e1 4.73317e1
9.9998958e2 9.08592e-1 4.74194e1 4.74194e1

5.0e2 1.110603e0 4.0674e1 4.0674e1
5.050504e2 1.110603e0 4.07813e1 4.07813e1
5.101008e2 1.110603e0 4.08885e1 4.08885e1
5.151512e2 1.110603e0 4.09958e1 4.09958e1
5.202016e2 1.110603e0 4.1103e1 4.1103e1
5.25252e2 1.110603e0 4.12103e1 4.12103e1
5.303024e2 1.110603e0 4.13176e1 4.13176e1
5.353528e2 1.110603e0 4.14249e1 4.14249e1
5.404032e2 1.110603e0 4.15321e1 4.15321e1
5.454536e2 1.110603e0 4.16394e1 4.16394e1
5.50504e2 1.110603e0 4.17467e1 4.17467e1
5.555544e2 1.110603e0 4.18538e1 4.18538e1
5.606048e2 1.110603e0 4.1961e1 4.1961e1
5.656552e2 1.110603e0 4.20683e1 4.20683e1
5.707056e2 1.110603e0 4.21756e1 4.21756e1
5.75756e2 1.110603e0 4.22829e1 4.22829e1
5.808064e2 1.110603e0 4.23901e1 4.23901e1
5.858568e2 1.110603e0 4.24974e1 4.24974e1
5.909072e2 1.110603e0 4.26047e1 4.26047e1
5.959576e2 1.110603e0 4.2712e1 4.2712e1
6.01008e2 1.110603e0 4.28192e1 4.28192e1
6.060584e2 1.110603e0 4.29265e1 4.29265e1
6.111088e2 1.110603e0 4.30338e1 4.30338e1
6.161592e2 1.110603e0 4.31409e1 4.31409e1
6.212096e2 1.110603e0 4.32481e1 4.32481e1
6.2626e2 1.110603e0 4.33554e1 4.33554e1
6.313104e2 1.110603e0 4.34627e1 4.34627e1
6.363608e2 1.110603e0 4.357e1 4.357e1
6.414112e2 1.110603e0 4.36772e1 4.36772e1
6.464616e2 1.110603e0 4.37845e1 4.37845e1
6.51512e2 1.110603e0 4.38918e1 4.38918e1
6.565624e2 1.110603e0 4.3999e1 4.3999e1
6.616128e2 1.110603e0 4.41063e1 4.41063e1
6.666632e2 1.110603e0 4.42136e1 4.42136e1
6.717136e2 1.110603e0 4.43208e1 4.43208e1
6.7676399e2 1.110603e0 4.4428e1 4.4428e1
6.8181439e2 1.110603e0 4.45352e1 4.45352e1
6.8686479e2 1.110603e0 4.46425e1 4.46425e1
6.9191519e2 1.110603e0 4.47498e1 4.47498e1
6.9696559e2 1.110603e0 4.4857e1 4.4857e1
7.0201599e2 1.110603e0 4.49643e1 4.49643e1
7.0706639e2 1.110603e0 4.50716e1 4.50716e1
7.1211679e2 1.110603e0 4.51788e1 4.51788e1
7.1716719e2 1.110603e0 4.52861e1 4.52861e1
7.2221759e2 1.110603e0 4.53934e1 4.53934e1
7.2726799e2 1.110603e0 4.55006e1 4.55006e1
7.3231839e2 1.110603e0 4.56078e1 4.56078e1
7.3736879e2 1.110603e0 4.5715e1 4.5715e1
7.4241919e2 1.110603e0 4.58223e1 4.58223e1
7.4746959e2 1.110603e0 4.59296e1 4.59296e1
7.5251999e2 1.110603e0 4.60368e1 4.60368e1
7.5757039e2 1.110603e0 4.61441e1 4.61441e1
7.6262079e2 1.110603e0 4.62514e1 4.62514e1
7.6767119e2 1.110603e0 4.63586e1 4.63586e1
7.7272159e2 1.110603e0 4.64659e1 4.64659e1
7.7777199e2 1.110603e0 4.65732e1 4.65732e1
7.8282239e2 1.110603e0 4.66805e1 4.66805e1
7.8787279e2 1.110603e0 4.67877e1 4.67877e1
7.9292319e2 1.110603e0 4.68948e1 4.68948e1
7.9797359e2 1.110603e0 4.70021e1 4.70021e1
8.0302399e2 1.110603e0 4.71094e1 4.71094e1
8.0807439e2 1.110603e0 4.72166e1 4.72166e1
8.1312479e2 1.110603e0 4.73239e1 4.73239e1
8.1817519e2 1.110603e0 4.74312e1 4.74312e1
8.2322559e2 1.110603e0 4.75385e1 4.75385e1
8.2827599e2 1.110603e0 4.76457e1 4.76457e1
8.3332639e2 1.110603e0 4.7753e1 4.7753e1
8.3837679e2 1.110603e0 4.78603e1 4.78603e1
8.4342719e2 1.110603e0 4.79675e1 4.79675e1
8.4847758e2 1.110603e0 4.80748e1 4.80748e1
8.5352798e2 1.110603e0 4.81819e1 4.81819e1
8.5857838e2 1.110603e0 4.82892e1 4.82892e1
8.6362878e2 1.110603e0 4.83965e1 4.83965e1
8.6867918e2 1.110603e0 4.85037e1 4.85037e1
8.7372958e2 1.110603e0 4.8611e1 4.8611e1
8.7877998e2 1.110603e0 4.87183e1 4.87183e1
8.8383038e2 1.110603e0 4.88255e1 4.88255e1
8.8888078e2 1.110603e0 4.89328e1 4.89328e1
8.9393118e2 1.110603e0 4.904e1 4.904e1
8.9898158e2 1.110603e0 4.91473e1 4.91473e1
9.0403198e2 1.110603e0 4.92546e1 4.92546e1
9.0908238e2 1.110603e0 4.93617e1 4.93617e1
9.1413278e2 1.110603e0 4.9469e1 4.9469e1
9.1918318e2 1.110603e0 4.95763e1 4.95763e1
9.2423358e2 1.110603e0 4.96835e1 4.96835e1
9.2928398e2 1.110603e0 4.97908e1 4.97908e1
9.3433438e2 1.110603e0 4.9898e1 4.9898e1
9.3938478e2 1.110603e0 5.00053e1 5.00053e1
9.4443518e2 1.110603e0 5.01126e1 5.01126e1
9.4948558e2 1.110603e0 5.02199e1 5.02199e1
9.5453598e2 1.110603e0 5.03271e1 5.03271e1
9.5958638e2 1.110603e0 5.04344e1 5.04344e1
9.6463678e2 1.110603e0 5.05417e1 5.05417e1
9.6968718e2 1.110603e0 5.06488e1 5.06488e1
9.7473758e2 1.110603e0 5.0756e1 5.0756e1
9.7978798e2 1.110603e0 5.08633e1 5.08633e1
9.8483838e2 1.110603e0 5.09706e1 5.09706e1
9.8988878e2 1.110603e0 5.10779e1 5.10779e1
9.9493918e2 1.110603e0 5.11852e1 5.11852e1
9.9998958e2 1.110603e0 5.12924e1 5.12924e1

5.0e2 1.312613e0 4.26155e1 4.26155e1
5.050504e2 1.312613e0 4.27423e1 4.27423e1
5.101008e2 1.312613e0 4.28691e1 4.28691e1
5.151512e2 1.312613e0 4.29959e1 4.29959e1
5.202016e2 1.312613e0 4.31227e1 4.31227e1
5.25252e2 1.312613e0 4.32494e1 4.32494e1
5.303024e2 1.312613e0 4.33762e1 4.33762e1
5.353528e2 1.312613e0 4.3503e1 4.3503e1
5.404032e2 1.312613e0 4.36298e1 4.36298e1
5.454536e2 1.312613e0 4.37564e1 4.37564e1
5.50504e2 1.312613e0 4.38832e1 4.38832e1
5.555544e2 1.312613e0 4.401e1 4.401e1
5.606048e2 1.312613e0 4.41368e1 4.41368e1
5.656552e2 1.312613e0 4.42635e1 4.42635e1
5.707056e2 1.312613e0 4.43903e1 4.43903e1
5.75756e2 1.312613e0 4.4517e1 4.4517e1
5.808064e2 1.312613e0 4.46439e1 4.46439e1
5.858568e2 1.312613e0 4.47707e1 4.47707e1
5.909072e2 1.312613e0 4.48973e1 4.48973e1
5.959576e2 1.312613e0 4.50241e1 4.50241e1
6.01008e2 1.312613e0 4.51509e1 4.51509e1
6.060584e2 1.312613e0 4.52777e1 4.52777e1
6.111088e2 1.312613e0 4.54044e1 4.54044e1
6.161592e2 1.312613e0 4.55312e1 4.55312e1
6.212096e2 1.312613e0 4.5658e1 4.5658e1
6.2626e2 1.312613e0 4.57848e1 4.57848e1
6.313104e2 1.312613e0 4.59114e1 4.59114e1
6.363608e2 1.312613e0 4.60382e1 4.60382e1
6.414112e2 1.312613e0 4.6165e1 4.6165e1
6.464616e2 1.312613e0 4.62918e1 4.62918e1
6.51512e2 1.312613e0 4.64186e1 4.64186e1
6.565624e2 1.312613e0 4.65453e1 4.65453e1
6.616128e2 1.312613e0 4.6672e1 4.6672e1
6.666632e2 1.312613e0 4.67989e1 4.67989e1
6.717136e2 1.312613e0 4.69257e1 4.69257e1
6.7676399e2 1.312613e0 4.70523e1 4.70523e1
6.8181439e2 1.312613e0 4.71791e1 4.71791e1
6.8686479e2 1.312613e0 4.73059e1 4.73059e1
6.9191519e2 1.312613e0 4.74327e1 4.74327e1
6.9696559e2 1.312613e0 4.75594e1 4.75594e1
7.0201599e2 1.312613e0 4.76862e1 4.76862e1
7.0706639e2 1.312613e0 4.7813e1 4.7813e1
7.1211679e2 1.312613e0 4.79398e1 4.79398e1
7.1716719e2 1.312613e0 4.80666e1 4.80666e1
7.2221759e2 1.312613e0 4.81932e1 4.81932e1
7.2726799e2 1.312613e0 4.832e1 4.832e1
7.3231839e2 1.312613e0 4.84468e1 4.84468e1
7.3736879e2 1.312613e0 4.85736e1 4.85736e1
7.4241919e2 1.312613e0 4.87003e1 4.87003e1
7.4746959e2 1.312613e0 4.8827e1 4.8827e1
7.5251999e2 1.312613e0 4.89539e1 4.89539e1
7.5757039e2 1.312613e0 4.90807e1 4.90807e1
7.6262079e2 1.312613e0 4.92073e1 4.92073e1
7.6767119e2 1.312613e0 4.93341e1 4.93341e1
7.7272159e2 1.312613e0 4.94609e1 4.94609e1
7.7777199e2 1.312613e0 4.95877e1 4.95877e1
7.8282239e2 1.312613e0 4.97144e1 4.97144e1
7.8787279e2 1.312613e0 4.98412e1 4.98412e1
7.9292319e2 1.312613e0 4.9968e1 4.9968e1
7.9797359e2 1.312613e0 5.00948e1 5.00948e1
8.0302399e2 1.312613e0 5.02216e1 5.02216e1
8.0807439e2 1.312613e0 5.03482e1 5.03482e1
8.1312479e2 1.312613e0 5.0475e1 5.0475e1
8.1817519e2 1.312613e0 5.06018e1 5.06018e1
8.2322559e2 1.312613e0 5.07286e1 5.07286e1
8.2827599e2 1.312613e0 5.08553e1 5.08553e1
8.3332639e2 1.312613e0 5.0982e1 5.0982e1
8.3837679e2 1.312613e0 5.11089e1 5.11089e1
8.4342719e2 1.312613e0 5.12357e1 5.12357e1
8.4847758e2 1.312613e0 5.13625e1 5.13625e1
8.5352798e2 1.312613e0 5.14891e1 5.14891e1
8.5857838e2 1.312613e0 5.16159e1 5.16159e1
8.6362878e2 1.312613e0 5.17427e1 5.17427e1
8.6867918e2 1.312613e0 5.18695e1 5.18695e1
8.7372958e2 1.312613e0 5.19962e1 5.19962e1
8.7877998e2 1.312613e0 5.2123e1 5.2123e1
8.8383038e2 1.312613e0 5.22498e1 5.22498e1
8.8888078e2 1.312613e0 5.23766e1 5.23766e1
8.9393118e2 1.312613e0 5.25032e1 5.25032e1
8.9898158e2 1.312613e0 5.263e1 5.263e1
9.0403198e2 1.312613e0 5.27568e1 5.27568e1
9.0908238e2 1.312613e0 5.28836e1 5.28836e1
9.1413278e2 1.312613e0 5.30103e1 5.30103e1
9.1918318e2 1.312613e0 5.3137e1 5.3137e1
9.2423358e2 1.312613e0 5.32639e1 5.32639e1
9.2928398e2 1.312613e0 5.33907e1 5.33907e1
9.3433438e2 1.312613e0 5.35175e1 5.35175e1
9.3938478e2 1.312613e0 5.36441e1 5.36441e1
9.4443518e2 1.312613e0 5.37709e1 5.37709e1
9.4948558e2 1.312613e0 5.38977e1 5.38977e1
9.5453598e2 1.312613e0 5.40245e1 5.40245e1
9.5958638e2 1.312613e0 5.41512e1 5.41512e1
9.6463678e2 1.312613e0 5.4278e1 5.4278e1
9.6968718e2 1.312613e0 5.44048e1 5.44048e1
9.7473758e2 1.312613e0 5.45316e1 5.45316e1
9.7978798e2 1.312613e0 5.46582e1 5.46582e1
9.8483838e2 1.312613e0 5.4785e1 5.4785e1
9.8988878e2 1.312613e0 5.49118e1 5.49118e1
9.9493918e2 1.312613e0 5.50386e1 5.50386e1
9.9998958e2 1.312613e0 5.51654e1 5.51654e1

5.0e2 1.514624e0 4.45572e1 4.45572e1
5.050504e2 1.514624e0 4.47034e1 4.47034e1
5.101008e2 1.514624e0 4.48497e1 4.48497e1
5.151512e2 1.514624e0 4.49959e1 4.49959e1
5.202016e2 1.514624e0 4.51422e1 4.51422e1
5.25252e2 1.514624e0 4.52885e1 4.52885e1
5.303024e2 1.514624e0 4.54347e1 4.54347e1
5.353528e2 1.514624e0 4.5581e1 4.5581e1
5.404032e2 1.514624e0 4.57274e1 4.57274e1
5.454536e2 1.514624e0 4.58736e1 4.58736e1
5.50504e2 1.514624e0 4.60199e1 4.60199e1
5.555544e2 1.514624e0 4.61661e1 4.61661e1
5.606048e2 1.514624e0 4.63124e1 4.63124e1
5.656552e2 1.514624e0 4.64587e1 4.64587e1
5.707056e2 1.514624e0 4.66049e1 4.66049e1
5.75756e2 1.514624e0 4.67513e1 4.67513e1
5.808064e2 1.514624e0 4.68976e1 4.68976e1
5.858568e2 1.514624e0 4.70438e1 4.70438e1
5.909072e2 1.514624e0 4.71901e1 4.71901e1
5.959576e2 1.514624e0 4.73363e1 4.73363e1
6.01008e2 1.514624e0 4.74826e1 4.74826e1
6.060584e2 1.514624e0 4.7629e1 4.7629e1
6.111088e2 1.514624e0 4.77751e1 4.77751e1
6.161592e2 1.514624e0 4.79214e1 4.79214e1
6.212096e2 1.514624e0 4.80678e1 4.80678e1
6.2626e2 1.514624e0 4.8214e1 4.8214e1
6.313104e2 1.514624e0 4.83603e1 4.83603e1
6.363608e2 1.514624e0 4.85065e1 4.85065e1
6.414112e2 1.514624e0 4.86528e1 4.86528e1
6.464616e2 1.514624e0 4.87991e1 4.87991e1
6.51512e2 1.514624e0 4.89453e1 4.89453e1
6.565624e2 1.514624e0 4.90916e1 4.90916e1
6.616128e2 1.514624e0 4.9238e1 4.9238e1
6.666632e2 1.514624e0 4.93842e1 4.93842e1
6.717136e2 1.514624e0 4.95305e1 4.95305e1
6.7676399e2 1.514624e0 4.96767e1 4.96767e1
6.8181439e2 1.514624e0 4.9823e1 4.9823e1
6.8686479e2 1.514624e0 4.99693e1 4.99693e1
6.9191519e2 1.514624e0 5.01155e1 5.01155e1
6.9696559e2 1.514624e0 5.02618e1 5.02618e1
7.0201599e2 1.514624e0 5.04082e1 5.04082e1
7.0706639e2 1.514624e0 5.05544e1 5.05544e1
7.1211679e2 1.514624e0 5.07007e1 5.07007e1
7.1716719e2 1.514624e0 5.08469e1 5.08469e1
7.2221759e2 1.514624e0 5.09932e1 5.09932e1
7.2726799e2 1.514624e0 5.11395e1 5.11395e1
7.3231839e2 1.514624e0 5.12857e1 5.12857e1
7.3736879e2 1.514624e0 5.1432e1 5.1432e1
7.4241919e2 1.514624e0 5.15784e1 5.15784e1
7.4746959e2 1.514624e0 5.17245e1 5.17245e1
7.5251999e2 1.514624e0 5.18709e1 5.18709e1
7.5757039e2 1.514624e0 5.2017e1 5.2017e1
7.6262079e2 1.514624e0 5.21634e1 5.21634e1
7.6767119e2 1.514624e0 5.23097e1 5.23097e1
7.7272159e2 1.514624e0 5.24559e1 5.24559e1
7.7777199e2 1.514624e0 5.26022e1 5.26022e1
7.8282239e2 1.514624e0 5.27486e1 5.27486e1
7.8787279e2 1.514624e0 5.28947e1 5.28947e1
7.9292319e2 1.514624e0 5.30411e1 5.30411e1
7.9797359e2 1.514624e0 5.31873e1 5.31873e1
8.0302399e2 1.514624e0 5.33336e1 5.33336e1
8.0807439e2 1.514624e0 5.34799e1 5.34799e1
8.1312479e2 1.514624e0 5.36261e1 5.36261e1
8.1817519e2 1.514624e0 5.37724e1 5.37724e1
8.2322559e2 1.514624e0 5.39188e1 5.39188e1
8.2827599e2 1.514624e0 5.4065e1 5.4065e1
8.3332639e2 1.514624e0 5.42113e1 5.42113e1
8.3837679e2 1.514624e0 5.43575e1 5.43575e1
8.4342719e2 1.514624e0 5.45038e1 5.45038e1
8.4847758e2 1.514624e0 5.46501e1 5.46501e1
8.5352798e2 1.514624e0 5.47963e1 5.47963e1
8.5857838e2 1.514624e0 5.49426e1 5.49426e1
8.6362878e2 1.514624e0 5.5089e1 5.5089e1
8.6867918e2 1.514624e0 5.52351e1 5.52351e1
8.7372958e2 1.514624e0 5.53815e1 5.53815e1
8.7877998e2 1.514624e0 5.55276e1 5.55276e1
8.8383038e2 1.514624e0 5.5674e1 5.5674e1
8.8888078e2 1.514624e0 5.58203e1 5.58203e1
8.9393118e2 1.514624e0 5.59665e1 5.59665e1
8.9898158e2 1.514624e0 5.61128e1 5.61128e1
9.0403198e2 1.514624e0 5.62592e1 5.62592e1
9.0908238e2 1.514624e0 5.64053e1 5.64053e1
9.1413278e2 1.514624e0 5.65517e1 5.65517e1
9.1918318e2 1.514624e0 5.66978e1 5.66978e1
9.2423358e2 1.514624e0 5.68442e1 5.68442e1
9.2928398e2 1.514624e0 5.69905e1 5.69905e1
9.3433438e2 1.514624e0 5.71367e1 5.71367e1
9.3938478e2 1.514624e0 5.7283e1 5.7283e1
9.4443518e2 1.514624e0 5.74294e1 5.74294e1
9.4948558e2 1.514624e0 5.75755e1 5.75755e1
9.5453598e2 1.514624e0 5.77219e1 5.77219e1
9.5958638e2 1.514624e0 5.7868e1 5.7868e1
9.6463678e2 1.514624e0 5.80144e1 5.80144e1
9.6968718e2 1.514624e0 5.81607e1 5.81607e1
9.7473758e2 1.514624e0 5.83069e1 5.83069e1
9.7978798e2 1.514624e0 5.84532e1 5.84532e1
9.8483838e2 1.514624e0 5.85995e1 5.85995e1
9.8988878e2 1.514624e0 5.87457e1 5.87457e1
9.9493918e2 1.514624e0 5.8892e1 5.8892e1
9.9998958e2 1.514624e0 5.90382e1 5.90382e1

5.0e2 1.716635e0 4.64987e1 4.64987e1
5.050504e2 1.716635e0 4.66644e1 4.66644e1
5.101008e2 1.716635e0 4.68303e1 4.68303e1
5.151512e2 1.716635e0 4.6996e1 4.6996e1
5.202016e2 1.716635e0 4.71619e1 4.71619e1
5.25252e2 1.716635e0 4.73276e1 4.73276e1
5.303024e2 1.716635e0 4.74934e1 4.74934e1
5.353528e2 1.716635e0 4.76591e1 4.76591e1
5.404032e2 1.716635e0 4.7825e1 4.7825e1
5.454536e2 1.716635e0 4.79907e1 4.79907e1
5.50504e2 1.716635e0 4.81564e1 4.81564e1
5.555544e2 1.716635e0 4.83223e1 4.83223e1
5.606048e2 1.716635e0 4.8488e1 4.8488e1
5.656552e2 1.716635e0 4.86539e1 4.86539e1
5.707056e2 1.716635e0 4.88196e1 4.88196e1
5.75756e2 1.716635e0 4.89854e1 4.89854e1
5.808064e2 1.716635e0 4.91512e1 4.91512e1
5.858568e2 1.716635e0 4.9317e1 4.9317e1
5.909072e2 1.716635e0 4.94827e1 4.94827e1
5.959576e2 1.716635e0 4.96486e1 4.96486e1
6.01008e2 1.716635e0 4.98143e1 4.98143e1
6.060584e2 1.716635e0 4.99802e1 4.99802e1
6.111088e2 1.716635e0 5.01459e1 5.01459e1
6.161592e2 1.716635e0 5.03117e1 5.03117e1
6.212096e2 1.716635e0 5.04774e1 5.04774e1
6.2626e2 1.716635e0 5.06433e1 5.06433e1
6.313104e2 1.716635e0 5.0809e1 5.0809e1
6.363608e2 1.716635e0 5.09749e1 5.09749e1
6.414112e2 1.716635e0 5.11406e1 5.11406e1
6.464616e2 1.716635e0 5.13065e1 5.13065e1
6.51512e2 1.716635e0 5.14722e1 5.14722e1
6.565624e2 1.716635e0 5.1638e1 5.1638e1
6.616128e2 1.716635e0 5.18037e1 5.18037e1
6.666632e2 1.716635e0 5.19696e1 5.19696e1
6.717136e2 1.716635e0 5.21353e1 5.21353e1
6.7676399e2 1.716635e0 5.2301e1 5.2301e1
6.8181439e2 1.716635e0 5.24669e1 5.24669e1
6.8686479e2 1.716635e0 5.26326e1 5.26326e1
6.9191519e2 1.716635e0 5.27985e1 5.27985e1
6.9696559e2 1.716635e0 5.29642e1 5.29642e1
7.0201599e2 1.716635e0 5.313e1 5.313e1
7.0706639e2 1.716635e0 5.32957e1 5.32957e1
7.1211679e2 1.716635e0 5.34616e1 5.34616e1
7.1716719e2 1.716635e0 5.36273e1 5.36273e1
7.2221759e2 1.716635e0 5.37932e1 5.37932e1
7.2726799e2 1.716635e0 5.39589e1 5.39589e1
7.3231839e2 1.716635e0 5.41248e1 5.41248e1
7.3736879e2 1.716635e0 5.42905e1 5.42905e1
7.4241919e2 1.716635e0 5.44563e1 5.44563e1
7.4746959e2 1.716635e0 5.4622e1 5.4622e1
7.5251999e2 1.716635e0 5.47879e1 5.47879e1
7.5757039e2 1.716635e0 5.49536e1 5.49536e1
7.6262079e2 1.716635e0 5.51195e1 5.51195e1
7.6767119e2 1.716635e0 5.52852e1 5.52852e1
7.7272159e2 1.716635e0 5.5451e1 5.5451e1
7.7777199e2 1.716635e0 5.56168e1 5.56168e1
7.8282239e2 1.716635e0 5.57826e1 5.57826e1
7.8787279e2 1.716635e0 5.59483e1 5.59483e1
7.9292319e2 1.716635e0 5.6114e1 5.6114e1
7.9797359e2 1.716635e0 5.62799e1 5.62799e1
8.0302399e2 1.716635e0 5.64456e1 5.64456e1
8.0807439e2 1.716635e0 5.66115e1 5.66115e1
8.1312479e2 1.716635e0 5.67772e1 5.67772e1
8.1817519e2 1.716635e0 5.6943e1 5.6943e1
8.2322559e2 1.716635e0 5.71088e1 5.71088e1
8.2827599e2 1.716635e0 5.72746e1 5.72746e1
8.3332639e2 1.716635e0 5.74403e1 5.74403e1
8.3837679e2 1.716635e0 5.76062e1 5.76062e1
8.4342719e2 1.716635e0 5.77719e1 5.77719e1
8.4847758e2 1.716635e0 5.79378e1 5.79378e1
8.5352798e2 1.716635e0 5.81035e1 5.81035e1
8.5857838e2 1.716635e0 5.82693e1 5.82693e1
8.6362878e2 1.716635e0 5.8435e1 5.8435e1
8.6867918e2 1.716635e0 5.86009e1 5.86009e1
8.7372958e2 1.716635e0 5.87666e1 5.87666e1
8.7877998e2 1.716635e0 5.89325e1 5.89325e1
8.8383038e2 1.716635e0 5.90982e1 5.90982e1
8.8888078e2 1.716635e0 5.9264e1 5.9264e1
8.9393118e2 1.716635e0 5.94298e1 5.94298e1
8.9898158e2 1.716635e0 5.95956e1 5.95956e1
9.0403198e2 1.716635e0 5.97614e1 5.97614e1
9.0908238e2 1.716635e0 5.9927e1 5.9927e1
9.1413278e2 1.716635e0 6.0093e1 6.0093e1
9.1918318e2 1.716635e0 6.02586e1 6.02586e1
9.2423358e2 1.716635e0 6.04245e1 6.04245e1
9.2928398e2 1.716635e0 6.05902e1 6.05902e1
9.3433438e2 1.716635e0 6.0756e1 6.0756e1
9.3938478e2 1.716635e0 6.09218e1 6.09218e1
9.4443518e2 1.716635e0 6.10876e1 6.10876e1
9.4948558e2 1.716635e0 6.12534e1 6.12534e1
9.5453598e2 1.716635e0 6.14192e1 6.14192e1
9.5958638e2 1.716635e0 6.1585e1 6.1585e1
9.6463678e2 1.716635e0 6.17508e1 6.17508e1
9.6968718e2 1.716635e0 6.19165e1 6.19165e1
9.7473758e2 1.716635e0 6.20824e1 6.20824e1
9.7978798e2 1.716635e0 6.22481e1 6.22481e1
9.8483838e2 1.716635e0 6.2414e1 6.2414e1
9.8988878e2 1.716635e0 6.25797e1 6.25797e1
9.9493918e2 1.716635e0 6.27455e1 6.27455e1
9.9998958e2 1.716635e0 6.29112e1 6.29112e1

5.0e2 1.918646e0 4.84402e1 4.84402e1
5.050504e2 1.918646e0 4.86255e1 4.86255e1
5.101008e2 1.918646e0 4.88109e1 4.88109e1
5.151512e2 1.918646e0 4.89961e1 4.89961e1
5.202016e2 1.918646e0 4.91814e1 4.91814e1
5.25252e2 1.918646e0 4.93668e1 4.93668e1
5.303024e2 1.918646e0 4.9552e1 4.9552e1
5.353528e2 1.918646e0 4.97372e1 4.97372e1
5.404032e2 1.918646e0 4.99226e1 4.99226e1
5.454536e2 1.918646e0 5.01079e1 5.01079e1
5.50504e2 1.918646e0 5.02931e1 5.02931e1
5.555544e2 1.918646e0 5.04785e1 5.04785e1
5.606048e2 1.918646e0 5.06638e1 5.06638e1
5.656552e2 1.918646e0 5.0849e1 5.0849e1
5.707056e2 1.918646e0 5.10344e1 5.10344e1
5.75756e2 1.918646e0 5.12196e1 5.12196e1
5.808064e2 1.918646e0 5.14049e1 5.14049e1
5.858568e2 1.918646e0 5.15903e1 5.15903e1
5.909072e2 1.918646e0 5.17755e1 5.17755e1
5.959576e2 1.918646e0 5.19608e1 5.19608e1
6.01008e2 1.918646e0 5.21461e1 5.21461e1
6.060584e2 1.918646e0 5.23314e1 5.23314e1
6.111088e2 1.918646e0 5.25166e1 5.25166e1
6.161592e2 1.918646e0 5.2702e1 5.2702e1
6.212096e2 1.918646e0 5.28873e1 5.28873e1
6.2626e2 1.918646e0 5.30725e1 5.30725e1
6.313104e2 1.918646e0 5.32579e1 5.32579e1
6.363608e2 1.918646e0 5.34431e1 5.34431e1
6.414112e2 1.918646e0 5.36284e1 5.36284e1
6.464616e2 1.918646e0 5.38138e1 5.38138e1
6.51512e2 1.918646e0 5.3999e1 5.3999e1
6.565624e2 1.918646e0 5.41843e1 5.41843e1
6.616128e2 1.918646e0 5.43697e1 5.43697e1
6.666632e2 1.918646e0 5.45549e1 5.45549e1
6.717136e2 1.918646e0 5.47401e1 5.47401e1
6.7676399e2 1.918646e0 5.49255e1 5.49255e1
6.8181439e2 1.918646e0 5.51108e1 5.51108e1
6.8686479e2 1.918646e0 5.5296e1 5.5296e1
6.9191519e2 1.918646e0 5.54814e1 5.54814e1
6.9696559e2 1.918646e0 5.56667e1 5.56667e1
7.0201599e2 1.918646e0 5.58519e1 5.58519e1
7.0706639e2 1.918646e0 5.60373e1 5.60373e1
7.1211679e2 1.918646e0 5.62225e1 5.62225e1
7.1716719e2 1.918646e0 5.64078e1 5.64078e1
7.2221759e2 1.918646e0 5.65932e1 5.65932e1
7.2726799e2 1.918646e0 5.67784e1 5.67784e1
7.3231839e2 1.918646e0 5.69637e1 5.69637e1
7.3736879e2 1.918646e0 5.7149e1 5.7149e1
7.4241919e2 1.918646e0 5.73343e1 5.73343e1
7.4746959e2 1.918646e0 5.75195e1 5.75195e1
7.5251999e2 1.918646e0 5.7705e1 5.7705e1
7.5757039e2 1.918646e0 5.78902e1 5.78902e1
7.6262079e2 1.918646e0 5.80754e1 5.80754e1
7.6767119e2 1.918646e0 5.82608e1 5.82608e1
7.7272159e2 1.918646e0 5.8446e1 5.8446e1
7.7777199e2 1.918646e0 5.86313e1 5.86313e1
7.8282239e2 1.918646e0 5.88167e1 5.88167e1
7.8787279e2 1.918646e0 5.90019e1 5.90019e1
7.9292319e2 1.918646e0 5.91872e1 5.91872e1
7.9797359e2 1.918646e0 5.93726e1 5.93726e1
8.0302399e2 1.918646e0 5.95578e1 5.95578e1
8.0807439e2 1.918646e0 5.9743e1 5.9743e1
8.1312479e2 1.918646e0 5.99284e1 5.99284e1
8.1817519e2 1.918646e0 6.01137e1 6.01137e1
8.2322559e2 1.918646e0 6.02989e1 6.02989e1
8.2827599e2 1.918646e0 6.04843e1 6.04843e1
8.3332639e2 1.918646e0 6.06696e1 6.06696e1
8.3837679e2 1.918646e0 6.08548e1 6.08548e1
8.4342719e2 1.918646e0 6.10402e1 6.10402e1
8.4847758e2 1.918646e0 6.12254e1 6.12254e1
8.5352798e2 1.918646e0 6.14107e1 6.14107e1
8.5857838e2 1.918646e0 6.1596e1 6.1596e1
8.6362878e2 1.918646e0 6.17813e1 6.17813e1
8.6867918e2 1.918646e0 6.19666e1 6.19666e1
8.7372958e2 1.918646e0 6.2152e1 6.2152e1
8.7877998e2 1.918646e0 6.23372e1 6.23372e1
8.8383038e2 1.918646e0 6.25224e1 6.25224e1
8.8888078e2 1.918646e0 6.27078e1 6.27078e1
8.9393118e2 1.918646e0 6.2893e1 6.2893e1
8.9898158e2 1.918646e0 6.30783e1 6.30783e1
9.0403198e2 1.918646e0 6.32637e1 6.32637e1
9.0908238e2 1.918646e0 6.3449e1 6.3449e1
9.1413278e2 1.918646e0 6.36342e1 6.36342e1
9.1918318e2 1.918646e0 6.38196e1 6.38196e1
9.2423358e2 1.918646e0 6.40048e1 6.40048e1
9.2928398e2 1.918646e0 6.419e1 6.419e1
9.3433438e2 1.918646e0 6.43755e1 6.43755e1
9.3938478e2 1.918646e0 6.45607e1 6.45607e1
9.4443518e2 1.918646e0 6.4746e1 6.4746e1
9.4948558e2 1.918646e0 6.49313e1 6.49313e1
9.5453598e2 1.918646e0 6.51166e1 6.51166e1
9.5958638e2 1.918646e0 6.53018e1 6.53018e1
9.6463678e2 1.918646e0 6.54872e1 6.54872e1
9.6968718e2 1.918646e0 6.56725e1 6.56725e1
9.7473758e2 1.918646e0 6.58577e1 6.58577e1
9.7978798e2 1.918646e0 6.60431e1 6.60431e1
9.8483838e2 1.918646e0 6.62283e1 6.62283e1
9.8988878e2 1.918646e0 6.64136e1 6.64136e1
9.9493918e2 1.918646e0 6.6599e1 6.6599e1
9.9998958e2 1.918646e0 6.67842e1 6.67842e1

5.0e2 2.120657e0 5.03818e1 5.03818e1
5.050504e2 2.120657e0 5.05865e1 5.05865e1
5.101008e2 2.120657e0 5.07913e1 5.07913e1
5.151512e2 2.120657e0 5.09962e1 5.09962e1
5.202016e2 2.120657e0 5.1201e1 5.1201e1
5.25252e2 2.120657e0 5.14058e1 5.14058e1
5.303024e2 2.120657e0 5.16106e1 5.16106e1
5.353528e2 2.120657e0 5.18153e1 5.18153e1
5.404032e2 2.120657e0 5.20201e1 5.20201e1
5.454536e2 2.120657e0 5.2225e1 5.2225e1
5.50504e2 2.120657e0 5.24298e1 5.24298e1
5.555544e2 2.120657e0 5.26346e1 5.26346e1
5.606048e2 2.120657e0 5.28394e1 5.28394e1
5.656552e2 2.120657e0 5.30441e1 5.30441e1
5.707056e2 2.120657e0 5.3249e1 5.3249e1
5.75756e2 2.120657e0 5.34538e1 5.34538e1
5.808064e2 2.120657e0 5.36586e1 5.36586e1
5.858568e2 2.120657e0 5.38634e1 5.38634e1
5.909072e2 2.120657e0 5.40681e1 5.40681e1
5.959576e2 2.120657e0 5.4273e1 5.4273e1
6.01008e2 2.120657e0 5.44778e1 5.44778e1
6.060584e2 2.120657e0 5.46826e1 5.46826e1
6.111088e2 2.120657e0 5.48874e1 5.48874e1
6.161592e2 2.120657e0 5.50922e1 5.50922e1
6.212096e2 2.120657e0 5.52971e1 5.52971e1
6.2626e2 2.120657e0 5.55019e1 5.55019e1
6.313104e2 2.120657e0 5.57066e1 5.57066e1
6.363608e2 2.120657e0 5.59114e1 5.59114e1
6.414112e2 2.120657e0 5.61162e1 5.61162e1
6.464616e2 2.120657e0 5.6321e1 5.6321e1
6.51512e2 2.120657e0 5.65259e1 5.65259e1
6.565624e2 2.120657e0 5.67307e1 5.67307e1
6.616128e2 2.120657e0 5.69354e1 5.69354e1
6.666632e2 2.120657e0 5.71402e1 5.71402e1
6.717136e2 2.120657e0 5.7345e1 5.7345e1
6.7676399e2 2.120657e0 5.75499e1 5.75499e1
6.8181439e2 2.120657e0 5.77547e1 5.77547e1
6.8686479e2 2.120657e0 5.79594e1 5.79594e1
6.9191519e2 2.120657e0 5.81642e1 5.81642e1
6.9696559e2 2.120657e0 5.8369e1 5.8369e1
7.0201599e2 2.120657e0 5.85739e1 5.85739e1
7.0706639e2 2.120657e0 5.87787e1 5.87787e1
7.1211679e2 2.120657e0 5.89835e1 5.89835e1
7.1716719e2 2.120657e0 5.91882e1 5.91882e1
7.2221759e2 2.120657e0 5.9393e1 5.9393e1
7.2726799e2 2.120657e0 5.9598e1 5.9598e1
7.3231839e2 2.120657e0 5.98027e1 5.98027e1
7.3736879e2 2.120657e0 6.00075e1 6.00075e1
7.4241919e2 2.120657e0 6.02122e1 6.02122e1
7.4746959e2 2.120657e0 6.0417e1 6.0417e1
7.5251999e2 2.120657e0 6.06218e1 6.06218e1
7.5757039e2 2.120657e0 6.08267e1 6.08267e1
7.6262079e2 2.120657e0 6.10315e1 6.10315e1
7.6767119e2 2.120657e0 6.12363e1 6.12363e1
7.7272159e2 2.120657e0 6.1441e1 6.1441e1
7.7777199e2 2.120657e0 6.16458e1 6.16458e1
7.8282239e2 2.120657e0 6.18507e1 6.18507e1
7.8787279e2 2.120657e0 6.20555e1 6.20555e1
7.9292319e2 2.120657e0 6.22603e1 6.22603e1
7.9797359e2 2.120657e0 6.2465e1 6.2465e1
8.0302399e2 2.120657e0 6.26698e1 6.26698e1
8.0807439e2 2.120657e0 6.28748e1 6.28748e1
8.1312479e2 2.120657e0 6.30795e1 6.30795e1
8.1817519e2 2.120657e0 6.32843e1 6.32843e1
8.2322559e2 2.120657e0 6.3489e1 6.3489e1
8.2827599e2 2.120657e0 6.36938e1 6.36938e1
8.3332639e2 2.120657e0 6.38988e1 6.38988e1
8.3837679e2 2.120657e0 6.41035e1 6.41035e1
8.4342719e2 2.120657e0 6.43083e1 6.43083e1
8.4847758e2 2.120657e0 6.45131e1 6.45131e1
8.5352798e2 2.120657e0 6.47179e1 6.47179e1
8.5857838e2 2.120657e0 6.49226e1 6.49226e1
8.6362878e2 2.120657e0 6.51276e1 6.51276e1
8.6867918e2 2.120657e0 6.53323e1 6.53323e1
8.7372958e2 2.120657e0 6.55371e1 6.55371e1
8.7877998e2 2.120657e0 6.57419e1 6.57419e1
8.8383038e2 2.120657e0 6.59467e1 6.59467e1
8.8888078e2 2.120657e0 6.61516e1 6.61516e1
8.9393118e2 2.120657e0 6.63564e1 6.63564e1
8.9898158e2 2.120657e0 6.65611e1 6.65611e1
9.0403198e2 2.120657e0 6.67659e1 6.67659e1
9.0908238e2 2.120657e0 6.69707e1 6.69707e1
9.1413278e2 2.120657e0 6.71756e1 6.71756e1
9.1918318e2 2.120657e0 6.73804e1 6.73804e1
9.2423358e2 2.120657e0 6.75851e1 6.75851e1
9.2928398e2 2.120657e0 6.77899e1 6.77899e1
9.3433438e2 2.120657e0 6.79947e1 6.79947e1
9.3938478e2 2.120657e0 6.81995e1 6.81995e1
9.4443518e2 2.120657e0 6.84044e1 6.84044e1
9.4948558e2 2.120657e0 6.86092e1 6.86092e1
9.5453598e2 2.120657e0 6.8814e1 6.8814e1
9.5958638e2 2.120657e0 6.90187e1 6.90187e1
9.6463678e2 2.120657e0 6.92235e1 6.92235e1
9.6968718e2 2.120657e0 6.94284e1 6.94284e1
9.7473758e2 2.120657e0 6.96332e1 6.96332e1
9.7978798e2 2.120657e0 6.9838e1 6.9838e1
9.8483838e2 2.120657e0 7.00427e1 7.00427e1
9.8988878e2 2.120657e0 7.02475e1 7.02475e1
9.9493918e2 2.120657e0 7.04524e1 7.04524e1
9.9998958e2 2.120657e0 7.06572e1 7.06572e1

5.0e2 2.322668e0 5.23233e1 5.23233e1
5.050504e2 2.322668e0 5.25476e1 5.25476e1
5.101008e2 2.322668e0 5.27719e1 5.27719e1
5.151512e2 2.322668e0 5.29962e1 5.29962e1
5.202016e2 2.322668e0 5.32205e1 5.32205e1
5.25252e2 2.322668e0 5.34448e1 5.34448e1
5.303024e2 2.322668e0 5.36691e1 5.36691e1
5.353528e2 2.322668e0 5.38934e1 5.38934e1
5.404032e2 2.322668e0 5.41177e1 5.41177e1
5.454536e2 2.322668e0 5.43422e1 5.43422e1
5.50504e2 2.322668e0 5.45665e1 5.45665e1
5.555544e2 2.322668e0 5.47908e1 5.47908e1
5.606048e2 2.322668e0 5.50151e1 5.50151e1
5.656552e2 2.322668e0 5.52394e1 5.52394e1
5.707056e2 2.322668e0 5.54637e1 5.54637e1
5.75756e2 2.322668e0 5.5688e1 5.5688e1
5.808064e2 2.322668e0 5.59123e1 5.59123e1
5.858568e2 2.322668e0 5.61366e1 5.61366e1
5.909072e2 2.322668e0 5.6361e1 5.6361e1
5.959576e2 2.322668e0 5.65852e1 5.65852e1
6.01008e2 2.322668e0 5.68095e1 5.68095e1
6.060584e2 2.322668e0 5.70338e1 5.70338e1
6.111088e2 2.322668e0 5.72581e1 5.72581e1
6.161592e2 2.322668e0 5.74825e1 5.74825e1
6.212096e2 2.322668e0 5.77068e1 5.77068e1
6.2626e2 2.322668e0 5.7931e1 5.7931e1
6.313104e2 2.322668e0 5.81554e1 5.81554e1
6.363608e2 2.322668e0 5.83797e1 5.83797e1
6.414112e2 2.322668e0 5.8604e1 5.8604e1
6.464616e2 2.322668e0 5.88283e1 5.88283e1
6.51512e2 2.322668e0 5.90526e1 5.90526e1
6.565624e2 2.322668e0 5.9277e1 5.9277e1
6.616128e2 2.322668e0 5.95013e1 5.95013e1
6.666632e2 2.322668e0 5.97256e1 5.97256e1
6.717136e2 2.322668e0 5.995e1 5.995e1
6.7676399e2 2.322668e0 6.01743e1 6.01743e1
6.8181439e2 2.322668e0 6.03986e1 6.03986e1
6.8686479e2 2.322668e0 6.06229e1 6.06229e1
6.9191519e2 2.322668e0 6.08472e1 6.08472e1
6.9696559e2 2.322668e0 6.10715e1 6.10715e1
7.0201599e2 2.322668e0 6.12958e1 6.12958e1
7.0706639e2 2.322668e0 6.15201e1 6.15201e1
7.1211679e2 2.322668e0 6.17444e1 6.17444e1
7.1716719e2 2.322668e0 6.19687e1 6.19687e1
7.2221759e2 2.322668e0 6.2193e1 6.2193e1
7.2726799e2 2.322668e0 6.24173e1 6.24173e1
7.3231839e2 2.322668e0 6.26416e1 6.26416e1
7.3736879e2 2.322668e0 6.28659e1 6.28659e1
7.4241919e2 2.322668e0 6.30902e1 6.30902e1
7.4746959e2 2.322668e0 6.33145e1 6.33145e1
7.5251999e2 2.322668e0 6.35388e1 6.35388e1
7.5757039e2 2.322668e0 6.37631e1 6.37631e1
7.6262079e2 2.322668e0 6.39876e1 6.39876e1
7.6767119e2 2.322668e0 6.42119e1 6.42119e1
7.7272159e2 2.322668e0 6.44362e1 6.44362e1
7.7777199e2 2.322668e0 6.46605e1 6.46605e1
7.8282239e2 2.322668e0 6.48848e1 6.48848e1
7.8787279e2 2.322668e0 6.51091e1 6.51091e1
7.9292319e2 2.322668e0 6.53334e1 6.53334e1
7.9797359e2 2.322668e0 6.55577e1 6.55577e1
8.0302399e2 2.322668e0 6.5782e1 6.5782e1
8.0807439e2 2.322668e0 6.60063e1 6.60063e1
8.1312479e2 2.322668e0 6.62306e1 6.62306e1
8.1817519e2 2.322668e0 6.6455e1 6.6455e1
8.2322559e2 2.322668e0 6.66792e1 6.66792e1
8.2827599e2 2.322668e0 6.69035e1 6.69035e1
8.3332639e2 2.322668e0 6.71278e1 6.71278e1
8.3837679e2 2.322668e0 6.73521e1 6.73521e1
8.4342719e2 2.322668e0 6.75764e1 6.75764e1
8.4847758e2 2.322668e0 6.78008e1 6.78008e1
8.5352798e2 2.322668e0 6.8025e1 6.8025e1
8.5857838e2 2.322668e0 6.82494e1 6.82494e1
8.6362878e2 2.322668e0 6.84737e1 6.84737e1
8.6867918e2 2.322668e0 6.8698e1 6.8698e1
8.7372958e2 2.322668e0 6.89223e1 6.89223e1
8.7877998e2 2.322668e0 6.91467e1 6.91467e1
8.8383038e2 2.322668e0 6.9371e1 6.9371e1
8.8888078e2 2.322668e0 6.95953e1 6.95953e1
8.9393118e2 2.322668e0 6.98196e1 6.98196e1
8.9898158e2 2.322668e0 7.0044e1 7.0044e1
9.0403198e2 2.322668e0 7.02682e1 7.02682e1
9.0908238e2 2.322668e0 7.04926e1 7.04926e1
9.1413278e2 2.322668e0 7.07169e1 7.07169e1
9.1918318e2 2.322668e0 7.09412e1 7.09412e1
9.2423358e2 2.322668e0 7.11655e1 7.11655e1
9.2928398e2 2.322668e0 7.13898e1 7.13898e1
9.3433438e2 2.322668e0 7.1614e1 7.1614e1
9.3938478e2 2.322668e0 7.18384e1 7.18384e1
9.4443518e2 2.322668e0 7.20627e1 7.20627e1
9.4948558e2 2.322668e0 7.2287e1 7.2287e1
9.5453598e2 2.322668e0 7.25113e1 7.25113e1
9.5958638e2 2.322668e0 7.27356e1 7.27356e1
9.6463678e2 2.322668e0 7.29599e1 7.29599e1
9.6968718e2 2.322668e0 7.31842e1 7.31842e1
9.7473758e2 2.322668e0 7.34085e1 7.34085e1
9.7978798e2 2.322668e0 7.36328e1 7.36328e1
9.8483838e2 2.322668e0 7.38571e1 7.38571e1
9.8988878e2 2.322668e0 7.40816e1 7.40816e1
9.9493918e2 2.322668e0 7.43059e1 7.43059e1
9.9998958e2 2.322668e0 7.45302e1 7.45302e1

5.0e2 2.52468e0 5.42648e1 5.42648e1
5.050504e2 2.52468e0 5.45087e1 5.45087e1
5.101008e2 2.52468e0 5.47525e1 5.47525e1
5.151512e2 2.52468e0 5.49963e1 5.49963e1
5.202016e2 2.52468e0 5.52402e1 5.52402e1
5.25252e2 2.52468e0 5.5484e1 5.5484e1
5.303024e2 2.52468e0 5.57278e1 5.57278e1
5.353528e2 2.52468e0 5.59717e1 5.59717e1
5.404032e2 2.52468e0 5.62154e1 5.62154e1
5.454536e2 2.52468e0 5.64592e1 5.64592e1
5.50504e2 2.52468e0 5.6703e1 5.6703e1
5.555544e2 2.52468e0 5.69469e1 5.69469e1
5.606048e2 2.52468e0 5.71907e1 5.71907e1
5.656552e2 2.52468e0 5.74345e1 5.74345e1
5.707056e2 2.52468e0 5.76784e1 5.76784e1
5.75756e2 2.52468e0 5.79222e1 5.79222e1
5.808064e2 2.52468e0 5.8166e1 5.8166e1
5.858568e2 2.52468e0 5.84099e1 5.84099e1
5.909072e2 2.52468e0 5.86536e1 5.86536e1
5.959576e2 2.52468e0 5.88974e1 5.88974e1
6.01008e2 2.52468e0 5.91412e1 5.91412e1
6.060584e2 2.52468e0 5.9385e1 5.9385e1
6.111088e2 2.52468e0 5.96289e1 5.96289e1
6.161592e2 2.52468e0 5.98727e1 5.98727e1
6.212096e2 2.52468e0 6.01166e1 6.01166e1
6.2626e2 2.52468e0 6.03604e1 6.03604e1
6.313104e2 2.52468e0 6.06042e1 6.06042e1
6.363608e2 2.52468e0 6.08481e1 6.08481e1
6.414112e2 2.52468e0 6.10918e1 6.10918e1
6.464616e2 2.52468e0 6.13356e1 6.13356e1
6.51512e2 2.52468e0 6.15794e1 6.15794e1
6.565624e2 2.52468e0 6.18233e1 6.18233e1
6.616128e2 2.52468e0 6.20671e1 6.20671e1
6.666632e2 2.52468e0 6.2311e1 6.2311e1
6.717136e2 2.52468e0 6.25548e1 6.25548e1
6.7676399e2 2.52468e0 6.27986e1 6.27986e1
6.8181439e2 2.52468e0 6.30424e1 6.30424e1
6.8686479e2 2.52468e0 6.32863e1 6.32863e1
6.9191519e2 2.52468e0 6.353e1 6.353e1
6.9696559e2 2.52468e0 6.37738e1 6.37738e1
7.0201599e2 2.52468e0 6.40176e1 6.40176e1
7.0706639e2 2.52468e0 6.42615e1 6.42615e1
7.1211679e2 2.52468e0 6.45053e1 6.45053e1
7.1716719e2 2.52468e0 6.47491e1 6.47491e1
7.2221759e2 2.52468e0 6.4993e1 6.4993e1
7.2726799e2 2.52468e0 6.52368e1 6.52368e1
7.3231839e2 2.52468e0 6.54807e1 6.54807e1
7.3736879e2 2.52468e0 6.57245e1 6.57245e1
7.4241919e2 2.52468e0 6.59682e1 6.59682e1
7.4746959e2 2.52468e0 6.6212e1 6.6212e1
7.5251999e2 2.52468e0 6.64558e1 6.64558e1
7.5757039e2 2.52468e0 6.66997e1 6.66997e1
7.6262079e2 2.52468e0 6.69435e1 6.69435e1
7.6767119e2 2.52468e0 6.71873e1 6.71873e1
7.7272159e2 2.52468e0 6.74312e1 6.74312e1
7.7777199e2 2.52468e0 6.7675e1 6.7675e1
7.8282239e2 2.52468e0 6.79189e1 6.79189e1
7.8787279e2 2.52468e0 6.81627e1 6.81627e1
7.9292319e2 2.52468e0 6.84064e1 6.84064e1
7.9797359e2 2.52468e0 6.86502e1 6.86502e1
8.0302399e2 2.52468e0 6.8894e1 6.8894e1
8.0807439e2 2.52468e0 6.91379e1 6.91379e1
8.1312479e2 2.52468e0 6.93817e1 6.93817e1
8.1817519e2 2.52468e0 6.96255e1 6.96255e1
8.2322559e2 2.52468e0 6.98694e1 6.98694e1
8.2827599e2 2.52468e0 7.01132e1 7.01132e1
8.3332639e2 2.52468e0 7.0357e1 7.0357e1
8.3837679e2 2.52468e0 7.06009e1 7.06009e1
8.4342719e2 2.52468e0 7.08446e1 7.08446e1
8.4847758e2 2.52468e0 7.10884e1 7.10884e1
8.5352798e2 2.52468e0 7.13322e1 7.13322e1
8.5857838e2 2.52468e0 7.15761e1 7.15761e1
8.6362878e2 2.52468e0 7.18199e1 7.18199e1
8.6867918e2 2.52468e0 7.20638e1 7.20638e1
8.7372958e2 2.52468e0 7.23076e1 7.23076e1
8.7877998e2 2.52468e0 7.25514e1 7.25514e1
8.8383038e2 2.52468e0 7.27953e1 7.27953e1
8.8888078e2 2.52468e0 7.30391e1 7.30391e1
8.9393118e2 2.52468e0 7.32828e1 7.32828e1
8.9898158e2 2.52468e0 7.35266e1 7.35266e1
9.0403198e2 2.52468e0 7.37704e1 7.37704e1
9.0908238e2 2.52468e0 7.40143e1 7.40143e1
9.1413278e2 2.52468e0 7.42581e1 7.42581e1
9.1918318e2 2.52468e0 7.4502e1 7.4502e1
9.2423358e2 2.52468e0 7.47458e1 7.47458e1
9.2928398e2 2.52468e0 7.49896e1 7.49896e1
9.3433438e2 2.52468e0 7.52335e1 7.52335e1
9.3938478e2 2.52468e0 7.54773e1 7.54773e1
9.4443518e2 2.52468e0 7.5721e1 7.5721e1
9.4948558e2 2.52468e0 7.59648e1 7.59648e1
9.5453598e2 2.52468e0 7.62086e1 7.62086e1
9.5958638e2 2.52468e0 7.64525e1 7.64525e1
9.6463678e2 2.52468e0 7.66963e1 7.66963e1
9.6968718e2 2.52468e0 7.69402e1 7.69402e1
9.7473758e2 2.52468e0 7.7184e1 7.7184e1
9.7978798e2 2.52468e0 7.74278e1 7.74278e1
9.8483838e2 2.52468e0 7.76717e1 7.76717e1
9.8988878e2 2.52468e0 7.79155e1 7.79155e1
9.9493918e2 2.52468e0 7.81592e1 7.81592e1
9.9998958e2 2.52468e0 7.8403e1 7.8403e1

5.0e2 2.72669e0 5.62064e1 5.62064e1
5.050504e2 2.72669e0 5.64697e1 5.64697e1
5.101008e2 2.72669e0 5.67331e1 5.67331e1
5.151512e2 2.72669e0 5.69965e1 5.69965e1
5.202016e2 2.72669e0 5.72597e1 5.72597e1
5.25252e2 2.72669e0 5.7523e1 5.7523e1
5.303024e2 2.72669e0 5.77864e1 5.77864e1
5.353528e2 2.72669e0 5.80498e1 5.80498e1
5.404032e2 2.72669e0 5.8313e1 5.8313e1
5.454536e2 2.72669e0 5.85764e1 5.85764e1
5.50504e2 2.72669e0 5.88397e1 5.88397e1
5.555544e2 2.72669e0 5.91031e1 5.91031e1
5.606048e2 2.72669e0 5.93663e1 5.93663e1
5.656552e2 2.72669e0 5.96297e1 5.96297e1
5.707056e2 2.72669e0 5.9893e1 5.9893e1
5.75756e2 2.72669e0 6.01564e1 6.01564e1
5.808064e2 2.72669e0 6.04196e1 6.04196e1
5.858568e2 2.72669e0 6.0683e1 6.0683e1
5.909072e2 2.72669e0 6.09464e1 6.09464e1
5.959576e2 2.72669e0 6.12097e1 6.12097e1
6.01008e2 2.72669e0 6.1473e1 6.1473e1
6.060584e2 2.72669e0 6.17363e1 6.17363e1
6.111088e2 2.72669e0 6.19997e1 6.19997e1
6.161592e2 2.72669e0 6.2263e1 6.2263e1
6.212096e2 2.72669e0 6.25262e1 6.25262e1
6.2626e2 2.72669e0 6.27896e1 6.27896e1
6.313104e2 2.72669e0 6.3053e1 6.3053e1
6.363608e2 2.72669e0 6.33163e1 6.33163e1
6.414112e2 2.72669e0 6.35797e1 6.35797e1
6.464616e2 2.72669e0 6.3843e1 6.3843e1
6.51512e2 2.72669e0 6.41063e1 6.41063e1
6.565624e2 2.72669e0 6.43697e1 6.43697e1
6.616128e2 2.72669e0 6.4633e1 6.4633e1
6.666632e2 2.72669e0 6.48962e1 6.48962e1
6.717136e2 2.72669e0 6.51596e1 6.51596e1
6.7676399e2 2.72669e0 6.5423e1 6.5423e1
6.8181439e2 2.72669e0 6.56863e1 6.56863e1
6.8686479e2 2.72669e0 6.59496e1 6.59496e1
6.9191519e2 2.72669e0 6.62129e1 6.62129e1
6.9696559e2 2.72669e0 6.64763e1 6.64763e1
7.0201599e2 2.72669e0 6.67397e1 6.67397e1
7.0706639e2 2.72669e0 6.70029e1 6.70029e1
7.1211679e2 2.72669e0 6.72662e1 6.72662e1
7.1716719e2 2.72669e0 6.75296e1 6.75296e1
7.2221759e2 2.72669e0 6.7793e1 6.7793e1
7.2726799e2 2.72669e0 6.80562e1 6.80562e1
7.3231839e2 2.72669e0 6.83195e1 6.83195e1
7.3736879e2 2.72669e0 6.85829e1 6.85829e1
7.4241919e2 2.72669e0 6.88463e1 6.88463e1
7.4746959e2 2.72669e0 6.91095e1 6.91095e1
7.5251999e2 2.72669e0 6.93729e1 6.93729e1
7.5757039e2 2.72669e0 6.96362e1 6.96362e1
7.6262079e2 2.72669e0 6.98996e1 6.98996e1
7.6767119e2 2.72669e0 7.01628e1 7.01628e1
7.7272159e2 2.72669e0 7.04262e1 7.04262e1
7.7777199e2 2.72669e0 7.06895e1 7.06895e1
7.8282239e2 2.72669e0 7.09529e1 7.09529e1
7.8787279e2 2.72669e0 7.12161e1 7.12161e1
7.9292319e2 2.72669e0 7.14795e1 7.14795e1
7.9797359e2 2.72669e0 7.17429e1 7.17429e1
8.0302399e2 2.72669e0 7.20062e1 7.20062e1
8.0807439e2 2.72669e0 7.22694e1 7.22694e1
8.1312479e2 2.72669e0 7.25328e1 7.25328e1
8.1817519e2 2.72669e0 7.27962e1 7.27962e1
8.2322559e2 2.72669e0 7.30595e1 7.30595e1
8.2827599e2 2.72669e0 7.33229e1 7.33229e1
8.3332639e2 2.72669e0 7.35861e1 7.35861e1
8.3837679e2 2.72669e0 7.38495e1 7.38495e1
8.4342719e2 2.72669e0 7.41129e1 7.41129e1
8.4847758e2 2.72669e0 7.43762e1 7.43762e1
8.5352798e2 2.72669e0 7.46394e1 7.46394e1
8.5857838e2 2.72669e0 7.49028e1 7.49028e1
8.6362878e2 2.72669e0 7.51662e1 7.51662e1
8.6867918e2 2.72669e0 7.54295e1 7.54295e1
8.7372958e2 2.72669e0 7.56927e1 7.56927e1
8.7877998e2 2.72669e0 7.59561e1 7.59561e1
8.8383038e2 2.72669e0 7.62195e1 7.62195e1
8.8888078e2 2.72669e0 7.64828e1 7.64828e1
8.9393118e2 2.72669e0 7.6746e1 7.6746e1
8.9898158e2 2.72669e0 7.70094e1 7.70094e1
9.0403198e2 2.72669e0 7.72728e1 7.72728e1
9.0908238e2 2.72669e0 7.75362e1 7.75362e1
9.1413278e2 2.72669e0 7.77994e1 7.77994e1
9.1918318e2 2.72669e0 7.80627e1 7.80627e1
9.2423358e2 2.72669e0 7.83261e1 7.83261e1
9.2928398e2 2.72669e0 7.85895e1 7.85895e1
9.3433438e2 2.72669e0 7.88527e1 7.88527e1
9.3938478e2 2.72669e0 7.9116e1 7.9116e1
9.4443518e2 2.72669e0 7.93794e1 7.93794e1
9.4948558e2 2.72669e0 7.96428e1 7.96428e1
9.5453598e2 2.72669e0 7.9906e1 7.9906e1
9.5958638e2 2.72669e0 8.01694e1 8.01694e1
9.6463678e2 2.72669e0 8.04327e1 8.04327e1
9.6968718e2 2.72669e0 8.06961e1 8.06961e1
9.7473758e2 2.72669e0 8.09593e1 8.09593e1
9.7978798e2 2.72669e0 8.12227e1 8.12227e1
9.8483838e2 2.72669e0 8.1486e1 8.1486e1
9.8988878e2 2.72669e0 8.17494e1 8.17494e1
9.9493918e2 2.72669e0 8.20126e1 8.20126e1
9.9998958e2 2.72669e0 8.2276e1 8.2276e1

5.0e2 2.928702e0 5.8148e1 5.8148e1
5.050504e2 2.928702e0 5.84308e1 5.84308e1
5.101008e2 2.928702e0 5.87137e1 5.87137e1
5.151512e2 2.928702e0 5.89964e1 5.89964e1
5.202016e2 2.928702e0 5.92793e1 5.92793e1
5.25252e2 2.928702e0 5.95622e1 5.95622e1
5.303024e2 2.928702e0 5.9845e1 5.9845e1
5.353528e2 2.928702e0 6.01279e1 6.01279e1
5.404032e2 2.928702e0 6.04106e1 6.04106e1
5.454536e2 2.928702e0 6.06935e1 6.06935e1
5.50504e2 2.928702e0 6.09764e1 6.09764e1
5.555544e2 2.928702e0 6.12592e1 6.12592e1
5.606048e2 2.928702e0 6.1542e1 6.1542e1
5.656552e2 2.928702e0 6.18248e1 6.18248e1
5.707056e2 2.928702e0 6.21077e1 6.21077e1
5.75756e2 2.928702e0 6.23906e1 6.23906e1
5.808064e2 2.928702e0 6.26733e1 6.26733e1
5.858568e2 2.928702e0 6.29562e1 6.29562e1
5.909072e2 2.928702e0 6.3239e1 6.3239e1
5.959576e2 2.928702e0 6.35219e1 6.35219e1
6.01008e2 2.928702e0 6.38048e1 6.38048e1
6.060584e2 2.928702e0 6.40875e1 6.40875e1
6.111088e2 2.928702e0 6.43704e1 6.43704e1
6.161592e2 2.928702e0 6.46533e1 6.46533e1
6.212096e2 2.928702e0 6.4936e1 6.4936e1
6.2626e2 2.928702e0 6.5219e1 6.5219e1
6.313104e2 2.928702e0 6.55017e1 6.55017e1
6.363608e2 2.928702e0 6.57846e1 6.57846e1
6.414112e2 2.928702e0 6.60675e1 6.60675e1
6.464616e2 2.928702e0 6.63503e1 6.63503e1
6.51512e2 2.928702e0 6.66331e1 6.66331e1
6.565624e2 2.928702e0 6.69159e1 6.69159e1
6.616128e2 2.928702e0 6.71988e1 6.71988e1
6.666632e2 2.928702e0 6.74817e1 6.74817e1
6.717136e2 2.928702e0 6.77644e1 6.77644e1
6.7676399e2 2.928702e0 6.80473e1 6.80473e1
6.8181439e2 2.928702e0 6.83302e1 6.83302e1
6.8686479e2 2.928702e0 6.8613e1 6.8613e1
6.9191519e2 2.928702e0 6.88959e1 6.88959e1
6.9696559e2 2.928702e0 6.91786e1 6.91786e1
7.0201599e2 2.928702e0 6.94615e1 6.94615e1
7.0706639e2 2.928702e0 6.97444e1 6.97444e1
7.1211679e2 2.928702e0 7.00272e1 7.00272e1
7.1716719e2 2.928702e0 7.031e1 7.031e1
7.2221759e2 2.928702e0 7.05928e1 7.05928e1
7.2726799e2 2.928702e0 7.08757e1 7.08757e1
7.3231839e2 2.928702e0 7.11586e1 7.11586e1
7.3736879e2 2.928702e0 7.14413e1 7.14413e1
7.4241919e2 2.928702e0 7.17242e1 7.17242e1
7.4746959e2 2.928702e0 7.2007e1 7.2007e1
7.5251999e2 2.928702e0 7.22899e1 7.22899e1
7.5757039e2 2.928702e0 7.25728e1 7.25728e1
7.6262079e2 2.928702e0 7.28555e1 7.28555e1
7.6767119e2 2.928702e0 7.31384e1 7.31384e1
7.7272159e2 2.928702e0 7.34212e1 7.34212e1
7.7777199e2 2.928702e0 7.3704e1 7.3704e1
7.8282239e2 2.928702e0 7.3987e1 7.3987e1
7.8787279e2 2.928702e0 7.42697e1 7.42697e1
7.9292319e2 2.928702e0 7.45526e1 7.45526e1
7.9797359e2 2.928702e0 7.48355e1 7.48355e1
8.0302399e2 2.928702e0 7.51183e1 7.51183e1
8.0807439e2 2.928702e0 7.54012e1 7.54012e1
8.1312479e2 2.928702e0 7.56839e1 7.56839e1
8.1817519e2 2.928702e0 7.59668e1 7.59668e1
8.2322559e2 2.928702e0 7.62497e1 7.62497e1
8.2827599e2 2.928702e0 7.65324e1 7.65324e1
8.3332639e2 2.928702e0 7.68153e1 7.68153e1
8.3837679e2 2.928702e0 7.70981e1 7.70981e1
8.4342719e2 2.928702e0 7.7381e1 7.7381e1
8.4847758e2 2.928702e0 7.76639e1 7.76639e1
8.5352798e2 2.928702e0 7.79466e1 7.79466e1
8.5857838e2 2.928702e0 7.82295e1 7.82295e1
8.6362878e2 2.928702e0 7.85124e1 7.85124e1
8.6867918e2 2.928702e0 7.87952e1 7.87952e1
8.7372958e2 2.928702e0 7.9078e1 7.9078e1
8.7877998e2 2.928702e0 7.93608e1 7.93608e1
8.8383038e2 2.928702e0 7.96437e1 7.96437e1
8.8888078e2 2.928702e0 7.99266e1 7.99266e1
8.9393118e2 2.928702e0 8.02094e1 8.02094e1
8.9898158e2 2.928702e0 8.04922e1 8.04922e1
9.0403198e2 2.928702e0 8.0775e1 8.0775e1
9.0908238e2 2.928702e0 8.10579e1 8.10579e1
9.1413278e2 2.928702e0 8.13408e1 8.13408e1
9.1918318e2 2.928702e0 8.16235e1 8.16235e1
9.2423358e2 2.928702e0 8.19064e1 8.19064e1
9.2928398e2 2.928702e0 8.21892e1 8.21892e1
9.3433438e2 2.928702e0 8.24721e1 8.24721e1
9.3938478e2 2.928702e0 8.2755e1 8.2755e1
9.4443518e2 2.928702e0 8.30377e1 8.30377e1
9.4948558e2 2.928702e0 8.33206e1 8.33206e1
9.5453598e2 2.928702e0 8.36035e1 8.36035e1
9.5958638e2 2.928702e0 8.38863e1 8.38863e1
9.6463678e2 2.928702e0 8.41692e1 8.41692e1
9.6968718e2 2.928702e0 8.44519e1 8.44519e1
9.7473758e2 2.928702e0 8.47348e1 8.47348e1
9.7978798e2 2.928702e0 8.50177e1 8.50177e1
9.8483838e2 2.928702e0 8.53004e1 8.53004e1
9.8988878e2 2.928702e0 8.55833e1 8.55833e1
9.9493918e2 2.928702e0 8.58661e1 8.58661e1
9.9998958e2 2.928702e0 8.6149e1 8.6149e1

5.0e2 3.130711e0 6.00896e1 6.00896e1
5.050504e2 3.130711e0 6.03918e1 6.03918e1
5.101008e2 3.130711e0 6.06941e1 6.06941e1
5.151512e2 3.130711e0 6.09966e1 6.09966e1
5.202016e2 3.130711e0 6.12988e1 6.12988e1
5.25252e2 3.130711e0 6.16013e1 6.16013e1
5.303024e2 3.130711e0 6.19035e1 6.19035e1
5.353528e2 3.130711e0 6.2206e1 6.2206e1
5.404032e2 3.130711e0 6.25082e1 6.25082e1
5.454536e2 3.130711e0 6.28107e1 6.28107e1
5.50504e2 3.130711e0 6.3113e1 6.3113e1
5.555544e2 3.130711e0 6.34154e1 6.34154e1
5.606048e2 3.130711e0 6.37177e1 6.37177e1
5.656552e2 3.130711e0 6.40201e1 6.40201e1
5.707056e2 3.130711e0 6.43224e1 6.43224e1
5.75756e2 3.130711e0 6.46248e1 6.46248e1
5.808064e2 3.130711e0 6.4927e1 6.4927e1
5.858568e2 3.130711e0 6.52293e1 6.52293e1
5.909072e2 3.130711e0 6.55318e1 6.55318e1
5.959576e2 3.130711e0 6.5834e1 6.5834e1
6.01008e2 3.130711e0 6.61365e1 6.61365e1
6.060584e2 3.130711e0 6.64388e1 6.64388e1
6.111088e2 3.130711e0 6.67412e1 6.67412e1
6.161592e2 3.130711e0 6.70435e1 6.70435e1
6.212096e2 3.130711e0 6.73459e1 6.73459e1
6.2626e2 3.130711e0 6.76482e1 6.76482e1
6.313104e2 3.130711e0 6.79506e1 6.79506e1
6.363608e2 3.130711e0 6.82529e1 6.82529e1
6.414112e2 3.130711e0 6.85553e1 6.85553e1
6.464616e2 3.130711e0 6.88576e1 6.88576e1
6.51512e2 3.130711e0 6.91599e1 6.91599e1
6.565624e2 3.130711e0 6.94623e1 6.94623e1
6.616128e2 3.130711e0 6.97646e1 6.97646e1
6.666632e2 3.130711e0 7.0067e1 7.0067e1
6.717136e2 3.130711e0 7.03693e1 7.03693e1
6.7676399e2 3.130711e0 7.06717e1 7.06717e1
6.8181439e2 3.130711e0 7.0974e1 7.0974e1
6.8686479e2 3.130711e0 7.12764e1 7.12764e1
6.9191519e2 3.130711e0 7.15787e1 7.15787e1
6.9696559e2 3.130711e0 7.18811e1 7.18811e1
7.0201599e2 3.130711e0 7.21834e1 7.21834e1
7.0706639e2 3.130711e0 7.24858e1 7.24858e1
7.1211679e2 3.130711e0 7.27881e1 7.27881e1
7.1716719e2 3.130711e0 7.30905e1 7.30905e1
7.2221759e2 3.130711e0 7.33928e1 7.33928e1
7.2726799e2 3.130711e0 7.3695e1 7.3695e1
7.3231839e2 3.130711e0 7.39975e1 7.39975e1
7.3736879e2 3.130711e0 7.42998e1 7.42998e1
7.4241919e2 3.130711e0 7.46022e1 7.46022e1
7.4746959e2 3.130711e0 7.49045e1 7.49045e1
7.5251999e2 3.130711e0 7.52069e1 7.52069e1
7.5757039e2 3.130711e0 7.55092e1 7.55092e1
7.6262079e2 3.130711e0 7.58116e1 7.58116e1
7.6767119e2 3.130711e0 7.61139e1 7.61139e1
7.7272159e2 3.130711e0 7.64163e1 7.64163e1
7.7777199e2 3.130711e0 7.67186e1 7.67186e1
7.8282239e2 3.130711e0 7.7021e1 7.7021e1
7.8787279e2 3.130711e0 7.73233e1 7.73233e1
7.9292319e2 3.130711e0 7.76256e1 7.76256e1
7.9797359e2 3.130711e0 7.7928e1 7.7928e1
8.0302399e2 3.130711e0 7.82303e1 7.82303e1
8.0807439e2 3.130711e0 7.85327e1 7.85327e1
8.1312479e2 3.130711e0 7.8835e1 7.8835e1
8.1817519e2 3.130711e0 7.91374e1 7.91374e1
8.2322559e2 3.130711e0 7.94397e1 7.94397e1
8.2827599e2 3.130711e0 7.97421e1 7.97421e1
8.3332639e2 3.130711e0 8.00444e1 8.00444e1
8.3837679e2 3.130711e0 8.03468e1 8.03468e1
8.4342719e2 3.130711e0 8.06491e1 8.06491e1
8.4847758e2 3.130711e0 8.09515e1 8.09515e1
8.5352798e2 3.130711e0 8.12538e1 8.12538e1
8.5857838e2 3.130711e0 8.15561e1 8.15561e1
8.6362878e2 3.130711e0 8.18585e1 8.18585e1
8.6867918e2 3.130711e0 8.21608e1 8.21608e1
8.7372958e2 3.130711e0 8.24632e1 8.24632e1
8.7877998e2 3.130711e0 8.27655e1 8.27655e1
8.8383038e2 3.130711e0 8.3068e1 8.3068e1
8.8888078e2 3.130711e0 8.33702e1 8.33702e1
8.9393118e2 3.130711e0 8.36726e1 8.36726e1
8.9898158e2 3.130711e0 8.39749e1 8.39749e1
9.0403198e2 3.130711e0 8.42773e1 8.42773e1
9.0908238e2 3.130711e0 8.45796e1 8.45796e1
9.1413278e2 3.130711e0 8.4882e1 8.4882e1
9.1918318e2 3.130711e0 8.51843e1 8.51843e1
9.2423358e2 3.130711e0 8.54868e1 8.54868e1
9.2928398e2 3.130711e0 8.5789e1 8.5789e1
9.3433438e2 3.130711e0 8.60915e1 8.60915e1
9.3938478e2 3.130711e0 8.63937e1 8.63937e1
9.4443518e2 3.130711e0 8.6696e1 8.6696e1
9.4948558e2 3.130711e0 8.69984e1 8.69984e1
9.5453598e2 3.130711e0 8.73007e1 8.73007e1
9.5958638e2 3.130711e0 8.76031e1 8.76031e1
9.6463678e2 3.130711e0 8.79054e1 8.79054e1
9.6968718e2 3.130711e0 8.82079e1 8.82079e1
9.7473758e2 3.130711e0 8.85101e1 8.85101e1
9.7978798e2 3.130711e0 8.88126e1 8.88126e1
9.8483838e2 3.130711e0 8.91148e1 8.91148e1
9.8988878e2 3.130711e0 8.94173e1 8.94173e1
9.9493918e2 3.130711e0 8.97195e1 8.97195e1
9.9998958e2 3.130711e0 9.0022e1 9.0022e1

5.0e2 3.332722e0 6.20311e1 6.20311e1
5.050504e2 3.332722e0 6.23529e1 6.23529e1
5.101008e2 3.332722e0 6.26747e1 6.26747e1
5.151512e2 3.332722e0 6.29967e1 6.29967e1
5.202016e2 3.332722e0 6.33185e1 6.33185e1
5.25252e2 3.332722e0 6.36403e1 6.36403e1
5.303024e2 3.332722e0 6.39622e1 6.39622e1
5.353528e2 3.332722e0 6.4284e1 6.4284e1
5.404032e2 3.332722e0 6.46059e1 6.46059e1
5.454536e2 3.332722e0 6.49278e1 6.49278e1
5.50504e2 3.332722e0 6.52496e1 6.52496e1
5.555544e2 3.332722e0 6.55714e1 6.55714e1
5.606048e2 3.332722e0 6.58934e1 6.58934e1
5.656552e2 3.332722e0 6.62152e1 6.62152e1
5.707056e2 3.332722e0 6.6537e1 6.6537e1
5.75756e2 3.332722e0 6.68588e1 6.68588e1
5.808064e2 3.332722e0 6.71808e1 6.71808e1
5.858568e2 3.332722e0 6.75026e1 6.75026e1
5.909072e2 3.332722e0 6.78244e1 6.78244e1
5.959576e2 3.332722e0 6.81464e1 6.81464e1
6.01008e2 3.332722e0 6.84682e1 6.84682e1
6.060584e2 3.332722e0 6.879e1 6.879e1
6.111088e2 3.332722e0 6.9112e1 6.9112e1
6.161592e2 3.332722e0 6.94337e1 6.94337e1
6.212096e2 3.332722e0 6.97556e1 6.97556e1
6.2626e2 3.332722e0 7.00775e1 7.00775e1
6.313104e2 3.332722e0 7.03993e1 7.03993e1
6.363608e2 3.332722e0 7.07211e1 7.07211e1
6.414112e2 3.332722e0 7.10431e1 7.10431e1
6.464616e2 3.332722e0 7.13649e1 7.13649e1
6.51512e2 3.332722e0 7.16867e1 7.16867e1
6.565624e2 3.332722e0 7.20087e1 7.20087e1
6.616128e2 3.332722e0 7.23305e1 7.23305e1
6.666632e2 3.332722e0 7.26523e1 7.26523e1
6.717136e2 3.332722e0 7.29742e1 7.29742e1
6.7676399e2 3.332722e0 7.3296e1 7.3296e1
6.8181439e2 3.332722e0 7.36179e1 7.36179e1
6.8686479e2 3.332722e0 7.39398e1 7.39398e1
6.9191519e2 3.332722e0 7.42616e1 7.42616e1
6.9696559e2 3.332722e0 7.45834e1 7.45834e1
7.0201599e2 3.332722e0 7.49052e1 7.49052e1
7.0706639e2 3.332722e0 7.52272e1 7.52272e1
7.1211679e2 3.332722e0 7.5549e1 7.5549e1
7.1716719e2 3.332722e0 7.58708e1 7.58708e1
7.2221759e2 3.332722e0 7.61928e1 7.61928e1
7.2726799e2 3.332722e0 7.65146e1 7.65146e1
7.3231839e2 3.332722e0 7.68364e1 7.68364e1
7.3736879e2 3.332722e0 7.71584e1 7.71584e1
7.4241919e2 3.332722e0 7.74802e1 7.74802e1
7.4746959e2 3.332722e0 7.7802e1 7.7802e1
7.5251999e2 3.332722e0 7.8124e1 7.8124e1
7.5757039e2 3.332722e0 7.84457e1 7.84457e1
7.6262079e2 3.332722e0 7.87675e1 7.87675e1
7.6767119e2 3.332722e0 7.90895e1 7.90895e1
7.7272159e2 3.332722e0 7.94113e1 7.94113e1
7.7777199e2 3.332722e0 7.97331e1 7.97331e1
7.8282239e2 3.332722e0 8.00551e1 8.00551e1
7.8787279e2 3.332722e0 8.03769e1 8.03769e1
7.9292319e2 3.332722e0 8.06987e1 8.06987e1
7.9797359e2 3.332722e0 8.10207e1 8.10207e1
8.0302399e2 3.332722e0 8.13425e1 8.13425e1
8.0807439e2 3.332722e0 8.16643e1 8.16643e1
8.1312479e2 3.332722e0 8.19862e1 8.19862e1
8.1817519e2 3.332722e0 8.2308e1 8.2308e1
8.2322559e2 3.332722e0 8.26299e1 8.26299e1
8.2827599e2 3.332722e0 8.29517e1 8.29517e1
8.3332639e2 3.332722e0 8.32736e1 8.32736e1
8.3837679e2 3.332722e0 8.35954e1 8.35954e1
8.4342719e2 3.332722e0 8.39172e1 8.39172e1
8.4847758e2 3.332722e0 8.42392e1 8.42392e1
8.5352798e2 3.332722e0 8.4561e1 8.4561e1
8.5857838e2 3.332722e0 8.48828e1 8.48828e1
8.6362878e2 3.332722e0 8.52048e1 8.52048e1
8.6867918e2 3.332722e0 8.55266e1 8.55266e1
8.7372958e2 3.332722e0 8.58484e1 8.58484e1
8.7877998e2 3.332722e0 8.61703e1 8.61703e1
8.8383038e2 3.332722e0 8.64922e1 8.64922e1
8.8888078e2 3.332722e0 8.6814e1 8.6814e1
8.9393118e2 3.332722e0 8.7136e1 8.7136e1
8.9898158e2 3.332722e0 8.74577e1 8.74577e1
9.0403198e2 3.332722e0 8.77795e1 8.77795e1
9.0908238e2 3.332722e0 8.81015e1 8.81015e1
9.1413278e2 3.332722e0 8.84233e1 8.84233e1
9.1918318e2 3.332722e0 8.87451e1 8.87451e1
9.2423358e2 3.332722e0 8.90671e1 8.90671e1
9.2928398e2 3.332722e0 8.93889e1 8.93889e1
9.3433438e2 3.332722e0 8.97107e1 8.97107e1
9.3938478e2 3.332722e0 9.00327e1 9.00327e1
9.4443518e2 3.332722e0 9.03545e1 9.03545e1
9.4948558e2 3.332722e0 9.06763e1 9.06763e1
9.5453598e2 3.332722e0 9.09981e1 9.09981e1
9.5958638e2 3.332722e0 9.132e1 9.132e1
9.6463678e2 3.332722e0 9.16418e1 9.16418e1
9.6968718e2 3.332722e0 9.19637e1 9.19637e1
9.7473758e2 3.332722e0 9.22856e1 9.22856e1
9.7978798e2 3.332722e0 9.26074e1 9.26074e1
9.8483838e2 3.332722e0 9.29292e1 9.29292e1
9.8988878e2 3.332722e0 9.32512e1 9.32512e1
9.9493918e2 3.332722e0 9.3573e1 9.3573e1
9.9998958e2 3.332722e0 9.38948e1 9.38948e1

5.0e2 3.534734e0 6.39726e1 6.39726e1
5.050504e2 3.534734e0 6.4314e1 6.4314e1
5.101008e2 3.534734e0 6.46553e1 6.46553e1
5.151512e2 3.534734e0 6.49966e1 6.49966e1
5.202016e2 3.534734e0 6.5338e1 6.5338e1
5.25252e2 3.534734e0 6.56795e1 6.56795e1
5.303024e2 3.534734e0 6.60208e1 6.60208e1
5.353528e2 3.534734e0 6.63622e1 6.63622e1
5.404032e2 3.534734e0 6.67035e1 6.67035e1
5.454536e2 3.534734e0 6.70448e1 6.70448e1
5.50504e2 3.534734e0 6.73863e1 6.73863e1
5.555544e2 3.534734e0 6.77277e1 6.77277e1
5.606048e2 3.534734e0 6.8069e1 6.8069e1
5.656552e2 3.534734e0 6.84103e1 6.84103e1
5.707056e2 3.534734e0 6.87517e1 6.87517e1
5.75756e2 3.534734e0 6.9093e1 6.9093e1
5.808064e2 3.534734e0 6.94345e1 6.94345e1
5.858568e2 3.534734e0 6.97758e1 6.97758e1
5.909072e2 3.534734e0 7.01172e1 7.01172e1
5.959576e2 3.534734e0 7.04585e1 7.04585e1
6.01008e2 3.534734e0 7.07999e1 7.07999e1
6.060584e2 3.534734e0 7.11412e1 7.11412e1
6.111088e2 3.534734e0 7.14827e1 7.14827e1
6.161592e2 3.534734e0 7.1824e1 7.1824e1
6.212096e2 3.534734e0 7.21654e1 7.21654e1
6.2626e2 3.534734e0 7.25067e1 7.25067e1
6.313104e2 3.534734e0 7.2848e1 7.2848e1
6.363608e2 3.534734e0 7.31895e1 7.31895e1
6.414112e2 3.534734e0 7.35309e1 7.35309e1
6.464616e2 3.534734e0 7.38722e1 7.38722e1
6.51512e2 3.534734e0 7.42136e1 7.42136e1
6.565624e2 3.534734e0 7.45549e1 7.45549e1
6.616128e2 3.534734e0 7.48962e1 7.48962e1
6.666632e2 3.534734e0 7.52377e1 7.52377e1
6.717136e2 3.534734e0 7.5579e1 7.5579e1
6.7676399e2 3.534734e0 7.59204e1 7.59204e1
6.8181439e2 3.534734e0 7.62617e1 7.62617e1
6.8686479e2 3.534734e0 7.66031e1 7.66031e1
6.9191519e2 3.534734e0 7.69444e1 7.69444e1
6.9696559e2 3.534734e0 7.72859e1 7.72859e1
7.0201599e2 3.534734e0 7.76273e1 7.76273e1
7.0706639e2 3.534734e0 7.79686e1 7.79686e1
7.1211679e2 3.534734e0 7.831e1 7.831e1
7.1716719e2 3.534734e0 7.86513e1 7.86513e1
7.2221759e2 3.534734e0 7.89928e1 7.89928e1
7.2726799e2 3.534734e0 7.93341e1 7.93341e1
7.3231839e2 3.534734e0 7.96754e1 7.96754e1
7.3736879e2 3.534734e0 8.00168e1 8.00168e1
7.4241919e2 3.534734e0 8.03581e1 8.03581e1
7.4746959e2 3.534734e0 8.06995e1 8.06995e1
7.5251999e2 3.534734e0 8.1041e1 8.1041e1
7.5757039e2 3.534734e0 8.13823e1 8.13823e1
7.6262079e2 3.534734e0 8.17236e1 8.17236e1
7.6767119e2 3.534734e0 8.2065e1 8.2065e1
7.7272159e2 3.534734e0 8.24063e1 8.24063e1
7.7777199e2 3.534734e0 8.27477e1 8.27477e1
7.8282239e2 3.534734e0 8.30891e1 8.30891e1
7.8787279e2 3.534734e0 8.34305e1 8.34305e1
7.9292319e2 3.534734e0 8.37718e1 8.37718e1
7.9797359e2 3.534734e0 8.41132e1 8.41132e1
8.0302399e2 3.534734e0 8.44545e1 8.44545e1
8.0807439e2 3.534734e0 8.47958e1 8.47958e1
8.1312479e2 3.534734e0 8.51373e1 8.51373e1
8.1817519e2 3.534734e0 8.54787e1 8.54787e1
8.2322559e2 3.534734e0 8.582e1 8.582e1
8.2827599e2 3.534734e0 8.61613e1 8.61613e1
8.3332639e2 3.534734e0 8.65027e1 8.65027e1
8.3837679e2 3.534734e0 8.68442e1 8.68442e1
8.4342719e2 3.534734e0 8.71855e1 8.71855e1
8.4847758e2 3.534734e0 8.75269e1 8.75269e1
8.5352798e2 3.534734e0 8.78682e1 8.78682e1
8.5857838e2 3.534734e0 8.82095e1 8.82095e1
8.6362878e2 3.534734e0 8.85509e1 8.85509e1
8.6867918e2 3.534734e0 8.88924e1 8.88924e1
8.7372958e2 3.534734e0 8.92337e1 8.92337e1
8.7877998e2 3.534734e0 8.9575e1 8.9575e1
8.8383038e2 3.534734e0 8.99164e1 8.99164e1
8.8888078e2 3.534734e0 9.02577e1 9.02577e1
8.9393118e2 3.534734e0 9.0599e1 9.0599e1
8.9898158e2 3.534734e0 9.09406e1 9.09406e1
9.0403198e2 3.534734e0 9.12819e1 9.12819e1
9.0908238e2 3.534734e0 9.16232e1 9.16232e1
9.1413278e2 3.534734e0 9.19646e1 9.19646e1
9.1918318e2 3.534734e0 9.23059e1 9.23059e1
9.2423358e2 3.534734e0 9.26474e1 9.26474e1
9.2928398e2 3.534734e0 9.29887e1 9.29887e1
9.3433438e2 3.534734e0 9.33301e1 9.33301e1
9.3938478e2 3.534734e0 9.36714e1 9.36714e1
9.4443518e2 3.534734e0 9.40128e1 9.40128e1
9.4948558e2 3.534734e0 9.43541e1 9.43541e1
9.5453598e2 3.534734e0 9.46956e1 9.46956e1
9.5958638e2 3.534734e0 9.5037e1 9.5037e1
9.6463678e2 3.534734e0 9.53783e1 9.53783e1
9.6968718e2 3.534734e0 9.57196e1 9.57196e1
9.7473758e2 3.534734e0 9.6061e1 9.6061e1
9.7978798e2 3.534734e0 9.64024e1 9.64024e1
9.8483838e2 3.534734e0 9.67438e1 9.67438e1
9.8988878e2 3.534734e0 9.70851e1 9.70851e1
9.9493918e2 3.534734e0 9.74265e1 9.74265e1
9.9998958e2 3.534734e0 9.77678e1 9.77678e1

5.0e2 3.736745e0 6.59142e1 6.59142e1
5.050504e2 3.736745e0 6.6275e1 6.6275e1
5.101008e2 3.736745e0 6.66359e1 6.66359e1
5.151512e2 3.736745e0 6.69968e1 6.69968e1
5.202016e2 3.736745e0 6.73576e1 6.73576e1
5.25252e2 3.736745e0 6.77185e1 6.77185e1
5.303024e2 3.736745e0 6.80794e1 6.80794e1
5.353528e2 3.736745e0 6.84402e1 6.84402e1
5.404032e2 3.736745e0 6.88011e1 6.88011e1
5.454536e2 3.736745e0 6.9162e1 6.9162e1
5.50504e2 3.736745e0 6.95229e1 6.95229e1
5.555544e2 3.736745e0 6.98837e1 6.98837e1
5.606048e2 3.736745e0 7.02446e1 7.02446e1
5.656552e2 3.736745e0 7.06055e1 7.06055e1
5.707056e2 3.736745e0 7.09663e1 7.09663e1
5.75756e2 3.736745e0 7.13272e1 7.13272e1
5.808064e2 3.736745e0 7.16881e1 7.16881e1
5.858568e2 3.736745e0 7.2049e1 7.2049e1
5.909072e2 3.736745e0 7.24098e1 7.24098e1
5.959576e2 3.736745e0 7.27708e1 7.27708e1
6.01008e2 3.736745e0 7.31317e1 7.31317e1
6.060584e2 3.736745e0 7.34926e1 7.34926e1
6.111088e2 3.736745e0 7.38535e1 7.38535e1
6.161592e2 3.736745e0 7.42143e1 7.42143e1
6.212096e2 3.736745e0 7.45752e1 7.45752e1
6.2626e2 3.736745e0 7.4936e1 7.4936e1
6.313104e2 3.736745e0 7.5297e1 7.5297e1
6.363608e2 3.736745e0 7.56578e1 7.56578e1
6.414112e2 3.736745e0 7.60187e1 7.60187e1
6.464616e2 3.736745e0 7.63795e1 7.63795e1
6.51512e2 3.736745e0 7.67404e1 7.67404e1
6.565624e2 3.736745e0 7.71013e1 7.71013e1
6.616128e2 3.736745e0 7.74622e1 7.74622e1
6.666632e2 3.736745e0 7.7823e1 7.7823e1
6.717136e2 3.736745e0 7.81839e1 7.81839e1
6.7676399e2 3.736745e0 7.85448e1 7.85448e1
6.8181439e2 3.736745e0 7.89056e1 7.89056e1
6.8686479e2 3.736745e0 7.92665e1 7.92665e1
6.9191519e2 3.736745e0 7.96274e1 7.96274e1
6.9696559e2 3.736745e0 7.99883e1 7.99883e1
7.0201599e2 3.736745e0 8.03491e1 8.03491e1
7.0706639e2 3.736745e0 8.071e1 8.071e1
7.1211679e2 3.736745e0 8.10709e1 8.10709e1
7.1716719e2 3.736745e0 8.14317e1 8.14317e1
7.2221759e2 3.736745e0 8.17926e1 8.17926e1
7.2726799e2 3.736745e0 8.21535e1 8.21535e1
7.3231839e2 3.736745e0 8.25143e1 8.25143e1
7.3736879e2 3.736745e0 8.28752e1 8.28752e1
7.4241919e2 3.736745e0 8.32361e1 8.32361e1
7.4746959e2 3.736745e0 8.3597e1 8.3597e1
7.5251999e2 3.736745e0 8.39578e1 8.39578e1
7.5757039e2 3.736745e0 8.43187e1 8.43187e1
7.6262079e2 3.736745e0 8.46797e1 8.46797e1
7.6767119e2 3.736745e0 8.50406e1 8.50406e1
7.7272159e2 3.736745e0 8.54015e1 8.54015e1
7.7777199e2 3.736745e0 8.57623e1 8.57623e1
7.8282239e2 3.736745e0 8.61232e1 8.61232e1
7.8787279e2 3.736745e0 8.6484e1 8.6484e1
7.9292319e2 3.736745e0 8.6845e1 8.6845e1
7.9797359e2 3.736745e0 8.72058e1 8.72058e1
8.0302399e2 3.736745e0 8.75667e1 8.75667e1
8.0807439e2 3.736745e0 8.79276e1 8.79276e1
8.1312479e2 3.736745e0 8.82884e1 8.82884e1
8.1817519e2 3.736745e0 8.86493e1 8.86493e1
8.2322559e2 3.736745e0 8.90102e1 8.90102e1
8.2827599e2 3.736745e0 8.9371e1 8.9371e1
8.3332639e2 3.736745e0 8.97319e1 8.97319e1
8.3837679e2 3.736745e0 9.00928e1 9.00928e1
8.4342719e2 3.736745e0 9.04536e1 9.04536e1
8.4847758e2 3.736745e0 9.08145e1 9.08145e1
8.5352798e2 3.736745e0 9.11754e1 9.11754e1
8.5857838e2 3.736745e0 9.15363e1 9.15363e1
8.6362878e2 3.736745e0 9.18971e1 9.18971e1
8.6867918e2 3.736745e0 9.2258e1 9.2258e1
8.7372958e2 3.736745e0 9.26189e1 9.26189e1
8.7877998e2 3.736745e0 9.29797e1 9.29797e1
8.8383038e2 3.736745e0 9.33406e1 9.33406e1
8.8888078e2 3.736745e0 9.37015e1 9.37015e1
8.9393118e2 3.736745e0 9.40623e1 9.40623e1
8.9898158e2 3.736745e0 9.44232e1 9.44232e1
9.0403198e2 3.736745e0 9.47841e1 9.47841e1
9.0908238e2 3.736745e0 9.5145e1 9.5145e1
9.1413278e2 3.736745e0 9.55058e1 9.55058e1
9.1918318e2 3.736745e0 9.58667e1 9.58667e1
9.2423358e2 3.736745e0 9.62276e1 9.62276e1
9.2928398e2 3.736745e0 9.65884e1 9.65884e1
9.3433438e2 3.736745e0 9.69495e1 9.69495e1
9.3938478e2 3.736745e0 9.73103e1 9.73103e1
9.4443518e2 3.736745e0 9.76712e1 9.76712e1
9.4948558e2 3.736745e0 9.8032e1 9.8032e1
9.5453598e2 3.736745e0 9.8393e1 9.8393e1
9.5958638e2 3.736745e0 9.87538e1 9.87538e1
9.6463678e2 3.736745e0 9.91147e1 9.91147e1
9.6968718e2 3.736745e0 9.94756e1 9.94756e1
9.7473758e2 3.736745e0 9.98364e1 9.98364e1
9.7978798e2 3.736745e0 1.00197e2 1.00197e2
9.8483838e2 3.736745e0 1.00557e2 1.00557e2
9.8988878e2 3.736745e0 1.00919e2 1.00919e2
9.9493918e2 3.736745e0 1.01279e2 1.01279e2
9.9998958e2 3.736745e0 1.0164e2 1.0164e2

5.0e2 3.938756e0 6.78557e1 6.78557e1
5.050504e2 3.938756e0 6.82361e1 6.82361e1
5.101008e2 3.938756e0 6.86165e1 6.86165e1
5.151512e2 3.938756e0 6.89969e1 6.89969e1
5.202016e2 3.938756e0 6.93773e1 6.93773e1
5.25252e2 3.938756e0 6.97577e1 6.97577e1
5.303024e2 3.938756e0 7.0138e1 7.0138e1
5.353528e2 3.938756e0 7.05183e1 7.05183e1
5.404032e2 3.938756e0 7.08987e1 7.08987e1
5.454536e2 3.938756e0 7.12791e1 7.12791e1
5.50504e2 3.938756e0 7.16595e1 7.16595e1
5.555544e2 3.938756e0 7.204e1 7.204e1
5.606048e2 3.938756e0 7.24203e1 7.24203e1
5.656552e2 3.938756e0 7.28008e1 7.28008e1
5.707056e2 3.938756e0 7.3181e1 7.3181e1
5.75756e2 3.938756e0 7.35614e1 7.35614e1
5.808064e2 3.938756e0 7.39418e1 7.39418e1
5.858568e2 3.938756e0 7.43222e1 7.43222e1
5.909072e2 3.938756e0 7.47026e1 7.47026e1
5.959576e2 3.938756e0 7.5083e1 7.5083e1
6.01008e2 3.938756e0 7.54634e1 7.54634e1
6.060584e2 3.938756e0 7.58438e1 7.58438e1
6.111088e2 3.938756e0 7.62242e1 7.62242e1
6.161592e2 3.938756e0 7.66045e1 7.66045e1
6.212096e2 3.938756e0 7.69849e1 7.69849e1
6.2626e2 3.938756e0 7.73653e1 7.73653e1
6.313104e2 3.938756e0 7.77457e1 7.77457e1
6.363608e2 3.938756e0 7.8126e1 7.8126e1
6.414112e2 3.938756e0 7.85065e1 7.85065e1
6.464616e2 3.938756e0 7.88869e1 7.88869e1
6.51512e2 3.938756e0 7.92673e1 7.92673e1
6.565624e2 3.938756e0 7.96475e1 7.96475e1
6.616128e2 3.938756e0 8.00279e1 8.00279e1
6.666632e2 3.938756e0 8.04083e1 8.04083e1
6.717136e2 3.938756e0 8.07887e1 8.07887e1
6.7676399e2 3.938756e0 8.11691e1 8.11691e1
6.8181439e2 3.938756e0 8.15495e1 8.15495e1
6.8686479e2 3.938756e0 8.193e1 8.193e1
6.9191519e2 3.938756e0 8.23103e1 8.23103e1
6.9696559e2 3.938756e0 8.26907e1 8.26907e1
7.0201599e2 3.938756e0 8.3071e1 8.3071e1
7.0706639e2 3.938756e0 8.34514e1 8.34514e1
7.1211679e2 3.938756e0 8.38318e1 8.38318e1
7.1716719e2 3.938756e0 8.42122e1 8.42122e1
7.2221759e2 3.938756e0 8.45926e1 8.45926e1
7.2726799e2 3.938756e0 8.4973e1 8.4973e1
7.3231839e2 3.938756e0 8.53534e1 8.53534e1
7.3736879e2 3.938756e0 8.57338e1 8.57338e1
7.4241919e2 3.938756e0 8.61142e1 8.61142e1
7.4746959e2 3.938756e0 8.64944e1 8.64944e1
7.5251999e2 3.938756e0 8.68748e1 8.68748e1
7.5757039e2 3.938756e0 8.72552e1 8.72552e1
7.6262079e2 3.938756e0 8.76357e1 8.76357e1
7.6767119e2 3.938756e0 8.8016e1 8.8016e1
7.7272159e2 3.938756e0 8.83965e1 8.83965e1
7.7777199e2 3.938756e0 8.87769e1 8.87769e1
7.8282239e2 3.938756e0 8.91573e1 8.91573e1
7.8787279e2 3.938756e0 8.95377e1 8.95377e1
7.9292319e2 3.938756e0 8.99179e1 8.99179e1
7.9797359e2 3.938756e0 9.02983e1 9.02983e1
8.0302399e2 3.938756e0 9.06787e1 9.06787e1
8.0807439e2 3.938756e0 9.10591e1 9.10591e1
8.1312479e2 3.938756e0 9.14395e1 9.14395e1
8.1817519e2 3.938756e0 9.18199e1 9.18199e1
8.2322559e2 3.938756e0 9.22003e1 9.22003e1
8.2827599e2 3.938756e0 9.25807e1 9.25807e1
8.3332639e2 3.938756e0 9.29611e1 9.29611e1
8.3837679e2 3.938756e0 9.33414e1 9.33414e1
8.4342719e2 3.938756e0 9.37218e1 9.37218e1
8.4847758e2 3.938756e0 9.41022e1 9.41022e1
8.5352798e2 3.938756e0 9.44826e1 9.44826e1
8.5857838e2 3.938756e0 9.4863e1 9.4863e1
8.6362878e2 3.938756e0 9.52434e1 9.52434e1
8.6867918e2 3.938756e0 9.56238e1 9.56238e1
8.7372958e2 3.938756e0 9.60042e1 9.60042e1
8.7877998e2 3.938756e0 9.63844e1 9.63844e1
8.8383038e2 3.938756e0 9.67648e1 9.67648e1
8.8888078e2 3.938756e0 9.71452e1 9.71452e1
8.9393118e2 3.938756e0 9.75256e1 9.75256e1
8.9898158e2 3.938756e0 9.7906e1 9.7906e1
9.0403198e2 3.938756e0 9.82864e1 9.82864e1
9.0908238e2 3.938756e0 9.86668e1 9.86668e1
9.1413278e2 3.938756e0 9.90472e1 9.90472e1
9.1918318e2 3.938756e0 9.94276e1 9.94276e1
9.2423358e2 3.938756e0 9.98079e1 9.98079e1
9.2928398e2 3.938756e0 1.00188e2 1.00188e2
9.3433438e2 3.938756e0 1.00568e2 1.00568e2
9.3938478e2 3.938756e0 1.00949e2 1.00949e2
9.4443518e2 3.938756e0 1.01329e2 1.01329e2
9.4948558e2 3.938756e0 1.01709e2 1.01709e2
9.5453598e2 3.938756e0 1.02089e2 1.02089e2
9.5958638e2 3.938756e0 1.0247e2 1.0247e2
9.6463678e2 3.938756e0 1.0285e2 1.0285e2
9.6968718e2 3.938756e0 1.0323e2 1.0323e2
9.7473758e2 3.938756e0 1.03612e2 1.03612e2
9.7978798e2 3.938756e0 1.03992e2 1.03992e2
9.8483838e2 3.938756e0 1.04372e2 1.04372e2
9.8988878e2 3.938756e0 1.04752e2 1.04752e2
9.9493918e2 3.938756e0 1.05133e2 1.05133e2
9.9998958e2 3.938756e0 1.05513e2 1.05513e2

5.0e2 4.140767e0 6.97972e1 6.97972e1
5.050504e2 4.140767e0 7.01971e1 7.01971e1
5.101008e2 4.140767e0 7.05971e1 7.05971e1
5.151512e2 4.140767e0 7.09969e1 7.09969e1
5.202016e2 4.140767e0 7.13968e1 7.13968e1
5.25252e2 4.140767e0 7.17967e1 7.17967e1
5.303024e2 4.140767e0 7.21967e1 7.21967e1
5.353528e2 4.140767e0 7.25964e1 7.25964e1
5.404032e2 4.140767e0 7.29964e1 7.29964e1
5.454536e2 4.140767e0 7.33963e1 7.33963e1
5.50504e2 4.140767e0 7.37962e1 7.37962e1
5.555544e2 4.140767e0 7.4196e1 7.4196e1
5.606048e2 4.140767e0 7.4596e1 7.4596e1
5.656552e2 4.140767e0 7.49959e1 7.49959e1
5.707056e2 4.140767e0 7.53958e1 7.53958e1
5.75756e2 4.140767e0 7.57956e1 7.57956e1
5.808064e2 4.140767e0 7.61955e1 7.61955e1
5.858568e2 4.140767e0 7.65955e1 7.65955e1
5.909072e2 4.140767e0 7.69952e1 7.69952e1
5.959576e2 4.140767e0 7.73952e1 7.73952e1
6.01008e2 4.140767e0 7.77951e1 7.77951e1
6.060584e2 4.140767e0 7.8195e1 7.8195e1
6.111088e2 4.140767e0 7.8595e1 7.8595e1
6.161592e2 4.140767e0 7.89948e1 7.89948e1
6.212096e2 4.140767e0 7.93947e1 7.93947e1
6.2626e2 4.140767e0 7.97946e1 7.97946e1
6.313104e2 4.140767e0 8.01944e1 8.01944e1
6.363608e2 4.140767e0 8.05943e1 8.05943e1
6.414112e2 4.140767e0 8.09943e1 8.09943e1
6.464616e2 4.140767e0 8.13942e1 8.13942e1
6.51512e2 4.140767e0 8.1794e1 8.1794e1
6.565624e2 4.140767e0 8.21939e1 8.21939e1
6.616128e2 4.140767e0 8.25938e1 8.25938e1
6.666632e2 4.140767e0 8.29938e1 8.29938e1
6.717136e2 4.140767e0 8.33936e1 8.33936e1
6.7676399e2 4.140767e0 8.37935e1 8.37935e1
6.8181439e2 4.140767e0 8.41934e1 8.41934e1
6.8686479e2 4.140767e0 8.45934e1 8.45934e1
6.9191519e2 4.140767e0 8.49931e1 8.49931e1
6.9696559e2 4.140767e0 8.5393e1 8.5393e1
7.0201599e2 4.140767e0 8.5793e1 8.5793e1
7.0706639e2 4.140767e0 8.6193e1 8.6193e1
7.1211679e2 4.140767e0 8.65927e1 8.65927e1
7.1716719e2 4.140767e0 8.69926e1 8.69926e1
7.2221759e2 4.140767e0 8.73926e1 8.73926e1
7.2726799e2 4.140767e0 8.77925e1 8.77925e1
7.3231839e2 4.140767e0 8.81923e1 8.81923e1
7.3736879e2 4.140767e0 8.85922e1 8.85922e1
7.4241919e2 4.140767e0 8.89922e1 8.89922e1
7.4746959e2 4.140767e0 8.93921e1 8.93921e1
7.5251999e2 4.140767e0 8.97919e1 8.97919e1
7.5757039e2 4.140767e0 9.01918e1 9.01918e1
7.6262079e2 4.140767e0 9.05917e1 9.05917e1
7.6767119e2 4.140767e0 9.09915e1 9.09915e1
7.7272159e2 4.140767e0 9.13914e1 9.13914e1
7.7777199e2 4.140767e0 9.17914e1 9.17914e1
7.8282239e2 4.140767e0 9.21913e1 9.21913e1
7.8787279e2 4.140767e0 9.25911e1 9.25911e1
7.9292319e2 4.140767e0 9.2991e1 9.2991e1
7.9797359e2 4.140767e0 9.3391e1 9.3391e1
8.0302399e2 4.140767e0 9.37909e1 9.37909e1
8.0807439e2 4.140767e0 9.41907e1 9.41907e1
8.1312479e2 4.140767e0 9.45906e1 9.45906e1
8.1817519e2 4.140767e0 9.49905e1 9.49905e1
8.2322559e2 4.140767e0 9.53905e1 9.53905e1
8.2827599e2 4.140767e0 9.57903e1 9.57903e1
8.3332639e2 4.140767e0 9.61902e1 9.61902e1
8.3837679e2 4.140767e0 9.65901e1 9.65901e1
8.4342719e2 4.140767e0 9.699e1 9.699e1
8.4847758e2 4.140767e0 9.73898e1 9.73898e1
8.5352798e2 4.140767e0 9.77898e1 9.77898e1
8.5857838e2 4.140767e0 9.81897e1 9.81897e1
8.6362878e2 4.140767e0 9.85896e1 9.85896e1
8.6867918e2 4.140767e0 9.89894e1 9.89894e1
8.7372958e2 4.140767e0 9.93893e1 9.93893e1
8.7877998e2 4.140767e0 9.97893e1 9.97893e1
8.8383038e2 4.140767e0 1.00189e2 1.00189e2
8.8888078e2 4.140767e0 1.00589e2 1.00589e2
8.9393118e2 4.140767e0 1.00989e2 1.00989e2
8.9898158e2 4.140767e0 1.01389e2 1.01389e2
9.0403198e2 4.140767e0 1.01788e2 1.01788e2
9.0908238e2 4.140767e0 1.02188e2 1.02188e2
9.1413278e2 4.140767e0 1.02588e2 1.02588e2
9.1918318e2 4.140767e0 1.02988e2 1.02988e2
9.2423358e2 4.140767e0 1.03387e2 1.03387e2
9.2928398e2 4.140767e0 1.03787e2 1.03787e2
9.3433438e2 4.140767e0 1.04187e2 1.04187e2
9.3938478e2 4.140767e0 1.04587e2 1.04587e2
9.4443518e2 4.140767e0 1.04987e2 1.04987e2
9.4948558e2 4.140767e0 1.05388e2 1.05388e2
9.5453598e2 4.140767e0 1.05788e2 1.05788e2
9.5958638e2 4.140767e0 1.06187e2 1.06187e2
9.6463678e2 4.140767e0 1.06587e2 1.06587e2
9.6968718e2 4.140767e0 1.06987e2 1.06987e2
9.7473758e2 4.140767e0 1.07387e2 1.07387e2
9.7978798e2 4.140767e0 1.07787e2 1.07787e2
9.8483838e2 4.140767e0 1.08186e2 1.08186e2
9.8988878e2 4.140767e0 1.08586e2 1.08586e2
9.9493918e2 4.140767e0 1.08986e2 1.08986e2
9.9998958e2 4.140767e0 1.09386e2 1.09386e2

5.0e2 4.342778e0 7.17387e1 7.17387e1
5.050504e2 4.342778e0 7.21582e1 7.21582e1
5.101008e2 4.342778e0 7.25777e1 7.25777e1
5.151512e2 4.342778e0 7.2997e1 7.2997e1
5.202016e2 4.342778e0 7.34164e1 7.34164e1
5.25252e2 4.342778e0 7.38358e1 7.38358e1
5.303024e2 4.342778e0 7.42552e1 7.42552e1
5.353528e2 4.342778e0 7.46747e1 7.46747e1
5.404032e2 4.342778e0 7.5094e1 7.5094e1
5.454536e2 4.342778e0 7.55135e1 7.55135e1
5.50504e2 4.342778e0 7.59328e1 7.59328e1
5.555544e2 4.342778e0 7.63522e1 7.63522e1
5.606048e2 4.342778e0 7.67717e1 7.67717e1
5.656552e2 4.342778e0 7.7191e1 7.7191e1
5.707056e2 4.342778e0 7.76105e1 7.76105e1
5.75756e2 4.342778e0 7.80298e1 7.80298e1
5.808064e2 4.342778e0 7.84492e1 7.84492e1
5.858568e2 4.342778e0 7.88686e1 7.88686e1
5.909072e2 4.342778e0 7.9288e1 7.9288e1
5.959576e2 4.342778e0 7.97075e1 7.97075e1
6.01008e2 4.342778e0 8.01268e1 8.01268e1
6.060584e2 4.342778e0 8.05463e1 8.05463e1
6.111088e2 4.342778e0 8.09656e1 8.09656e1
6.161592e2 4.342778e0 8.1385e1 8.1385e1
6.212096e2 4.342778e0 8.18045e1 8.18045e1
6.2626e2 4.342778e0 8.22238e1 8.22238e1
6.313104e2 4.342778e0 8.26433e1 8.26433e1
6.363608e2 4.342778e0 8.30626e1 8.30626e1
6.414112e2 4.342778e0 8.3482e1 8.3482e1
6.464616e2 4.342778e0 8.39015e1 8.39015e1
6.51512e2 4.342778e0 8.43208e1 8.43208e1
6.565624e2 4.342778e0 8.47403e1 8.47403e1
6.616128e2 4.342778e0 8.51596e1 8.51596e1
6.666632e2 4.342778e0 8.5579e1 8.5579e1
6.717136e2 4.342778e0 8.59985e1 8.59985e1
6.7676399e2 4.342778e0 8.64178e1 8.64178e1
6.8181439e2 4.342778e0 8.68373e1 8.68373e1
6.8686479e2 4.342778e0 8.72566e1 8.72566e1
6.9191519e2 4.342778e0 8.76761e1 8.76761e1
6.9696559e2 4.342778e0 8.80956e1 8.80956e1
7.0201599e2 4.342778e0 8.85149e1 8.85149e1
7.0706639e2 4.342778e0 8.89343e1 8.89343e1
7.1211679e2 4.342778e0 8.93536e1 8.93536e1
7.1716719e2 4.342778e0 8.97731e1 8.97731e1
7.2221759e2 4.342778e0 9.01926e1 9.01926e1
7.2726799e2 4.342778e0 9.06119e1 9.06119e1
7.3231839e2 4.342778e0 9.10313e1 9.10313e1
7.3736879e2 4.342778e0 9.14507e1 9.14507e1
7.4241919e2 4.342778e0 9.18701e1 9.18701e1
7.4746959e2 4.342778e0 9.22896e1 9.22896e1
7.5251999e2 4.342778e0 9.27089e1 9.27089e1
7.5757039e2 4.342778e0 9.31284e1 9.31284e1
7.6262079e2 4.342778e0 9.35477e1 9.35477e1
7.6767119e2 4.342778e0 9.39671e1 9.39671e1
7.7272159e2 4.342778e0 9.43866e1 9.43866e1
7.7777199e2 4.342778e0 9.48059e1 9.48059e1
7.8282239e2 4.342778e0 9.52254e1 9.52254e1
7.8787279e2 4.342778e0 9.56447e1 9.56447e1
7.9292319e2 4.342778e0 9.60641e1 9.60641e1
7.9797359e2 4.342778e0 9.64836e1 9.64836e1
8.0302399e2 4.342778e0 9.69029e1 9.69029e1
8.0807439e2 4.342778e0 9.73224e1 9.73224e1
8.1312479e2 4.342778e0 9.77417e1 9.77417e1
8.1817519e2 4.342778e0 9.81612e1 9.81612e1
8.2322559e2 4.342778e0 9.85806e1 9.85806e1
8.2827599e2 4.342778e0 9.9e1 9.9e1
8.3332639e2 4.342778e0 9.94194e1 9.94194e1
8.3837679e2 4.342778e0 9.98387e1 9.98387e1
8.4342719e2 4.342778e0 1.00258e2 1.00258e2
8.4847758e2 4.342778e0 1.00677e2 1.00677e2
8.5352798e2 4.342778e0 1.01097e2 1.01097e2
8.5857838e2 4.342778e0 1.01515e2 1.01515e2
8.6362878e2 4.342778e0 1.01935e2 1.01935e2
8.6867918e2 4.342778e0 1.02354e2 1.02354e2
8.7372958e2 4.342778e0 1.02774e2 1.02774e2
8.7877998e2 4.342778e0 1.03194e2 1.03194e2
8.8383038e2 4.342778e0 1.03613e2 1.03613e2
8.8888078e2 4.342778e0 1.04033e2 1.04033e2
8.9393118e2 4.342778e0 1.04451e2 1.04451e2
8.9898158e2 4.342778e0 1.0487e2 1.0487e2
9.0403198e2 4.342778e0 1.0529e2 1.0529e2
9.0908238e2 4.342778e0 1.0571e2 1.0571e2
9.1413278e2 4.342778e0 1.0613e2 1.0613e2
9.1918318e2 4.342778e0 1.06549e2 1.06549e2
9.2423358e2 4.342778e0 1.06969e2 1.06969e2
9.2928398e2 4.342778e0 1.07387e2 1.07387e2
9.3433438e2 4.342778e0 1.07806e2 1.07806e2
9.3938478e2 4.342778e0 1.08226e2 1.08226e2
9.4443518e2 4.342778e0 1.08646e2 1.08646e2
9.4948558e2 4.342778e0 1.09065e2 1.09065e2
9.5453598e2 4.342778e0 1.09485e2 1.09485e2
9.5958638e2 4.342778e0 1.09904e2 1.09904e2
9.6463678e2 4.342778e0 1.10323e2 1.10323e2
9.6968718e2 4.342778e0 1.10742e2 1.10742e2
9.7473758e2 4.342778e0 1.11162e2 1.11162e2
9.7978798e2 4.342778e0 1.11581e2 1.11581e2
9.8483838e2 4.342778e0 1.12001e2 1.12001e2
9.8988878e2 4.342778e0 1.1242e2 1.1242e2
9.9493918e2 4.342778e0 1.1284e2 1.1284e2
9.9998958e2 4.342778e0 1.13258e2 1.13258e2

5.0e2 4.544789e0 7.36803e1 7.36803e1
5.050504e2 4.544789e0 7.41193e1 7.41193e1
5.101008e2 4.544789e0 7.45581e1 7.45581e1
5.151512e2 4.544789e0 7.49971e1 7.49971e1
5.202016e2 4.544789e0 7.5436e1 7.5436e1
5.25252e2 4.544789e0 7.5875e1 7.5875e1
5.303024e2 4.544789e0 7.63138e1 7.63138e1
5.353528e2 4.544789e0 7.67528e1 7.67528e1
5.404032e2 4.544789e0 7.71916e1 7.71916e1
5.454536e2 4.544789e0 7.76306e1 7.76306e1
5.50504e2 4.544789e0 7.80695e1 7.80695e1
5.555544e2 4.544789e0 7.85083e1 7.85083e1
5.606048e2 4.544789e0 7.89473e1 7.89473e1
5.656552e2 4.544789e0 7.93861e1 7.93861e1
5.707056e2 4.544789e0 7.98251e1 7.98251e1
5.75756e2 4.544789e0 8.0264e1 8.0264e1
5.808064e2 4.544789e0 8.0703e1 8.0703e1
5.858568e2 4.544789e0 8.11418e1 8.11418e1
5.909072e2 4.544789e0 8.15808e1 8.15808e1
5.959576e2 4.544789e0 8.20197e1 8.20197e1
6.01008e2 4.544789e0 8.24585e1 8.24585e1
6.060584e2 4.544789e0 8.28975e1 8.28975e1
6.111088e2 4.544789e0 8.33363e1 8.33363e1
6.161592e2 4.544789e0 8.37753e1 8.37753e1
6.212096e2 4.544789e0 8.42142e1 8.42142e1
6.2626e2 4.544789e0 8.46532e1 8.46532e1
6.313104e2 4.544789e0 8.5092e1 8.5092e1
6.363608e2 4.544789e0 8.5531e1 8.5531e1
6.414112e2 4.544789e0 8.59698e1 8.59698e1
6.464616e2 4.544789e0 8.64088e1 8.64088e1
6.51512e2 4.544789e0 8.68477e1 8.68477e1
6.565624e2 4.544789e0 8.72865e1 8.72865e1
6.616128e2 4.544789e0 8.77255e1 8.77255e1
6.666632e2 4.544789e0 8.81644e1 8.81644e1
6.717136e2 4.544789e0 8.86034e1 8.86034e1
6.7676399e2 4.544789e0 8.90422e1 8.90422e1
6.8181439e2 4.544789e0 8.94812e1 8.94812e1
6.8686479e2 4.544789e0 8.992e1 8.992e1
6.9191519e2 4.544789e0 9.0359e1 9.0359e1
6.9696559e2 4.544789e0 9.07979e1 9.07979e1
7.0201599e2 4.544789e0 9.12369e1 9.12369e1
7.0706639e2 4.544789e0 9.16757e1 9.16757e1
7.1211679e2 4.544789e0 9.21146e1 9.21146e1
7.1716719e2 4.544789e0 9.25536e1 9.25536e1
7.2221759e2 4.544789e0 9.29924e1 9.29924e1
7.2726799e2 4.544789e0 9.34314e1 9.34314e1
7.3231839e2 4.544789e0 9.38702e1 9.38702e1
7.3736879e2 4.544789e0 9.43092e1 9.43092e1
7.4241919e2 4.544789e0 9.47481e1 9.47481e1
7.4746959e2 4.544789e0 9.5187e1 9.5187e1
7.5251999e2 4.544789e0 9.56259e1 9.56259e1
7.5757039e2 4.544789e0 9.60648e1 9.60648e1
7.6262079e2 4.544789e0 9.65038e1 9.65038e1
7.6767119e2 4.544789e0 9.69426e1 9.69426e1
7.7272159e2 4.544789e0 9.73816e1 9.73816e1
7.7777199e2 4.544789e0 9.78204e1 9.78204e1
7.8282239e2 4.544789e0 9.82594e1 9.82594e1
7.8787279e2 4.544789e0 9.86983e1 9.86983e1
7.9292319e2 4.544789e0 9.91373e1 9.91373e1
7.9797359e2 4.544789e0 9.95761e1 9.95761e1
8.0302399e2 4.544789e0 1.00014e2 1.00014e2
8.0807439e2 4.544789e0 1.00453e2 1.00453e2
8.1312479e2 4.544789e0 1.00893e2 1.00893e2
8.1817519e2 4.544789e0 1.0133e2 1.0133e2
8.2322559e2 4.544789e0 1.0177e2 1.0177e2
8.2827599e2 4.544789e0 1.0221e2 1.0221e2
8.3332639e2 4.544789e0 1.02647e2 1.02647e2
8.3837679e2 4.544789e0 1.03087e2 1.03087e2
8.4342719e2 4.544789e0 1.03526e2 1.03526e2
8.4847758e2 4.544789e0 1.03964e2 1.03964e2
8.5352798e2 4.544789e0 1.04404e2 1.04404e2
8.5857838e2 4.544789e0 1.04843e2 1.04843e2
8.6362878e2 4.544789e0 1.05281e2 1.05281e2
8.6867918e2 4.544789e0 1.0572e2 1.0572e2
8.7372958e2 4.544789e0 1.06158e2 1.06158e2
8.7877998e2 4.544789e0 1.06598e2 1.06598e2
8.8383038e2 4.544789e0 1.07037e2 1.07037e2
8.8888078e2 4.544789e0 1.07475e2 1.07475e2
8.9393118e2 4.544789e0 1.07915e2 1.07915e2
8.9898158e2 4.544789e0 1.08354e2 1.08354e2
9.0403198e2 4.544789e0 1.08792e2 1.08792e2
9.0908238e2 4.544789e0 1.09232e2 1.09232e2
9.1413278e2 4.544789e0 1.09671e2 1.09671e2
9.1918318e2 4.544789e0 1.10109e2 1.10109e2
9.2423358e2 4.544789e0 1.10548e2 1.10548e2
9.2928398e2 4.544789e0 1.10988e2 1.10988e2
9.3433438e2 4.544789e0 1.11426e2 1.11426e2
9.3938478e2 4.544789e0 1.11865e2 1.11865e2
9.4443518e2 4.544789e0 1.12305e2 1.12305e2
9.4948558e2 4.544789e0 1.12743e2 1.12743e2
9.5453598e2 4.544789e0 1.13182e2 1.13182e2
9.5958638e2 4.544789e0 1.1362e2 1.1362e2
9.6463678e2 4.544789e0 1.1406e2 1.1406e2
9.6968718e2 4.544789e0 1.14499e2 1.14499e2
9.7473758e2 4.544789e0 1.14937e2 1.14937e2
9.7978798e2 4.544789e0 1.15376e2 1.15376e2
9.8483838e2 4.544789e0 1.15816e2 1.15816e2
9.8988878e2 4.544789e0 1.16254e2 1.16254e2
9.9493918e2 4.544789e0 1.16693e2 1.16693e2
9.9998958e2 4.544789e0 1.17133e2 1.17133e2

5.0e2 4.7468e0 7.5622e1 7.5622e1
5.050504e2 4.7468e0 7.60803e1 7.60803e1
5.101008e2 4.7468e0 7.65387e1 7.65387e1
5.151512e2 4.7468e0 7.69972e1 7.69972e1
5.202016e2 4.7468e0 7.74556e1 7.74556e1
5.25252e2 4.7468e0 7.7914e1 7.7914e1
5.303024e2 4.7468e0 7.83723e1 7.83723e1
5.353528e2 4.7468e0 7.88309e1 7.88309e1
5.404032e2 4.7468e0 7.92892e1 7.92892e1
5.454536e2 4.7468e0 7.97476e1 7.97476e1
5.50504e2 4.7468e0 8.02061e1 8.02061e1
5.555544e2 4.7468e0 8.06645e1 8.06645e1
5.606048e2 4.7468e0 8.11229e1 8.11229e1
5.656552e2 4.7468e0 8.15814e1 8.15814e1
5.707056e2 4.7468e0 8.20398e1 8.20398e1
5.75756e2 4.7468e0 8.24982e1 8.24982e1
5.808064e2 4.7468e0 8.29567e1 8.29567e1
5.858568e2 4.7468e0 8.3415e1 8.3415e1
5.909072e2 4.7468e0 8.38734e1 8.38734e1
5.959576e2 4.7468e0 8.43318e1 8.43318e1
6.01008e2 4.7468e0 8.47903e1 8.47903e1
6.060584e2 4.7468e0 8.52487e1 8.52487e1
6.111088e2 4.7468e0 8.57071e1 8.57071e1
6.161592e2 4.7468e0 8.61656e1 8.61656e1
6.212096e2 4.7468e0 8.6624e1 8.6624e1
6.2626e2 4.7468e0 8.70824e1 8.70824e1
6.313104e2 4.7468e0 8.75409e1 8.75409e1
6.363608e2 4.7468e0 8.79993e1 8.79993e1
6.414112e2 4.7468e0 8.84576e1 8.84576e1
6.464616e2 4.7468e0 8.89162e1 8.89162e1
6.51512e2 4.7468e0 8.93745e1 8.93745e1
6.565624e2 4.7468e0 8.98329e1 8.98329e1
6.616128e2 4.7468e0 9.02913e1 9.02913e1
6.666632e2 4.7468e0 9.07498e1 9.07498e1
6.717136e2 4.7468e0 9.12082e1 9.12082e1
6.7676399e2 4.7468e0 9.16666e1 9.16666e1
6.8181439e2 4.7468e0 9.21251e1 9.21251e1
6.8686479e2 4.7468e0 9.25835e1 9.25835e1
6.9191519e2 4.7468e0 9.30418e1 9.30418e1
6.9696559e2 4.7468e0 9.35004e1 9.35004e1
7.0201599e2 4.7468e0 9.39587e1 9.39587e1
7.0706639e2 4.7468e0 9.44171e1 9.44171e1
7.1211679e2 4.7468e0 9.48756e1 9.48756e1
7.1716719e2 4.7468e0 9.5334e1 9.5334e1
7.2221759e2 4.7468e0 9.57924e1 9.57924e1
7.2726799e2 4.7468e0 9.62508e1 9.62508e1
7.3231839e2 4.7468e0 9.67093e1 9.67093e1
7.3736879e2 4.7468e0 9.71677e1 9.71677e1
7.4241919e2 4.7468e0 9.7626e1 9.7626e1
7.4746959e2 4.7468e0 9.80846e1 9.80846e1
7.5251999e2 4.7468e0 9.8543e1 9.8543e1
7.5757039e2 4.7468e0 9.90013e1 9.90013e1
7.6262079e2 4.7468e0 9.94598e1 9.94598e1
7.6767119e2 4.7468e0 9.99182e1 9.99182e1
7.7272159e2 4.7468e0 1.00375e2 1.00375e2
7.7777199e2 4.7468e0 1.00835e2 1.00835e2
7.8282239e2 4.7468e0 1.01292e2 1.01292e2
7.8787279e2 4.7468e0 1.01752e2 1.01752e2
7.9292319e2 4.7468e0 1.0221e2 1.0221e2
7.9797359e2 4.7468e0 1.02669e2 1.02669e2
8.0302399e2 4.7468e0 1.03127e2 1.03127e2
8.0807439e2 4.7468e0 1.03584e2 1.03584e2
8.1312479e2 4.7468e0 1.04044e2 1.04044e2
8.1817519e2 4.7468e0 1.04501e2 1.04501e2
8.2322559e2 4.7468e0 1.0496e2 1.0496e2
8.2827599e2 4.7468e0 1.05418e2 1.05418e2
8.3332639e2 4.7468e0 1.05878e2 1.05878e2
8.3837679e2 4.7468e0 1.06335e2 1.06335e2
8.4342719e2 4.7468e0 1.06793e2 1.06793e2
8.4847758e2 4.7468e0 1.07253e2 1.07253e2
8.5352798e2 4.7468e0 1.0771e2 1.0771e2
8.5857838e2 4.7468e0 1.0817e2 1.0817e2
8.6362878e2 4.7468e0 1.08627e2 1.08627e2
8.6867918e2 4.7468e0 1.09087e2 1.09087e2
8.7372958e2 4.7468e0 1.09544e2 1.09544e2
8.7877998e2 4.7468e0 1.10002e2 1.10002e2
8.8383038e2 4.7468e0 1.10461e2 1.10461e2
8.8888078e2 4.7468e0 1.10919e2 1.10919e2
8.9393118e2 4.7468e0 1.11378e2 1.11378e2
8.9898158e2 4.7468e0 1.11836e2 1.11836e2
9.0403198e2 4.7468e0 1.12296e2 1.12296e2
9.0908238e2 4.7468e0 1.12753e2 1.12753e2
9.1413278e2 4.7468e0 1.13211e2 1.13211e2
9.1918318e2 4.7468e0 1.1367e2 1.1367e2
9.2423358e2 4.7468e0 1.14128e2 1.14128e2
9.2928398e2 4.7468e0 1.14587e2 1.14587e2
9.3433438e2 4.7468e0 1.15045e2 1.15045e2
9.3938478e2 4.7468e0 1.15504e2 1.15504e2
9.4443518e2 4.7468e0 1.15962e2 1.15962e2
9.4948558e2 4.7468e0 1.1642e2 1.1642e2
9.5453598e2 4.7468e0 1.1688e2 1.1688e2
9.5958638e2 4.7468e0 1.17337e2 1.17337e2
9.6463678e2 4.7468e0 1.17796e2 1.17796e2
9.6968718e2 4.7468e0 1.18254e2 1.18254e2
9.7473758e2 4.7468e0 1.18713e2 1.18713e2
9.7978798e2 4.7468e0 1.19171e2 1.19171e2
9.8483838e2 4.7468e0 1.1963e2 1.1963e2
9.8988878e2 4.7468e0 1.20088e2 1.20088e2
9.9493918e2 4.7468e0 1.20546e2 1.20546e2
9.9998958e2 4.7468e0 1.21005e2 1.21005e2

5.0e2 4.948811e0 7.75635e1 7.75635e1
5.050504e2 4.948811e0 7.80414e1 7.80414e1
5.101008e2 4.948811e0 7.85193e1 7.85193e1
5.151512e2 4.948811e0 7.89972e1 7.89972e1
5.202016e2 4.948811e0 7.94751e1 7.94751e1
5.25252e2 4.948811e0 7.99532e1 7.99532e1
5.303024e2 4.948811e0 8.0431e1 8.0431e1
5.353528e2 4.948811e0 8.0909e1 8.0909e1
5.404032e2 4.948811e0 8.13869e1 8.13869e1
5.454536e2 4.948811e0 8.18648e1 8.18648e1
5.50504e2 4.948811e0 8.23427e1 8.23427e1
5.555544e2 4.948811e0 8.28206e1 8.28206e1
5.606048e2 4.948811e0 8.32986e1 8.32986e1
5.656552e2 4.948811e0 8.37766e1 8.37766e1
5.707056e2 4.948811e0 8.42545e1 8.42545e1
5.75756e2 4.948811e0 8.47324e1 8.47324e1
5.808064e2 4.948811e0 8.52103e1 8.52103e1
5.858568e2 4.948811e0 8.56882e1 8.56882e1
5.909072e2 4.948811e0 8.61662e1 8.61662e1
5.959576e2 4.948811e0 8.66441e1 8.66441e1
6.01008e2 4.948811e0 8.7122e1 8.7122e1
6.060584e2 4.948811e0 8.76e1 8.76e1
6.111088e2 4.948811e0 8.80779e1 8.80779e1
6.161592e2 4.948811e0 8.85558e1 8.85558e1
6.212096e2 4.948811e0 8.90338e1 8.90338e1
6.2626e2 4.948811e0 8.95117e1 8.95117e1
6.313104e2 4.948811e0 8.99896e1 8.99896e1
6.363608e2 4.948811e0 9.04675e1 9.04675e1
6.414112e2 4.948811e0 9.09454e1 9.09454e1
6.464616e2 4.948811e0 9.14233e1 9.14233e1
6.51512e2 4.948811e0 9.19014e1 9.19014e1
6.565624e2 4.948811e0 9.23793e1 9.23793e1
6.616128e2 4.948811e0 9.28572e1 9.28572e1
6.666632e2 4.948811e0 9.33351e1 9.33351e1
6.717136e2 4.948811e0 9.3813e1 9.3813e1
6.7676399e2 4.948811e0 9.4291e1 9.4291e1
6.8181439e2 4.948811e0 9.4769e1 9.4769e1
6.8686479e2 4.948811e0 9.52469e1 9.52469e1
6.9191519e2 4.948811e0 9.57248e1 9.57248e1
6.9696559e2 4.948811e0 9.62027e1 9.62027e1
7.0201599e2 4.948811e0 9.66806e1 9.66806e1
7.0706639e2 4.948811e0 9.71585e1 9.71585e1
7.1211679e2 4.948811e0 9.76366e1 9.76366e1
7.1716719e2 4.948811e0 9.81145e1 9.81145e1
7.2221759e2 4.948811e0 9.85924e1 9.85924e1
7.2726799e2 4.948811e0 9.90703e1 9.90703e1
7.3231839e2 4.948811e0 9.95482e1 9.95482e1
7.3736879e2 4.948811e0 1.00026e2 1.00026e2
7.4241919e2 4.948811e0 1.00504e2 1.00504e2
7.4746959e2 4.948811e0 1.00981e2 1.00981e2
7.5251999e2 4.948811e0 1.01459e2 1.01459e2
7.5757039e2 4.948811e0 1.01938e2 1.01938e2
7.6262079e2 4.948811e0 1.02415e2 1.02415e2
7.6767119e2 4.948811e0 1.02893e2 1.02893e2
7.7272159e2 4.948811e0 1.0337e2 1.0337e2
7.7777199e2 4.948811e0 1.03848e2 1.03848e2
7.8282239e2 4.948811e0 1.04327e2 1.04327e2
7.8787279e2 4.948811e0 1.04805e2 1.04805e2
7.9292319e2 4.948811e0 1.05283e2 1.05283e2
7.9797359e2 4.948811e0 1.0576e2 1.0576e2
8.0302399e2 4.948811e0 1.0624e2 1.0624e2
8.0807439e2 4.948811e0 1.06717e2 1.06717e2
8.1312479e2 4.948811e0 1.07195e2 1.07195e2
8.1817519e2 4.948811e0 1.07672e2 1.07672e2
8.2322559e2 4.948811e0 1.0815e2 1.0815e2
8.2827599e2 4.948811e0 1.08629e2 1.08629e2
8.3332639e2 4.948811e0 1.09106e2 1.09106e2
8.3837679e2 4.948811e0 1.09584e2 1.09584e2
8.4342719e2 4.948811e0 1.10062e2 1.10062e2
8.4847758e2 4.948811e0 1.1054e2 1.1054e2
8.5352798e2 4.948811e0 1.11018e2 1.11018e2
8.5857838e2 4.948811e0 1.11496e2 1.11496e2
8.6362878e2 4.948811e0 1.11974e2 1.11974e2
8.6867918e2 4.948811e0 1.12451e2 1.12451e2
8.7372958e2 4.948811e0 1.1293e2 1.1293e2
8.7877998e2 4.948811e0 1.13408e2 1.13408e2
8.8383038e2 4.948811e0 1.13885e2 1.13885e2
8.8888078e2 4.948811e0 1.14363e2 1.14363e2
8.9393118e2 4.948811e0 1.1484e2 1.1484e2
8.9898158e2 4.948811e0 1.1532e2 1.1532e2
9.0403198e2 4.948811e0 1.15797e2 1.15797e2
9.0908238e2 4.948811e0 1.16275e2 1.16275e2
9.1413278e2 4.948811e0 1.16753e2 1.16753e2
9.1918318e2 4.948811e0 1.17232e2 1.17232e2
9.2423358e2 4.948811e0 1.1771e2 1.1771e2
9.2928398e2 4.948811e0 1.18187e2 1.18187e2
9.3433438e2 4.948811e0 1.18665e2 1.18665e2
9.3938478e2 4.948811e0 1.19142e2 1.19142e2
9.4443518e2 4.948811e0 1.19621e2 1.19621e2
9.4948558e2 4.948811e0 1.20099e2 1.20099e2
9.5453598e2 4.948811e0 1.20576e2 1.20576e2
9.5958638e2 4.948811e0 1.21054e2 1.21054e2
9.6463678e2 4.948811e0 1.21532e2 1.21532e2
9.6968718e2 4.948811e0 1.22011e2 1.22011e2
9.7473758e2 4.948811e0 1.22488e2 1.22488e2
9.7978798e2 4.948811e0 1.22966e2 1.22966e2
9.8483838e2 4.948811e0 1.23444e2 1.23444e2
9.8988878e2 4.948811e0 1.23923e2 1.23923e2
9.9493918e2 4.948811e0 1.244e2 1.244e2
9.9998958e2 4.948811e0 1.24878e2 1.24878e2

5.0e2 5.150822e0 7.9505e1 7.9505e1
5.050504e2 5.150822e0 8.00024e1 8.00024e1
5.101008e2 5.150822e0 8.04999e1 8.04999e1
5.151512e2 5.150822e0 8.09973e1 8.09973e1
5.202016e2 5.150822e0 8.14948e1 8.14948e1
5.25252e2 5.150822e0 8.19922e1 8.19922e1
5.303024e2 5.150822e0 8.24896e1 8.24896e1
5.353528e2 5.150822e0 8.2987e1 8.2987e1
5.404032e2 5.150822e0 8.34845e1 8.34845e1
5.454536e2 5.150822e0 8.3982e1 8.3982e1
5.50504e2 5.150822e0 8.44794e1 8.44794e1
5.555544e2 5.150822e0 8.49768e1 8.49768e1
5.606048e2 5.150822e0 8.54742e1 8.54742e1
5.656552e2 5.150822e0 8.59717e1 8.59717e1
5.707056e2 5.150822e0 8.64691e1 8.64691e1
5.75756e2 5.150822e0 8.69666e1 8.69666e1
5.808064e2 5.150822e0 8.7464e1 8.7464e1
5.858568e2 5.150822e0 8.79614e1 8.79614e1
5.909072e2 5.150822e0 8.84589e1 8.84589e1
5.959576e2 5.150822e0 8.89563e1 8.89563e1
6.01008e2 5.150822e0 8.94537e1 8.94537e1
6.060584e2 5.150822e0 8.99512e1 8.99512e1
6.111088e2 5.150822e0 9.04486e1 9.04486e1
6.161592e2 5.150822e0 9.0946e1 9.0946e1
6.212096e2 5.150822e0 9.14435e1 9.14435e1
6.2626e2 5.150822e0 9.19409e1 9.19409e1
6.313104e2 5.150822e0 9.24384e1 9.24384e1
6.363608e2 5.150822e0 9.29358e1 9.29358e1
6.414112e2 5.150822e0 9.34332e1 9.34332e1
6.464616e2 5.150822e0 9.39307e1 9.39307e1
6.51512e2 5.150822e0 9.44281e1 9.44281e1
6.565624e2 5.150822e0 9.49255e1 9.49255e1
6.616128e2 5.150822e0 9.5423e1 9.5423e1
6.666632e2 5.150822e0 9.59204e1 9.59204e1
6.717136e2 5.150822e0 9.64178e1 9.64178e1
6.7676399e2 5.150822e0 9.69153e1 9.69153e1
6.8181439e2 5.150822e0 9.74127e1 9.74127e1
6.8686479e2 5.150822e0 9.79102e1 9.79102e1
6.9191519e2 5.150822e0 9.84076e1 9.84076e1
6.9696559e2 5.150822e0 9.89052e1 9.89052e1
7.0201599e2 5.150822e0 9.94026e1 9.94026e1
7.0706639e2 5.150822e0 9.98999e1 9.98999e1
7.1211679e2 5.150822e0 1.00397e2 1.00397e2
7.1716719e2 5.150822e0 1.00894e2 1.00894e2
7.2221759e2 5.150822e0 1.01392e2 1.01392e2
7.2726799e2 5.150822e0 1.01889e2 1.01889e2
7.3231839e2 5.150822e0 1.02386e2 1.02386e2
7.3736879e2 5.150822e0 1.02884e2 1.02884e2
7.4241919e2 5.150822e0 1.03381e2 1.03381e2
7.4746959e2 5.150822e0 1.03879e2 1.03879e2
7.5251999e2 5.150822e0 1.04376e2 1.04376e2
7.5757039e2 5.150822e0 1.04874e2 1.04874e2
7.6262079e2 5.150822e0 1.05371e2 1.05371e2
7.6767119e2 5.150822e0 1.05869e2 1.05869e2
7.7272159e2 5.150822e0 1.06366e2 1.06366e2
7.7777199e2 5.150822e0 1.06863e2 1.06863e2
7.8282239e2 5.150822e0 1.07361e2 1.07361e2
7.8787279e2 5.150822e0 1.07858e2 1.07858e2
7.9292319e2 5.150822e0 1.08356e2 1.08356e2
7.9797359e2 5.150822e0 1.08853e2 1.08853e2
8.0302399e2 5.150822e0 1.0935e2 1.0935e2
8.0807439e2 5.150822e0 1.09848e2 1.09848e2
8.1312479e2 5.150822e0 1.10345e2 1.10345e2
8.1817519e2 5.150822e0 1.10843e2 1.10843e2
8.2322559e2 5.150822e0 1.1134e2 1.1134e2
8.2827599e2 5.150822e0 1.11838e2 1.11838e2
8.3332639e2 5.150822e0 1.12335e2 1.12335e2
8.3837679e2 5.150822e0 1.12833e2 1.12833e2
8.4342719e2 5.150822e0 1.1333e2 1.1333e2
8.4847758e2 5.150822e0 1.13828e2 1.13828e2
8.5352798e2 5.150822e0 1.14325e2 1.14325e2
8.5857838e2 5.150822e0 1.14822e2 1.14822e2
8.6362878e2 5.150822e0 1.1532e2 1.1532e2
8.6867918e2 5.150822e0 1.15817e2 1.15817e2
8.7372958e2 5.150822e0 1.16315e2 1.16315e2
8.7877998e2 5.150822e0 1.16812e2 1.16812e2
8.8383038e2 5.150822e0 1.1731e2 1.1731e2
8.8888078e2 5.150822e0 1.17807e2 1.17807e2
8.9393118e2 5.150822e0 1.18304e2 1.18304e2
8.9898158e2 5.150822e0 1.18802e2 1.18802e2
9.0403198e2 5.150822e0 1.193e2 1.193e2
9.0908238e2 5.150822e0 1.19797e2 1.19797e2
9.1413278e2 5.150822e0 1.20294e2 1.20294e2
9.1918318e2 5.150822e0 1.20792e2 1.20792e2
9.2423358e2 5.150822e0 1.21289e2 1.21289e2
9.2928398e2 5.150822e0 1.21786e2 1.21786e2
9.3433438e2 5.150822e0 1.22284e2 1.22284e2
9.3938478e2 5.150822e0 1.22781e2 1.22781e2
9.4443518e2 5.150822e0 1.23279e2 1.23279e2
9.4948558e2 5.150822e0 1.23776e2 1.23776e2
9.5453598e2 5.150822e0 1.24274e2 1.24274e2
9.5958638e2 5.150822e0 1.24771e2 1.24771e2
9.6463678e2 5.150822e0 1.25269e2 1.25269e2
9.6968718e2 5.150822e0 1.25766e2 1.25766e2
9.7473758e2 5.150822e0 1.26263e2 1.26263e2
9.7978798e2 5.150822e0 1.26761e2 1.26761e2
9.8483838e2 5.150822e0 1.27258e2 1.27258e2
9.8988878e2 5.150822e0 1.27756e2 1.27756e2
9.9493918e2 5.150822e0 1.28253e2 1.28253e2
9.9998958e2 5.150822e0 1.2875e2 1.2875e2

5.0e2 5.352832e0 8.14465e1 8.14465e1
5.050504e2 5.352832e0 8.19635e1 8.19635e1
5.101008e2 5.352832e0 8.24805e1 8.24805e1
5.151512e2 5.352832e0 8.29974e1 8.29974e1
5.202016e2 5.352832e0 8.35144e1 8.35144e1
5.25252e2 5.352832e0 8.40312e1 8.40312e1
5.303024e2 5.352832e0 8.45482e1 8.45482e1
5.353528e2 5.352832e0 8.50652e1 8.50652e1
5.404032e2 5.352832e0 8.55821e1 8.55821e1
5.454536e2 5.352832e0 8.60991e1 8.60991e1
5.50504e2 5.352832e0 8.6616e1 8.6616e1
5.555544e2 5.352832e0 8.7133e1 8.7133e1
5.606048e2 5.352832e0 8.765e1 8.765e1
5.656552e2 5.352832e0 8.81668e1 8.81668e1
5.707056e2 5.352832e0 8.86838e1 8.86838e1
5.75756e2 5.352832e0 8.92007e1 8.92007e1
5.808064e2 5.352832e0 8.97177e1 8.97177e1
5.858568e2 5.352832e0 9.02347e1 9.02347e1
5.909072e2 5.352832e0 9.07516e1 9.07516e1
5.959576e2 5.352832e0 9.12686e1 9.12686e1
6.01008e2 5.352832e0 9.17856e1 9.17856e1
6.060584e2 5.352832e0 9.23024e1 9.23024e1
6.111088e2 5.352832e0 9.28194e1 9.28194e1
6.161592e2 5.352832e0 9.33363e1 9.33363e1
6.212096e2 5.352832e0 9.38533e1 9.38533e1
6.2626e2 5.352832e0 9.43703e1 9.43703e1
6.313104e2 5.352832e0 9.48872e1 9.48872e1
6.363608e2 5.352832e0 9.54042e1 9.54042e1
6.414112e2 5.352832e0 9.5921e1 9.5921e1
6.464616e2 5.352832e0 9.6438e1 9.6438e1
6.51512e2 5.352832e0 9.6955e1 9.6955e1
6.565624e2 5.352832e0 9.7472e1 9.7472e1
6.616128e2 5.352832e0 9.79889e1 9.79889e1
6.666632e2 5.352832e0 9.85059e1 9.85059e1
6.717136e2 5.352832e0 9.90228e1 9.90228e1
6.7676399e2 5.352832e0 9.95398e1 9.95398e1
6.8181439e2 5.352832e0 1.00056e2 1.00056e2
6.8686479e2 5.352832e0 1.00574e2 1.00574e2
6.9191519e2 5.352832e0 1.0109e2 1.0109e2
6.9696559e2 5.352832e0 1.01607e2 1.01607e2
7.0201599e2 5.352832e0 1.02124e2 1.02124e2
7.0706639e2 5.352832e0 1.02641e2 1.02641e2
7.1211679e2 5.352832e0 1.03157e2 1.03157e2
7.1716719e2 5.352832e0 1.03674e2 1.03674e2
7.2221759e2 5.352832e0 1.04192e2 1.04192e2
7.2726799e2 5.352832e0 1.04709e2 1.04709e2
7.3231839e2 5.352832e0 1.05226e2 1.05226e2
7.3736879e2 5.352832e0 1.05742e2 1.05742e2
7.4241919e2 5.352832e0 1.06259e2 1.06259e2
7.4746959e2 5.352832e0 1.06776e2 1.06776e2
7.5251999e2 5.352832e0 1.07294e2 1.07294e2
7.5757039e2 5.352832e0 1.07811e2 1.07811e2
7.6262079e2 5.352832e0 1.08327e2 1.08327e2
7.6767119e2 5.352832e0 1.08844e2 1.08844e2
7.7272159e2 5.352832e0 1.09361e2 1.09361e2
7.7777199e2 5.352832e0 1.09879e2 1.09879e2
7.8282239e2 5.352832e0 1.10394e2 1.10394e2
7.8787279e2 5.352832e0 1.10912e2 1.10912e2
7.9292319e2 5.352832e0 1.11429e2 1.11429e2
7.9797359e2 5.352832e0 1.11946e2 1.11946e2
8.0302399e2 5.352832e0 1.12463e2 1.12463e2
8.0807439e2 5.352832e0 1.12979e2 1.12979e2
8.1312479e2 5.352832e0 1.13496e2 1.13496e2
8.1817519e2 5.352832e0 1.14014e2 1.14014e2
8.2322559e2 5.352832e0 1.14531e2 1.14531e2
8.2827599e2 5.352832e0 1.15048e2 1.15048e2
8.3332639e2 5.352832e0 1.15564e2 1.15564e2
8.3837679e2 5.352832e0 1.16081e2 1.16081e2
8.4342719e2 5.352832e0 1.16599e2 1.16599e2
8.4847758e2 5.352832e0 1.17116e2 1.17116e2
8.5352798e2 5.352832e0 1.17633e2 1.17633e2
8.5857838e2 5.352832e0 1.18149e2 1.18149e2
8.6362878e2 5.352832e0 1.18666e2 1.18666e2
8.6867918e2 5.352832e0 1.19183e2 1.19183e2
8.7372958e2 5.352832e0 1.197e2 1.197e2
8.7877998e2 5.352832e0 1.20216e2 1.20216e2
8.8383038e2 5.352832e0 1.20734e2 1.20734e2
8.8888078e2 5.352832e0 1.21251e2 1.21251e2
8.9393118e2 5.352832e0 1.21768e2 1.21768e2
8.9898158e2 5.352832e0 1.22285e2 1.22285e2
9.0403198e2 5.352832e0 1.22801e2 1.22801e2
9.0908238e2 5.352832e0 1.23318e2 1.23318e2
9.1413278e2 5.352832e0 1.23836e2 1.23836e2
9.1918318e2 5.352832e0 1.24353e2 1.24353e2
9.2423358e2 5.352832e0 1.2487e2 1.2487e2
9.2928398e2 5.352832e0 1.25386e2 1.25386e2
9.3433438e2 5.352832e0 1.25903e2 1.25903e2
9.3938478e2 5.352832e0 1.2642e2 1.2642e2
9.4443518e2 5.352832e0 1.26938e2 1.26938e2
9.4948558e2 5.352832e0 1.27454e2 1.27454e2
9.5453598e2 5.352832e0 1.27971e2 1.27971e2
9.5958638e2 5.352832e0 1.28488e2 1.28488e2
9.6463678e2 5.352832e0 1.29005e2 1.29005e2
9.6968718e2 5.352832e0 1.29523e2 1.29523e2
9.7473758e2 5.352832e0 1.30038e2 1.30038e2
9.7978798e2 5.352832e0 1.30556e2 1.30556e2
9.8483838e2 5.352832e0 1.31073e2 1.31073e2
9.8988878e2 5.352832e0 1.3159e2 1.3159e2
9.9493918e2 5.352832e0 1.32108e2 1.32108e2
9.9998958e2 5.352832e0 1.32623e2 1.32623e2

5.0e2 5.554843e0 8.3388e1 8.3388e1
5.050504e2 5.554843e0 8.39244e1 8.39244e1
5.101008e2 5.554843e0 8.44609e1 8.44609e1
5.151512e2 5.554843e0 8.49974e1 8.49974e1
5.202016e2 5.554843e0 8.55339e1 8.55339e1
5.25252e2 5.554843e0 8.60703e1 8.60703e1
5.303024e2 5.554843e0 8.66068e1 8.66068e1
5.353528e2 5.554843e0 8.71432e1 8.71432e1
5.404032e2 5.554843e0 8.76797e1 8.76797e1
5.454536e2 5.554843e0 8.82161e1 8.82161e1
5.50504e2 5.554843e0 8.87526e1 8.87526e1
5.555544e2 5.554843e0 8.92891e1 8.92891e1
5.606048e2 5.554843e0 8.98254e1 8.98254e1
5.656552e2 5.554843e0 9.0362e1 9.0362e1
5.707056e2 5.554843e0 9.08984e1 9.08984e1
5.75756e2 5.554843e0 9.1435e1 9.1435e1
5.808064e2 5.554843e0 9.19713e1 9.19713e1
5.858568e2 5.554843e0 9.25078e1 9.25078e1
5.909072e2 5.554843e0 9.30443e1 9.30443e1
5.959576e2 5.554843e0 9.35808e1 9.35808e1
6.01008e2 5.554843e0 9.41171e1 9.41171e1
6.060584e2 5.554843e0 9.46536e1 9.46536e1
6.111088e2 5.554843e0 9.51901e1 9.51901e1
6.161592e2 5.554843e0 9.57265e1 9.57265e1
6.212096e2 5.554843e0 9.6263e1 9.6263e1
6.2626e2 5.554843e0 9.67995e1 9.67995e1
6.313104e2 5.554843e0 9.7336e1 9.7336e1
6.363608e2 5.554843e0 9.78723e1 9.78723e1
6.414112e2 5.554843e0 9.84088e1 9.84088e1
6.464616e2 5.554843e0 9.89453e1 9.89453e1
6.51512e2 5.554843e0 9.94818e1 9.94818e1
6.565624e2 5.554843e0 1.00018e2 1.00018e2
6.616128e2 5.554843e0 1.00554e2 1.00554e2
6.666632e2 5.554843e0 1.01091e2 1.01091e2
6.717136e2 5.554843e0 1.01627e2 1.01627e2
6.7676399e2 5.554843e0 1.02164e2 1.02164e2
6.8181439e2 5.554843e0 1.027e2 1.027e2
6.8686479e2 5.554843e0 1.03236e2 1.03236e2
6.9191519e2 5.554843e0 1.03773e2 1.03773e2
6.9696559e2 5.554843e0 1.04309e2 1.04309e2
7.0201599e2 5.554843e0 1.04846e2 1.04846e2
7.0706639e2 5.554843e0 1.05382e2 1.05382e2
7.1211679e2 5.554843e0 1.05919e2 1.05919e2
7.1716719e2 5.554843e0 1.06454e2 1.06454e2
7.2221759e2 5.554843e0 1.06992e2 1.06992e2
7.2726799e2 5.554843e0 1.07529e2 1.07529e2
7.3231839e2 5.554843e0 1.08064e2 1.08064e2
7.3736879e2 5.554843e0 1.08601e2 1.08601e2
7.4241919e2 5.554843e0 1.09137e2 1.09137e2
7.4746959e2 5.554843e0 1.09674e2 1.09674e2
7.5251999e2 5.554843e0 1.1021e2 1.1021e2
7.5757039e2 5.554843e0 1.10747e2 1.10747e2
7.6262079e2 5.554843e0 1.11284e2 1.11284e2
7.6767119e2 5.554843e0 1.1182e2 1.1182e2
7.7272159e2 5.554843e0 1.12357e2 1.12357e2
7.7777199e2 5.554843e0 1.12892e2 1.12892e2
7.8282239e2 5.554843e0 1.1343e2 1.1343e2
7.8787279e2 5.554843e0 1.13965e2 1.13965e2
7.9292319e2 5.554843e0 1.14502e2 1.14502e2
7.9797359e2 5.554843e0 1.15039e2 1.15039e2
8.0302399e2 5.554843e0 1.15575e2 1.15575e2
8.0807439e2 5.554843e0 1.16112e2 1.16112e2
8.1312479e2 5.554843e0 1.16647e2 1.16647e2
8.1817519e2 5.554843e0 1.17184e2 1.17184e2
8.2322559e2 5.554843e0 1.1772e2 1.1772e2
8.2827599e2 5.554843e0 1.18257e2 1.18257e2
8.3332639e2 5.554843e0 1.18794e2 1.18794e2
8.3837679e2 5.554843e0 1.1933e2 1.1933e2
8.4342719e2 5.554843e0 1.19867e2 1.19867e2
8.4847758e2 5.554843e0 1.20403e2 1.20403e2
8.5352798e2 5.554843e0 1.2094e2 1.2094e2
8.5857838e2 5.554843e0 1.21475e2 1.21475e2
8.6362878e2 5.554843e0 1.22012e2 1.22012e2
8.6867918e2 5.554843e0 1.2255e2 1.2255e2
8.7372958e2 5.554843e0 1.23085e2 1.23085e2
8.7877998e2 5.554843e0 1.23622e2 1.23622e2
8.8383038e2 5.554843e0 1.24158e2 1.24158e2
8.8888078e2 5.554843e0 1.24695e2 1.24695e2
8.9393118e2 5.554843e0 1.2523e2 1.2523e2
8.9898158e2 5.554843e0 1.25768e2 1.25768e2
9.0403198e2 5.554843e0 1.26305e2 1.26305e2
9.0908238e2 5.554843e0 1.2684e2 1.2684e2
9.1413278e2 5.554843e0 1.27377e2 1.27377e2
9.1918318e2 5.554843e0 1.27913e2 1.27913e2
9.2423358e2 5.554843e0 1.2845e2 1.2845e2
9.2928398e2 5.554843e0 1.28986e2 1.28986e2
9.3433438e2 5.554843e0 1.29523e2 1.29523e2
9.3938478e2 5.554843e0 1.3006e2 1.3006e2
9.4443518e2 5.554843e0 1.30595e2 1.30595e2
9.4948558e2 5.554843e0 1.31133e2 1.31133e2
9.5453598e2 5.554843e0 1.31668e2 1.31668e2
9.5958638e2 5.554843e0 1.32205e2 1.32205e2
9.6463678e2 5.554843e0 1.32741e2 1.32741e2
9.6968718e2 5.554843e0 1.33278e2 1.33278e2
9.7473758e2 5.554843e0 1.33815e2 1.33815e2
9.7978798e2 5.554843e0 1.3435e2 1.3435e2
9.8483838e2 5.554843e0 1.34888e2 1.34888e2
9.8988878e2 5.554843e0 1.35423e2 1.35423e2
9.9493918e2 5.554843e0 1.3596e2 1.3596e2
9.9998958e2 5.554843e0 1.36496e2 1.36496e2

5.0e2 5.756854e0 8.53296e1 8.53296e1
5.050504e2 5.756854e0 8.58855e1 8.58855e1
5.101008e2 5.756854e0 8.64415e1 8.64415e1
5.151512e2 5.756854e0 8.69975e1 8.69975e1
5.202016e2 5.756854e0 8.75534e1 8.75534e1
5.25252e2 5.756854e0 8.81094e1 8.81094e1
5.303024e2 5.756854e0 8.86653e1 8.86653e1
5.353528e2 5.756854e0 8.92213e1 8.92213e1
5.404032e2 5.756854e0 8.97774e1 8.97774e1
5.454536e2 5.756854e0 9.03333e1 9.03333e1
5.50504e2 5.756854e0 9.08893e1 9.08893e1
5.555544e2 5.756854e0 9.14452e1 9.14452e1
5.606048e2 5.756854e0 9.20012e1 9.20012e1
5.656552e2 5.756854e0 9.25572e1 9.25572e1
5.707056e2 5.756854e0 9.31131e1 9.31131e1
5.75756e2 5.756854e0 9.36691e1 9.36691e1
5.808064e2 5.756854e0 9.4225e1 9.4225e1
5.858568e2 5.756854e0 9.4781e1 9.4781e1
5.909072e2 5.756854e0 9.53369e1 9.53369e1
5.959576e2 5.756854e0 9.5893e1 9.5893e1
6.01008e2 5.756854e0 9.6449e1 9.6449e1
6.060584e2 5.756854e0 9.70049e1 9.70049e1
6.111088e2 5.756854e0 9.75609e1 9.75609e1
6.161592e2 5.756854e0 9.81168e1 9.81168e1
6.212096e2 5.756854e0 9.86728e1 9.86728e1
6.2626e2 5.756854e0 9.92288e1 9.92288e1
6.313104e2 5.756854e0 9.97847e1 9.97847e1
6.363608e2 5.756854e0 1.0034e2 1.0034e2
6.414112e2 5.756854e0 1.00896e2 1.00896e2
6.464616e2 5.756854e0 1.01453e2 1.01453e2
6.51512e2 5.756854e0 1.02008e2 1.02008e2
6.565624e2 5.756854e0 1.02563e2 1.02563e2
6.616128e2 5.756854e0 1.0312e2 1.0312e2
6.666632e2 5.756854e0 1.03676e2 1.03676e2
6.717136e2 5.756854e0 1.04231e2 1.04231e2
6.7676399e2 5.756854e0 1.04788e2 1.04788e2
6.8181439e2 5.756854e0 1.05344e2 1.05344e2
6.8686479e2 5.756854e0 1.05899e2 1.05899e2
6.9191519e2 5.756854e0 1.06456e2 1.06456e2
6.9696559e2 5.756854e0 1.07011e2 1.07011e2
7.0201599e2 5.756854e0 1.07568e2 1.07568e2
7.0706639e2 5.756854e0 1.08124e2 1.08124e2
7.1211679e2 5.756854e0 1.08679e2 1.08679e2
7.1716719e2 5.756854e0 1.09236e2 1.09236e2
7.2221759e2 5.756854e0 1.09792e2 1.09792e2
7.2726799e2 5.756854e0 1.10347e2 1.10347e2
7.3231839e2 5.756854e0 1.10904e2 1.10904e2
7.3736879e2 5.756854e0 1.1146e2 1.1146e2
7.4241919e2 5.756854e0 1.12015e2 1.12015e2
7.4746959e2 5.756854e0 1.12572e2 1.12572e2
7.5251999e2 5.756854e0 1.13127e2 1.13127e2
7.5757039e2 5.756854e0 1.13683e2 1.13683e2
7.6262079e2 5.756854e0 1.1424e2 1.1424e2
7.6767119e2 5.756854e0 1.14795e2 1.14795e2
7.7272159e2 5.756854e0 1.15352e2 1.15352e2
7.7777199e2 5.756854e0 1.15907e2 1.15907e2
7.8282239e2 5.756854e0 1.16463e2 1.16463e2
7.8787279e2 5.756854e0 1.1702e2 1.1702e2
7.9292319e2 5.756854e0 1.17575e2 1.17575e2
7.9797359e2 5.756854e0 1.1813e2 1.1813e2
8.0302399e2 5.756854e0 1.18687e2 1.18687e2
8.0807439e2 5.756854e0 1.19243e2 1.19243e2
8.1312479e2 5.756854e0 1.19798e2 1.19798e2
8.1817519e2 5.756854e0 1.20355e2 1.20355e2
8.2322559e2 5.756854e0 1.2091e2 1.2091e2
8.2827599e2 5.756854e0 1.21466e2 1.21466e2
8.3332639e2 5.756854e0 1.22023e2 1.22023e2
8.3837679e2 5.756854e0 1.22578e2 1.22578e2
8.4342719e2 5.756854e0 1.23135e2 1.23135e2
8.4847758e2 5.756854e0 1.23691e2 1.23691e2
8.5352798e2 5.756854e0 1.24246e2 1.24246e2
8.5857838e2 5.756854e0 1.24803e2 1.24803e2
8.6362878e2 5.756854e0 1.25359e2 1.25359e2
8.6867918e2 5.756854e0 1.25914e2 1.25914e2
8.7372958e2 5.756854e0 1.26471e2 1.26471e2
8.7877998e2 5.756854e0 1.27026e2 1.27026e2
8.8383038e2 5.756854e0 1.27582e2 1.27582e2
8.8888078e2 5.756854e0 1.28139e2 1.28139e2
8.9393118e2 5.756854e0 1.28694e2 1.28694e2
8.9898158e2 5.756854e0 1.2925e2 1.2925e2
9.0403198e2 5.756854e0 1.29807e2 1.29807e2
9.0908238e2 5.756854e0 1.30362e2 1.30362e2
9.1413278e2 5.756854e0 1.30919e2 1.30919e2
9.1918318e2 5.756854e0 1.31474e2 1.31474e2
9.2423358e2 5.756854e0 1.3203e2 1.3203e2
9.2928398e2 5.756854e0 1.32587e2 1.32587e2
9.3433438e2 5.756854e0 1.33142e2 1.33142e2
9.3938478e2 5.756854e0 1.33698e2 1.33698e2
9.4443518e2 5.756854e0 1.34254e2 1.34254e2
9.4948558e2 5.756854e0 1.3481e2 1.3481e2
9.5453598e2 5.756854e0 1.35365e2 1.35365e2
9.5958638e2 5.756854e0 1.35922e2 1.35922e2
9.6463678e2 5.756854e0 1.36478e2 1.36478e2
9.6968718e2 5.756854e0 1.37033e2 1.37033e2
9.7473758e2 5.756854e0 1.3759e2 1.3759e2
9.7978798e2 5.756854e0 1.38145e2 1.38145e2
9.8483838e2 5.756854e0 1.38702e2 1.38702e2
9.8988878e2 5.756854e0 1.39258e2 1.39258e2
9.9493918e2 5.756854e0 1.39813e2 1.39813e2
9.9998958e2 5.756854e0 1.4037e2 1.4037e2

5.0e2 5.958865e0 8.72711e1 8.72711e1
5.050504e2 5.958865e0 8.78467e1 8.78467e1
5.101008e2 5.958865e0 8.84221e1 8.84221e1
5.151512e2 5.958865e0 8.89975e1 8.89975e1
5.202016e2 5.958865e0 8.9573e1 8.9573e1
5.25252e2 5.958865e0 9.01485e1 9.01485e1
5.303024e2 5.958865e0 9.0724e1 9.0724e1
5.353528e2 5.958865e0 9.12994e1 9.12994e1
5.404032e2 5.958865e0 9.1875e1 9.1875e1
5.454536e2 5.958865e0 9.24504e1 9.24504e1
5.50504e2 5.958865e0 9.3026e1 9.3026e1
5.555544e2 5.958865e0 9.36014e1 9.36014e1
5.606048e2 5.958865e0 9.41768e1 9.41768e1
5.656552e2 5.958865e0 9.47523e1 9.47523e1
5.707056e2 5.958865e0 9.53278e1 9.53278e1
5.75756e2 5.958865e0 9.59033e1 9.59033e1
5.808064e2 5.958865e0 9.64787e1 9.64787e1
5.858568e2 5.958865e0 9.70543e1 9.70543e1
5.909072e2 5.958865e0 9.76297e1 9.76297e1
5.959576e2 5.958865e0 9.82051e1 9.82051e1
6.01008e2 5.958865e0 9.87807e1 9.87807e1
6.060584e2 5.958865e0 9.93561e1 9.93561e1
6.111088e2 5.958865e0 9.99316e1 9.99316e1
6.161592e2 5.958865e0 1.00507e2 1.00507e2
6.212096e2 5.958865e0 1.01082e2 1.01082e2
6.2626e2 5.958865e0 1.01657e2 1.01657e2
6.313104e2 5.958865e0 1.02232e2 1.02232e2
6.363608e2 5.958865e0 1.02808e2 1.02808e2
6.414112e2 5.958865e0 1.03384e2 1.03384e2
6.464616e2 5.958865e0 1.0396e2 1.0396e2
6.51512e2 5.958865e0 1.04535e2 1.04535e2
6.565624e2 5.958865e0 1.0511e2 1.0511e2
6.616128e2 5.958865e0 1.05685e2 1.05685e2
6.666632e2 5.958865e0 1.0626e2 1.0626e2
6.717136e2 5.958865e0 1.06836e2 1.06836e2
6.7676399e2 5.958865e0 1.07413e2 1.07413e2
6.8181439e2 5.958865e0 1.07988e2 1.07988e2
6.8686479e2 5.958865e0 1.08563e2 1.08563e2
6.9191519e2 5.958865e0 1.09138e2 1.09138e2
6.9696559e2 5.958865e0 1.09714e2 1.09714e2
7.0201599e2 5.958865e0 1.10289e2 1.10289e2
7.0706639e2 5.958865e0 1.10864e2 1.10864e2
7.1211679e2 5.958865e0 1.11441e2 1.11441e2
7.1716719e2 5.958865e0 1.12016e2 1.12016e2
7.2221759e2 5.958865e0 1.12592e2 1.12592e2
7.2726799e2 5.958865e0 1.13167e2 1.13167e2
7.3231839e2 5.958865e0 1.13742e2 1.13742e2
7.3736879e2 5.958865e0 1.14317e2 1.14317e2
7.4241919e2 5.958865e0 1.14894e2 1.14894e2
7.4746959e2 5.958865e0 1.1547e2 1.1547e2
7.5251999e2 5.958865e0 1.16045e2 1.16045e2
7.5757039e2 5.958865e0 1.1662e2 1.1662e2
7.6262079e2 5.958865e0 1.17195e2 1.17195e2
7.6767119e2 5.958865e0 1.1777e2 1.1777e2
7.7272159e2 5.958865e0 1.18346e2 1.18346e2
7.7777199e2 5.958865e0 1.18922e2 1.18922e2
7.8282239e2 5.958865e0 1.19498e2 1.19498e2
7.8787279e2 5.958865e0 1.20073e2 1.20073e2
7.9292319e2 5.958865e0 1.20648e2 1.20648e2
7.9797359e2 5.958865e0 1.21223e2 1.21223e2
8.0302399e2 5.958865e0 1.21799e2 1.21799e2
8.0807439e2 5.958865e0 1.22374e2 1.22374e2
8.1312479e2 5.958865e0 1.2295e2 1.2295e2
8.1817519e2 5.958865e0 1.23526e2 1.23526e2
8.2322559e2 5.958865e0 1.24101e2 1.24101e2
8.2827599e2 5.958865e0 1.24677e2 1.24677e2
8.3332639e2 5.958865e0 1.25252e2 1.25252e2
8.3837679e2 5.958865e0 1.25827e2 1.25827e2
8.4342719e2 5.958865e0 1.26402e2 1.26402e2
8.4847758e2 5.958865e0 1.26979e2 1.26979e2
8.5352798e2 5.958865e0 1.27554e2 1.27554e2
8.5857838e2 5.958865e0 1.2813e2 1.2813e2
8.6362878e2 5.958865e0 1.28705e2 1.28705e2
8.6867918e2 5.958865e0 1.2928e2 1.2928e2
8.7372958e2 5.958865e0 1.29855e2 1.29855e2
8.7877998e2 5.958865e0 1.3043e2 1.3043e2
8.8383038e2 5.958865e0 1.31007e2 1.31007e2
8.8888078e2 5.958865e0 1.31583e2 1.31583e2
8.9393118e2 5.958865e0 1.32158e2 1.32158e2
8.9898158e2 5.958865e0 1.32733e2 1.32733e2
9.0403198e2 5.958865e0 1.33308e2 1.33308e2
9.0908238e2 5.958865e0 1.33884e2 1.33884e2
9.1413278e2 5.958865e0 1.34459e2 1.34459e2
9.1918318e2 5.958865e0 1.35036e2 1.35036e2
9.2423358e2 5.958865e0 1.35611e2 1.35611e2
9.2928398e2 5.958865e0 1.36186e2 1.36186e2
9.3433438e2 5.958865e0 1.36761e2 1.36761e2
9.3938478e2 5.958865e0 1.37337e2 1.37337e2
9.4443518e2 5.958865e0 1.37912e2 1.37912e2
9.4948558e2 5.958865e0 1.38487e2 1.38487e2
9.5453598e2 5.958865e0 1.39064e2 1.39064e2
9.5958638e2 5.958865e0 1.3964e2 1.3964e2
9.6463678e2 5.958865e0 1.40215e2 1.40215e2
9.6968718e2 5.958865e0 1.4079e2 1.4079e2
9.7473758e2 5.958865e0 1.41365e2 1.41365e2
9.7978798e2 5.958865e0 1.4194e2 1.4194e2
9.8483838e2 5.958865e0 1.42516e2 1.42516e2
9.8988878e2 5.958865e0 1.43092e2 1.43092e2
9.9493918e2 5.958865e0 1.43668e2 1.43668e2
9.9998958e2 5.958865e0 1.44243e2 1.44243e2

5.0e2 6.160876e0 8.92126e1 8.92126e1
5.050504e2 6.160876e0 8.98077e1 8.98077e1
5.101008e2 6.160876e0 9.04027e1 9.04027e1
5.151512e2 6.160876e0 9.09976e1 9.09976e1
5.202016e2 6.160876e0 9.15926e1 9.15926e1
5.25252e2 6.160876e0 9.21877e1 9.21877e1
5.303024e2 6.160876e0 9.27826e1 9.27826e1
5.353528e2 6.160876e0 9.33775e1 9.33775e1
5.404032e2 6.160876e0 9.39726e1 9.39726e1
5.454536e2 6.160876e0 9.45676e1 9.45676e1
5.50504e2 6.160876e0 9.51625e1 9.51625e1
5.555544e2 6.160876e0 9.57576e1 9.57576e1
5.606048e2 6.160876e0 9.63525e1 9.63525e1
5.656552e2 6.160876e0 9.69475e1 9.69475e1
5.707056e2 6.160876e0 9.75424e1 9.75424e1
5.75756e2 6.160876e0 9.81375e1 9.81375e1
5.808064e2 6.160876e0 9.87325e1 9.87325e1
5.858568e2 6.160876e0 9.93274e1 9.93274e1
5.909072e2 6.160876e0 9.99225e1 9.99225e1
5.959576e2 6.160876e0 1.00517e2 1.00517e2
6.01008e2 6.160876e0 1.01112e2 1.01112e2
6.060584e2 6.160876e0 1.01707e2 1.01707e2
6.111088e2 6.160876e0 1.02301e2 1.02301e2
6.161592e2 6.160876e0 1.02896e2 1.02896e2
6.212096e2 6.160876e0 1.03491e2 1.03491e2
6.2626e2 6.160876e0 1.04086e2 1.04086e2
6.313104e2 6.160876e0 1.04681e2 1.04681e2
6.363608e2 6.160876e0 1.05276e2 1.05276e2
6.414112e2 6.160876e0 1.05872e2 1.05872e2
6.464616e2 6.160876e0 1.06467e2 1.06467e2
6.51512e2 6.160876e0 1.07062e2 1.07062e2
6.565624e2 6.160876e0 1.07657e2 1.07657e2
6.616128e2 6.160876e0 1.08252e2 1.08252e2
6.666632e2 6.160876e0 1.08847e2 1.08847e2
6.717136e2 6.160876e0 1.09442e2 1.09442e2
6.7676399e2 6.160876e0 1.10037e2 1.10037e2
6.8181439e2 6.160876e0 1.10631e2 1.10631e2
6.8686479e2 6.160876e0 1.11226e2 1.11226e2
6.9191519e2 6.160876e0 1.11821e2 1.11821e2
6.9696559e2 6.160876e0 1.12416e2 1.12416e2
7.0201599e2 6.160876e0 1.13011e2 1.13011e2
7.0706639e2 6.160876e0 1.13606e2 1.13606e2
7.1211679e2 6.160876e0 1.14201e2 1.14201e2
7.1716719e2 6.160876e0 1.14796e2 1.14796e2
7.2221759e2 6.160876e0 1.15392e2 1.15392e2
7.2726799e2 6.160876e0 1.15987e2 1.15987e2
7.3231839e2 6.160876e0 1.16582e2 1.16582e2
7.3736879e2 6.160876e0 1.17177e2 1.17177e2
7.4241919e2 6.160876e0 1.17772e2 1.17772e2
7.4746959e2 6.160876e0 1.18367e2 1.18367e2
7.5251999e2 6.160876e0 1.1896e2 1.1896e2
7.5757039e2 6.160876e0 1.19556e2 1.19556e2
7.6262079e2 6.160876e0 1.2015e2 1.2015e2
7.6767119e2 6.160876e0 1.20746e2 1.20746e2
7.7272159e2 6.160876e0 1.21341e2 1.21341e2
7.7777199e2 6.160876e0 1.21936e2 1.21936e2
7.8282239e2 6.160876e0 1.22531e2 1.22531e2
7.8787279e2 6.160876e0 1.23126e2 1.23126e2
7.9292319e2 6.160876e0 1.23721e2 1.23721e2
7.9797359e2 6.160876e0 1.24316e2 1.24316e2
8.0302399e2 6.160876e0 1.24911e2 1.24911e2
8.0807439e2 6.160876e0 1.25507e2 1.25507e2
8.1312479e2 6.160876e0 1.26102e2 1.26102e2
8.1817519e2 6.160876e0 1.26697e2 1.26697e2
8.2322559e2 6.160876e0 1.2729e2 1.2729e2
8.2827599e2 6.160876e0 1.27885e2 1.27885e2
8.3332639e2 6.160876e0 1.2848e2 1.2848e2
8.3837679e2 6.160876e0 1.29076e2 1.29076e2
8.4342719e2 6.160876e0 1.2967e2 1.2967e2
8.4847758e2 6.160876e0 1.30266e2 1.30266e2
8.5352798e2 6.160876e0 1.30861e2 1.30861e2
8.5857838e2 6.160876e0 1.31456e2 1.31456e2
8.6362878e2 6.160876e0 1.32051e2 1.32051e2
8.6867918e2 6.160876e0 1.32646e2 1.32646e2
8.7372958e2 6.160876e0 1.33241e2 1.33241e2
8.7877998e2 6.160876e0 1.33836e2 1.33836e2
8.8383038e2 6.160876e0 1.34431e2 1.34431e2
8.8888078e2 6.160876e0 1.35027e2 1.35027e2
8.9393118e2 6.160876e0 1.35622e2 1.35622e2
8.9898158e2 6.160876e0 1.36215e2 1.36215e2
9.0403198e2 6.160876e0 1.3681e2 1.3681e2
9.0908238e2 6.160876e0 1.37405e2 1.37405e2
9.1413278e2 6.160876e0 1.38e2 1.38e2
9.1918318e2 6.160876e0 1.38596e2 1.38596e2
9.2423358e2 6.160876e0 1.3919e2 1.3919e2
9.2928398e2 6.160876e0 1.39786e2 1.39786e2
9.3433438e2 6.160876e0 1.40381e2 1.40381e2
9.3938478e2 6.160876e0 1.40976e2 1.40976e2
9.4443518e2 6.160876e0 1.41571e2 1.41571e2
9.4948558e2 6.160876e0 1.42166e2 1.42166e2
9.5453598e2 6.160876e0 1.42761e2 1.42761e2
9.5958638e2 6.160876e0 1.43356e2 1.43356e2
9.6463678e2 6.160876e0 1.43951e2 1.43951e2
9.6968718e2 6.160876e0 1.44545e2 1.44545e2
9.7473758e2 6.160876e0 1.4514e2 1.4514e2
9.7978798e2 6.160876e0 1.45735e2 1.45735e2
9.8483838e2 6.160876e0 1.4633e2 1.4633e2
9.8988878e2 6.160876e0 1.46925e2 1.46925e2
9.9493918e2 6.160876e0 1.4752e2 1.4752e2
9.9998958e2 6.160876e0 1.48116e2 1.48116e2

5.0e2 6.362888e0 9.11543e1 9.11543e1
5.050504e2 6.362888e0 9.17688e1 9.17688e1
5.101008e2 6.362888e0 9.23833e1 9.23833e1
5.151512e2 6.362888e0 9.29977e1 9.29977e1
5.202016e2 6.362888e0 9.36122e1 9.36122e1
5.25252e2 6.362888e0 9.42267e1 9.42267e1
5.303024e2 6.362888e0 9.48412e1 9.48412e1
5.353528e2 6.362888e0 9.54558e1 9.54558e1
5.404032e2 6.362888e0 9.60703e1 9.60703e1
5.454536e2 6.362888e0 9.66847e1 9.66847e1
5.50504e2 6.362888e0 9.72992e1 9.72992e1
5.555544e2 6.362888e0 9.79137e1 9.79137e1
5.606048e2 6.362888e0 9.85281e1 9.85281e1
5.656552e2 6.362888e0 9.91426e1 9.91426e1
5.707056e2 6.362888e0 9.97572e1 9.97572e1
5.75756e2 6.362888e0 1.00371e2 1.00371e2
5.808064e2 6.362888e0 1.00986e2 1.00986e2
5.858568e2 6.362888e0 1.016e2 1.016e2
5.909072e2 6.362888e0 1.02214e2 1.02214e2
5.959576e2 6.362888e0 1.02829e2 1.02829e2
6.01008e2 6.362888e0 1.03444e2 1.03444e2
6.060584e2 6.362888e0 1.04057e2 1.04057e2
6.111088e2 6.362888e0 1.04672e2 1.04672e2
6.161592e2 6.362888e0 1.05287e2 1.05287e2
6.212096e2 6.362888e0 1.05902e2 1.05902e2
6.2626e2 6.362888e0 1.06516e2 1.06516e2
6.313104e2 6.362888e0 1.0713e2 1.0713e2
6.363608e2 6.362888e0 1.07745e2 1.07745e2
6.414112e2 6.362888e0 1.08359e2 1.08359e2
6.464616e2 6.362888e0 1.08974e2 1.08974e2
6.51512e2 6.362888e0 1.09589e2 1.09589e2
6.565624e2 6.362888e0 1.10204e2 1.10204e2
6.616128e2 6.362888e0 1.10817e2 1.10817e2
6.666632e2 6.362888e0 1.11432e2 1.11432e2
6.717136e2 6.362888e0 1.12047e2 1.12047e2
6.7676399e2 6.362888e0 1.1266e2 1.1266e2
6.8181439e2 6.362888e0 1.13275e2 1.13275e2
6.8686479e2 6.362888e0 1.1389e2 1.1389e2
6.9191519e2 6.362888e0 1.14505e2 1.14505e2
6.9696559e2 6.362888e0 1.15118e2 1.15118e2
7.0201599e2 6.362888e0 1.15733e2 1.15733e2
7.0706639e2 6.362888e0 1.16348e2 1.16348e2
7.1211679e2 6.362888e0 1.16962e2 1.16962e2
7.1716719e2 6.362888e0 1.17577e2 1.17577e2
7.2221759e2 6.362888e0 1.18192e2 1.18192e2
7.2726799e2 6.362888e0 1.18806e2 1.18806e2
7.3231839e2 6.362888e0 1.1942e2 1.1942e2
7.3736879e2 6.362888e0 1.20035e2 1.20035e2
7.4241919e2 6.362888e0 1.2065e2 1.2065e2
7.4746959e2 6.362888e0 1.21263e2 1.21263e2
7.5251999e2 6.362888e0 1.21878e2 1.21878e2
7.5757039e2 6.362888e0 1.22493e2 1.22493e2
7.6262079e2 6.362888e0 1.23108e2 1.23108e2
7.6767119e2 6.362888e0 1.23721e2 1.23721e2
7.7272159e2 6.362888e0 1.24336e2 1.24336e2
7.7777199e2 6.362888e0 1.24951e2 1.24951e2
7.8282239e2 6.362888e0 1.25565e2 1.25565e2
7.8787279e2 6.362888e0 1.2618e2 1.2618e2
7.9292319e2 6.362888e0 1.26794e2 1.26794e2
7.9797359e2 6.362888e0 1.2741e2 1.2741e2
8.0302399e2 6.362888e0 1.28023e2 1.28023e2
8.0807439e2 6.362888e0 1.28638e2 1.28638e2
8.1312479e2 6.362888e0 1.29253e2 1.29253e2
8.1817519e2 6.362888e0 1.29866e2 1.29866e2
8.2322559e2 6.362888e0 1.30481e2 1.30481e2
8.2827599e2 6.362888e0 1.31096e2 1.31096e2
8.3332639e2 6.362888e0 1.31711e2 1.31711e2
8.3837679e2 6.362888e0 1.32324e2 1.32324e2
8.4342719e2 6.362888e0 1.32939e2 1.32939e2
8.4847758e2 6.362888e0 1.33554e2 1.33554e2
8.5352798e2 6.362888e0 1.34167e2 1.34167e2
8.5857838e2 6.362888e0 1.34782e2 1.34782e2
8.6362878e2 6.362888e0 1.35397e2 1.35397e2
8.6867918e2 6.362888e0 1.36012e2 1.36012e2
8.7372958e2 6.362888e0 1.36626e2 1.36626e2
8.7877998e2 6.362888e0 1.3724e2 1.3724e2
8.8383038e2 6.362888e0 1.37856e2 1.37856e2
8.8888078e2 6.362888e0 1.38469e2 1.38469e2
8.9393118e2 6.362888e0 1.39084e2 1.39084e2
8.9898158e2 6.362888e0 1.39699e2 1.39699e2
9.0403198e2 6.362888e0 1.40314e2 1.40314e2
9.0908238e2 6.362888e0 1.40927e2 1.40927e2
9.1413278e2 6.362888e0 1.41542e2 1.41542e2
9.1918318e2 6.362888e0 1.42157e2 1.42157e2
9.2423358e2 6.362888e0 1.4277e2 1.4277e2
9.2928398e2 6.362888e0 1.43385e2 1.43385e2
9.3433438e2 6.362888e0 1.44e2 1.44e2
9.3938478e2 6.362888e0 1.44615e2 1.44615e2
9.4443518e2 6.362888e0 1.45229e2 1.45229e2
9.4948558e2 6.362888e0 1.45844e2 1.45844e2
9.5453598e2 6.362888e0 1.46458e2 1.46458e2
9.5958638e2 6.362888e0 1.47072e2 1.47072e2
9.6463678e2 6.362888e0 1.47687e2 1.47687e2
9.6968718e2 6.362888e0 1.48302e2 1.48302e2
9.7473758e2 6.362888e0 1.48917e2 1.48917e2
9.7978798e2 6.362888e0 1.4953e2 1.4953e2
9.8483838e2 6.362888e0 1.50145e2 1.50145e2
9.8988878e2 6.362888e0 1.5076e2 1.5076e2
9.9493918e2 6.362888e0 1.51373e2 1.51373e2
9.9998958e2 6.362888e0 1.51988e2 1.51988e2

5.0e2 6.564899e0 9.30959e1 9.30959e1
5.050504e2 6.564899e0 9.37299e1 9.37299e1
5.101008e2 6.564899e0 9.43639e1 9.43639e1
5.151512e2 6.564899e0 9.49979e1 9.49979e1
5.202016e2 6.564899e0 9.56319e1 9.56319e1
5.25252e2 6.564899e0 9.62659e1 9.62659e1
5.303024e2 6.564899e0 9.68999e1 9.68999e1
5.353528e2 6.564899e0 9.75339e1 9.75339e1
5.404032e2 6.564899e0 9.81679e1 9.81679e1
5.454536e2 6.564899e0 9.88019e1 9.88019e1
5.50504e2 6.564899e0 9.94359e1 9.94359e1
5.555544e2 6.564899e0 1.00069e2 1.00069e2
5.606048e2 6.564899e0 1.00703e2 1.00703e2
5.656552e2 6.564899e0 1.01337e2 1.01337e2
5.707056e2 6.564899e0 1.01971e2 1.01971e2
5.75756e2 6.564899e0 1.02605e2 1.02605e2
5.808064e2 6.564899e0 1.0324e2 1.0324e2
5.858568e2 6.564899e0 1.03873e2 1.03873e2
5.909072e2 6.564899e0 1.04507e2 1.04507e2
5.959576e2 6.564899e0 1.0514e2 1.0514e2
6.01008e2 6.564899e0 1.05775e2 1.05775e2
6.060584e2 6.564899e0 1.06409e2 1.06409e2
6.111088e2 6.564899e0 1.07043e2 1.07043e2
6.161592e2 6.564899e0 1.07677e2 1.07677e2
6.212096e2 6.564899e0 1.08311e2 1.08311e2
6.2626e2 6.564899e0 1.08945e2 1.08945e2
6.313104e2 6.564899e0 1.0958e2 1.0958e2
6.363608e2 6.564899e0 1.10213e2 1.10213e2
6.414112e2 6.564899e0 1.10847e2 1.10847e2
6.464616e2 6.564899e0 1.1148e2 1.1148e2
6.51512e2 6.564899e0 1.12115e2 1.12115e2
6.565624e2 6.564899e0 1.12749e2 1.12749e2
6.616128e2 6.564899e0 1.13383e2 1.13383e2
6.666632e2 6.564899e0 1.14017e2 1.14017e2
6.717136e2 6.564899e0 1.14651e2 1.14651e2
6.7676399e2 6.564899e0 1.15285e2 1.15285e2
6.8181439e2 6.564899e0 1.1592e2 1.1592e2
6.8686479e2 6.564899e0 1.16553e2 1.16553e2
6.9191519e2 6.564899e0 1.17188e2 1.17188e2
6.9696559e2 6.564899e0 1.1782e2 1.1782e2
7.0201599e2 6.564899e0 1.18456e2 1.18456e2
7.0706639e2 6.564899e0 1.19089e2 1.19089e2
7.1211679e2 6.564899e0 1.19724e2 1.19724e2
7.1716719e2 6.564899e0 1.20357e2 1.20357e2
7.2221759e2 6.564899e0 1.20992e2 1.20992e2
7.2726799e2 6.564899e0 1.21625e2 1.21625e2
7.3231839e2 6.564899e0 1.2226e2 1.2226e2
7.3736879e2 6.564899e0 1.22893e2 1.22893e2
7.4241919e2 6.564899e0 1.23528e2 1.23528e2
7.4746959e2 6.564899e0 1.24161e2 1.24161e2
7.5251999e2 6.564899e0 1.24796e2 1.24796e2
7.5757039e2 6.564899e0 1.25429e2 1.25429e2
7.6262079e2 6.564899e0 1.26064e2 1.26064e2
7.6767119e2 6.564899e0 1.26697e2 1.26697e2
7.7272159e2 6.564899e0 1.27332e2 1.27332e2
7.7777199e2 6.564899e0 1.27965e2 1.27965e2
7.8282239e2 6.564899e0 1.286e2 1.286e2
7.8787279e2 6.564899e0 1.29233e2 1.29233e2
7.9292319e2 6.564899e0 1.29868e2 1.29868e2
7.9797359e2 6.564899e0 1.30501e2 1.30501e2
8.0302399e2 6.564899e0 1.31136e2 1.31136e2
8.0807439e2 6.564899e0 1.31769e2 1.31769e2
8.1312479e2 6.564899e0 1.32404e2 1.32404e2
8.1817519e2 6.564899e0 1.33037e2 1.33037e2
8.2322559e2 6.564899e0 1.33672e2 1.33672e2
8.2827599e2 6.564899e0 1.34305e2 1.34305e2
8.3332639e2 6.564899e0 1.3494e2 1.3494e2
8.3837679e2 6.564899e0 1.35573e2 1.35573e2
8.4342719e2 6.564899e0 1.36208e2 1.36208e2
8.4847758e2 6.564899e0 1.36841e2 1.36841e2
8.5352798e2 6.564899e0 1.37476e2 1.37476e2
8.5857838e2 6.564899e0 1.38109e2 1.38109e2
8.6362878e2 6.564899e0 1.38744e2 1.38744e2
8.6867918e2 6.564899e0 1.39377e2 1.39377e2
8.7372958e2 6.564899e0 1.40012e2 1.40012e2
8.7877998e2 6.564899e0 1.40645e2 1.40645e2
8.8383038e2 6.564899e0 1.4128e2 1.4128e2
8.8888078e2 6.564899e0 1.41913e2 1.41913e2
8.9393118e2 6.564899e0 1.42548e2 1.42548e2
8.9898158e2 6.564899e0 1.43181e2 1.43181e2
9.0403198e2 6.564899e0 1.43816e2 1.43816e2
9.0908238e2 6.564899e0 1.44449e2 1.44449e2
9.1413278e2 6.564899e0 1.45084e2 1.45084e2
9.1918318e2 6.564899e0 1.45717e2 1.45717e2
9.2423358e2 6.564899e0 1.46352e2 1.46352e2
9.2928398e2 6.564899e0 1.46985e2 1.46985e2
9.3433438e2 6.564899e0 1.4762e2 1.4762e2
9.3938478e2 6.564899e0 1.48253e2 1.48253e2
9.4443518e2 6.564899e0 1.48888e2 1.48888e2
9.4948558e2 6.564899e0 1.49521e2 1.49521e2
9.5453598e2 6.564899e0 1.50156e2 1.50156e2
9.5958638e2 6.564899e0 1.50789e2 1.50789e2
9.6463678e2 6.564899e0 1.51424e2 1.51424e2
9.6968718e2 6.564899e0 1.52057e2 1.52057e2
9.7473758e2 6.564899e0 1.52692e2 1.52692e2
9.7978798e2 6.564899e0 1.53325e2 1.53325e2
9.8483838e2 6.564899e0 1.5396e2 1.5396e2
9.8988878e2 6.564899e0 1.54593e2 1.54593e2
9.9493918e2 6.564899e0 1.55228e2 1.55228e2
9.9998958e2 6.564899e0 1.55861e2 1.55861e2

5.0e2 6.76691e0 9.50374e1 9.50374e1
5.050504e2 6.76691e0 9.56909e1 9.56909e1
5.101008e2 6.76691e0 9.63445e1 9.63445e1
5.151512e2 6.76691e0 9.6998e1 9.6998e1
5.202016e2 6.76691e0 9.76514e1 9.76514e1
5.25252e2 6.76691e0 9.83049e1 9.83049e1
5.303024e2 6.76691e0 9.89584e1 9.89584e1
5.353528e2 6.76691e0 9.9612e1 9.9612e1
5.404032e2 6.76691e0 1.00266e2 1.00266e2
5.454536e2 6.76691e0 1.00919e2 1.00919e2
5.50504e2 6.76691e0 1.01572e2 1.01572e2
5.555544e2 6.76691e0 1.02225e2 1.02225e2
5.606048e2 6.76691e0 1.0288e2 1.0288e2
5.656552e2 6.76691e0 1.03532e2 1.03532e2
5.707056e2 6.76691e0 1.04185e2 1.04185e2
5.75756e2 6.76691e0 1.0484e2 1.0484e2
5.808064e2 6.76691e0 1.05493e2 1.05493e2
5.858568e2 6.76691e0 1.06146e2 1.06146e2
5.909072e2 6.76691e0 1.068e2 1.068e2
5.959576e2 6.76691e0 1.07454e2 1.07454e2
6.01008e2 6.76691e0 1.08107e2 1.08107e2
6.060584e2 6.76691e0 1.0876e2 1.0876e2
6.111088e2 6.76691e0 1.09415e2 1.09415e2
6.161592e2 6.76691e0 1.10068e2 1.10068e2
6.212096e2 6.76691e0 1.10721e2 1.10721e2
6.2626e2 6.76691e0 1.11374e2 1.11374e2
6.313104e2 6.76691e0 1.12029e2 1.12029e2
6.363608e2 6.76691e0 1.12682e2 1.12682e2
6.414112e2 6.76691e0 1.13335e2 1.13335e2
6.464616e2 6.76691e0 1.1399e2 1.1399e2
6.51512e2 6.76691e0 1.14642e2 1.14642e2
6.565624e2 6.76691e0 1.15295e2 1.15295e2
6.616128e2 6.76691e0 1.15948e2 1.15948e2
6.666632e2 6.76691e0 1.16603e2 1.16603e2
6.717136e2 6.76691e0 1.17256e2 1.17256e2
6.7676399e2 6.76691e0 1.1791e2 1.1791e2
6.8181439e2 6.76691e0 1.18564e2 1.18564e2
6.8686479e2 6.76691e0 1.19217e2 1.19217e2
6.9191519e2 6.76691e0 1.1987e2 1.1987e2
6.9696559e2 6.76691e0 1.20523e2 1.20523e2
7.0201599e2 6.76691e0 1.21178e2 1.21178e2
7.0706639e2 6.76691e0 1.2183e2 1.2183e2
7.1211679e2 6.76691e0 1.22484e2 1.22484e2
7.1716719e2 6.76691e0 1.23138e2 1.23138e2
7.2221759e2 6.76691e0 1.23792e2 1.23792e2
7.2726799e2 6.76691e0 1.24445e2 1.24445e2
7.3231839e2 6.76691e0 1.25098e2 1.25098e2
7.3736879e2 6.76691e0 1.25752e2 1.25752e2
7.4241919e2 6.76691e0 1.26405e2 1.26405e2
7.4746959e2 6.76691e0 1.27058e2 1.27058e2
7.5251999e2 6.76691e0 1.27713e2 1.27713e2
7.5757039e2 6.76691e0 1.28366e2 1.28366e2
7.6262079e2 6.76691e0 1.29019e2 1.29019e2
7.6767119e2 6.76691e0 1.29672e2 1.29672e2
7.7272159e2 6.76691e0 1.30327e2 1.30327e2
7.7777199e2 6.76691e0 1.3098e2 1.3098e2
7.8282239e2 6.76691e0 1.31633e2 1.31633e2
7.8787279e2 6.76691e0 1.32288e2 1.32288e2
7.9292319e2 6.76691e0 1.3294e2 1.3294e2
7.9797359e2 6.76691e0 1.33594e2 1.33594e2
8.0302399e2 6.76691e0 1.34247e2 1.34247e2
8.0807439e2 6.76691e0 1.34901e2 1.34901e2
8.1312479e2 6.76691e0 1.35555e2 1.35555e2
8.1817519e2 6.76691e0 1.36208e2 1.36208e2
8.2322559e2 6.76691e0 1.36862e2 1.36862e2
8.2827599e2 6.76691e0 1.37515e2 1.37515e2
8.3332639e2 6.76691e0 1.38168e2 1.38168e2
8.3837679e2 6.76691e0 1.38821e2 1.38821e2
8.4342719e2 6.76691e0 1.39476e2 1.39476e2
8.4847758e2 6.76691e0 1.40129e2 1.40129e2
8.5352798e2 6.76691e0 1.40782e2 1.40782e2
8.5857838e2 6.76691e0 1.41437e2 1.41437e2
8.6362878e2 6.76691e0 1.4209e2 1.4209e2
8.6867918e2 6.76691e0 1.42743e2 1.42743e2
8.7372958e2 6.76691e0 1.43396e2 1.43396e2
8.7877998e2 6.76691e0 1.4405e2 1.4405e2
8.8383038e2 6.76691e0 1.44704e2 1.44704e2
8.8888078e2 6.76691e0 1.45357e2 1.45357e2
8.9393118e2 6.76691e0 1.46011e2 1.46011e2
8.9898158e2 6.76691e0 1.46664e2 1.46664e2
9.0403198e2 6.76691e0 1.47318e2 1.47318e2
9.0908238e2 6.76691e0 1.4797e2 1.4797e2
9.1413278e2 6.76691e0 1.48625e2 1.48625e2
9.1918318e2 6.76691e0 1.49278e2 1.49278e2
9.2423358e2 6.76691e0 1.49931e2 1.49931e2
9.2928398e2 6.76691e0 1.50586e2 1.50586e2
9.3433438e2 6.76691e0 1.51239e2 1.51239e2
9.3938478e2 6.76691e0 1.51892e2 1.51892e2
9.4443518e2 6.76691e0 1.52545e2 1.52545e2
9.4948558e2 6.76691e0 1.532e2 1.532e2
9.5453598e2 6.76691e0 1.53853e2 1.53853e2
9.5958638e2 6.76691e0 1.54506e2 1.54506e2
9.6463678e2 6.76691e0 1.5516e2 1.5516e2
9.6968718e2 6.76691e0 1.55814e2 1.55814e2
9.7473758e2 6.76691e0 1.56467e2 1.56467e2
9.7978798e2 6.76691e0 1.5712e2 1.5712e2
9.8483838e2 6.76691e0 1.57774e2 1.57774e2
9.8988878e2 6.76691e0 1.58427e2 1.58427e2
9.9493918e2 6.76691e0 1.5908e2 1.5908e2
9.9998958e2 6.76691e0 1.59735e2 1.59735e2

5.0e2 6.968921e0 9.69789e1 9.69789e1
5.050504e2 6.968921e0 9.7652e1 9.7652e1
5.101008e2 6.968921e0 9.8325e1 9.8325e1
5.151512e2 6.968921e0 9.8998e1 9.8998e1
5.202016e2 6.968921e0 9.9671e1 9.9671e1
5.25252e2 6.968921e0 1.00343e2 1.00343e2
5.303024e2 6.968921e0 1.01016e2 1.01016e2
5.353528e2 6.968921e0 1.01689e2 1.01689e2
5.404032e2 6.968921e0 1.02362e2 1.02362e2
5.454536e2 6.968921e0 1.03035e2 1.03035e2
5.50504e2 6.968921e0 1.03708e2 1.03708e2
5.555544e2 6.968921e0 1.04381e2 1.04381e2
5.606048e2 6.968921e0 1.05055e2 1.05055e2
5.656552e2 6.968921e0 1.05728e2 1.05728e2
5.707056e2 6.968921e0 1.06401e2 1.06401e2
5.75756e2 6.968921e0 1.07074e2 1.07074e2
5.808064e2 6.968921e0 1.07747e2 1.07747e2
5.858568e2 6.968921e0 1.0842e2 1.0842e2
5.909072e2 6.968921e0 1.09093e2 1.09093e2
5.959576e2 6.968921e0 1.09766e2 1.09766e2
6.01008e2 6.968921e0 1.10439e2 1.10439e2
6.060584e2 6.968921e0 1.11111e2 1.11111e2
6.111088e2 6.968921e0 1.11784e2 1.11784e2
6.161592e2 6.968921e0 1.12457e2 1.12457e2
6.212096e2 6.968921e0 1.1313e2 1.1313e2
6.2626e2 6.968921e0 1.13805e2 1.13805e2
6.313104e2 6.968921e0 1.14478e2 1.14478e2
6.363608e2 6.968921e0 1.1515e2 1.1515e2
6.414112e2 6.968921e0 1.15823e2 1.15823e2
6.464616e2 6.968921e0 1.16496e2 1.16496e2
6.51512e2 6.968921e0 1.17169e2 1.17169e2
6.565624e2 6.968921e0 1.17842e2 1.17842e2
6.616128e2 6.968921e0 1.18515e2 1.18515e2
6.666632e2 6.968921e0 1.19188e2 1.19188e2
6.717136e2 6.968921e0 1.19861e2 1.19861e2
6.7676399e2 6.968921e0 1.20534e2 1.20534e2
6.8181439e2 6.968921e0 1.21207e2 1.21207e2
6.8686479e2 6.968921e0 1.2188e2 1.2188e2
6.9191519e2 6.968921e0 1.22552e2 1.22552e2
6.9696559e2 6.968921e0 1.23227e2 1.23227e2
7.0201599e2 6.968921e0 1.239e2 1.239e2
7.0706639e2 6.968921e0 1.24573e2 1.24573e2
7.1211679e2 6.968921e0 1.25246e2 1.25246e2
7.1716719e2 6.968921e0 1.25919e2 1.25919e2
7.2221759e2 6.968921e0 1.26591e2 1.26591e2
7.2726799e2 6.968921e0 1.27264e2 1.27264e2
7.3231839e2 6.968921e0 1.27937e2 1.27937e2
7.3736879e2 6.968921e0 1.2861e2 1.2861e2
7.4241919e2 6.968921e0 1.29283e2 1.29283e2
7.4746959e2 6.968921e0 1.29956e2 1.29956e2
7.5251999e2 6.968921e0 1.30629e2 1.30629e2
7.5757039e2 6.968921e0 1.31302e2 1.31302e2
7.6262079e2 6.968921e0 1.31975e2 1.31975e2
7.6767119e2 6.968921e0 1.32648e2 1.32648e2
7.7272159e2 6.968921e0 1.33322e2 1.33322e2
7.7777199e2 6.968921e0 1.33995e2 1.33995e2
7.8282239e2 6.968921e0 1.34668e2 1.34668e2
7.8787279e2 6.968921e0 1.35341e2 1.35341e2
7.9292319e2 6.968921e0 1.36014e2 1.36014e2
7.9797359e2 6.968921e0 1.36687e2 1.36687e2
8.0302399e2 6.968921e0 1.3736e2 1.3736e2
8.0807439e2 6.968921e0 1.38033e2 1.38033e2
8.1312479e2 6.968921e0 1.38705e2 1.38705e2
8.1817519e2 6.968921e0 1.39378e2 1.39378e2
8.2322559e2 6.968921e0 1.40051e2 1.40051e2
8.2827599e2 6.968921e0 1.40724e2 1.40724e2
8.3332639e2 6.968921e0 1.41397e2 1.41397e2
8.3837679e2 6.968921e0 1.42072e2 1.42072e2
8.4342719e2 6.968921e0 1.42744e2 1.42744e2
8.4847758e2 6.968921e0 1.43417e2 1.43417e2
8.5352798e2 6.968921e0 1.4409e2 1.4409e2
8.5857838e2 6.968921e0 1.44763e2 1.44763e2
8.6362878e2 6.968921e0 1.45436e2 1.45436e2
8.6867918e2 6.968921e0 1.46109e2 1.46109e2
8.7372958e2 6.968921e0 1.46782e2 1.46782e2
8.7877998e2 6.968921e0 1.47455e2 1.47455e2
8.8383038e2 6.968921e0 1.48128e2 1.48128e2
8.8888078e2 6.968921e0 1.488e2 1.488e2
8.9393118e2 6.968921e0 1.49474e2 1.49474e2
8.9898158e2 6.968921e0 1.50146e2 1.50146e2
9.0403198e2 6.968921e0 1.5082e2 1.5082e2
9.0908238e2 6.968921e0 1.51494e2 1.51494e2
9.1413278e2 6.968921e0 1.52167e2 1.52167e2
9.1918318e2 6.968921e0 1.5284e2 1.5284e2
9.2423358e2 6.968921e0 1.53513e2 1.53513e2
9.2928398e2 6.968921e0 1.54185e2 1.54185e2
9.3433438e2 6.968921e0 1.54858e2 1.54858e2
9.3938478e2 6.968921e0 1.55531e2 1.55531e2
9.4443518e2 6.968921e0 1.56204e2 1.56204e2
9.4948558e2 6.968921e0 1.56877e2 1.56877e2
9.5453598e2 6.968921e0 1.5755e2 1.5755e2
9.5958638e2 6.968921e0 1.58223e2 1.58223e2
9.6463678e2 6.968921e0 1.58896e2 1.58896e2
9.6968718e2 6.968921e0 1.59569e2 1.59569e2
9.7473758e2 6.968921e0 1.60242e2 1.60242e2
9.7978798e2 6.968921e0 1.60916e2 1.60916e2
9.8483838e2 6.968921e0 1.61589e2 1.61589e2
9.8988878e2 6.968921e0 1.62262e2 1.62262e2
9.9493918e2 6.968921e0 1.62935e2 1.62935e2
9.9998958e2 6.968921e0 1.63608e2 1.63608e2

5.0e2 7.17093e0 9.89204e1 9.89204e1
5.050504e2 7.17093e0 9.96129e1 9.96129e1
5.101008e2 7.17093e0 1.00305e2 1.00305e2
5.151512e2 7.17093e0 1.00998e2 1.00998e2
5.202016e2 7.17093e0 1.0169e2 1.0169e2
5.25252e2 7.17093e0 1.02382e2 1.02382e2
5.303024e2 7.17093e0 1.03075e2 1.03075e2
5.353528e2 7.17093e0 1.03767e2 1.03767e2
5.404032e2 7.17093e0 1.0446e2 1.0446e2
5.454536e2 7.17093e0 1.05153e2 1.05153e2
5.50504e2 7.17093e0 1.05846e2 1.05846e2
5.555544e2 7.17093e0 1.06537e2 1.06537e2
5.606048e2 7.17093e0 1.0723e2 1.0723e2
5.656552e2 7.17093e0 1.07922e2 1.07922e2
5.707056e2 7.17093e0 1.08615e2 1.08615e2
5.75756e2 7.17093e0 1.09308e2 1.09308e2
5.808064e2 7.17093e0 1.1e2 1.1e2
5.858568e2 7.17093e0 1.10693e2 1.10693e2
5.909072e2 7.17093e0 1.11385e2 1.11385e2
5.959576e2 7.17093e0 1.12077e2 1.12077e2
6.01008e2 7.17093e0 1.1277e2 1.1277e2
6.060584e2 7.17093e0 1.13463e2 1.13463e2
6.111088e2 7.17093e0 1.14156e2 1.14156e2
6.161592e2 7.17093e0 1.14848e2 1.14848e2
6.212096e2 7.17093e0 1.15541e2 1.15541e2
6.2626e2 7.17093e0 1.16234e2 1.16234e2
6.313104e2 7.17093e0 1.16925e2 1.16925e2
6.363608e2 7.17093e0 1.17618e2 1.17618e2
6.414112e2 7.17093e0 1.1831e2 1.1831e2
6.464616e2 7.17093e0 1.19003e2 1.19003e2
6.51512e2 7.17093e0 1.19696e2 1.19696e2
6.565624e2 7.17093e0 1.20389e2 1.20389e2
6.616128e2 7.17093e0 1.2108e2 1.2108e2
6.666632e2 7.17093e0 1.21773e2 1.21773e2
6.717136e2 7.17093e0 1.22466e2 1.22466e2
6.7676399e2 7.17093e0 1.23158e2 1.23158e2
6.8181439e2 7.17093e0 1.23851e2 1.23851e2
6.8686479e2 7.17093e0 1.24544e2 1.24544e2
6.9191519e2 7.17093e0 1.25237e2 1.25237e2
6.9696559e2 7.17093e0 1.25928e2 1.25928e2
7.0201599e2 7.17093e0 1.2662e2 1.2662e2
7.0706639e2 7.17093e0 1.27313e2 1.27313e2
7.1211679e2 7.17093e0 1.28006e2 1.28006e2
7.1716719e2 7.17093e0 1.28699e2 1.28699e2
7.2221759e2 7.17093e0 1.29391e2 1.29391e2
7.2726799e2 7.17093e0 1.30084e2 1.30084e2
7.3231839e2 7.17093e0 1.30775e2 1.30775e2
7.3736879e2 7.17093e0 1.31468e2 1.31468e2
7.4241919e2 7.17093e0 1.32161e2 1.32161e2
7.4746959e2 7.17093e0 1.32854e2 1.32854e2
7.5251999e2 7.17093e0 1.33546e2 1.33546e2
7.5757039e2 7.17093e0 1.34239e2 1.34239e2
7.6262079e2 7.17093e0 1.34932e2 1.34932e2
7.6767119e2 7.17093e0 1.35623e2 1.35623e2
7.7272159e2 7.17093e0 1.36316e2 1.36316e2
7.7777199e2 7.17093e0 1.37009e2 1.37009e2
7.8282239e2 7.17093e0 1.37701e2 1.37701e2
7.8787279e2 7.17093e0 1.38394e2 1.38394e2
7.9292319e2 7.17093e0 1.39087e2 1.39087e2
7.9797359e2 7.17093e0 1.3978e2 1.3978e2
8.0302399e2 7.17093e0 1.40471e2 1.40471e2
8.0807439e2 7.17093e0 1.41164e2 1.41164e2
8.1312479e2 7.17093e0 1.41856e2 1.41856e2
8.1817519e2 7.17093e0 1.42549e2 1.42549e2
8.2322559e2 7.17093e0 1.43242e2 1.43242e2
8.2827599e2 7.17093e0 1.43935e2 1.43935e2
8.3332639e2 7.17093e0 1.44627e2 1.44627e2
8.3837679e2 7.17093e0 1.45319e2 1.45319e2
8.4342719e2 7.17093e0 1.46011e2 1.46011e2
8.4847758e2 7.17093e0 1.46704e2 1.46704e2
8.5352798e2 7.17093e0 1.47397e2 1.47397e2
8.5857838e2 7.17093e0 1.4809e2 1.4809e2
8.6362878e2 7.17093e0 1.48782e2 1.48782e2
8.6867918e2 7.17093e0 1.49475e2 1.49475e2
8.7372958e2 7.17093e0 1.50166e2 1.50166e2
8.7877998e2 7.17093e0 1.50859e2 1.50859e2
8.8383038e2 7.17093e0 1.51552e2 1.51552e2
8.8888078e2 7.17093e0 1.52245e2 1.52245e2
8.9393118e2 7.17093e0 1.52937e2 1.52937e2
8.9898158e2 7.17093e0 1.5363e2 1.5363e2
9.0403198e2 7.17093e0 1.54323e2 1.54323e2
9.0908238e2 7.17093e0 1.55014e2 1.55014e2
9.1413278e2 7.17093e0 1.55707e2 1.55707e2
9.1918318e2 7.17093e0 1.564e2 1.564e2
9.2423358e2 7.17093e0 1.57092e2 1.57092e2
9.2928398e2 7.17093e0 1.57785e2 1.57785e2
9.3433438e2 7.17093e0 1.58478e2 1.58478e2
9.3938478e2 7.17093e0 1.5917e2 1.5917e2
9.4443518e2 7.17093e0 1.59862e2 1.59862e2
9.4948558e2 7.17093e0 1.60555e2 1.60555e2
9.5453598e2 7.17093e0 1.61247e2 1.61247e2
9.5958638e2 7.17093e0 1.6194e2 1.6194e2
9.6463678e2 7.17093e0 1.62633e2 1.62633e2
9.6968718e2 7.17093e0 1.63326e2 1.63326e2
9.7473758e2 7.17093e0 1.64018e2 1.64018e2
9.7978798e2 7.17093e0 1.6471e2 1.6471e2
9.8483838e2 7.17093e0 1.65402e2 1.65402e2
9.8988878e2 7.17093e0 1.66095e2 1.66095e2
9.9493918e2 7.17093e0 1.66788e2 1.66788e2
9.9998958e2 7.17093e0 1.6748e2 1.6748e2

5.0e2 7.372942e0 1.0086e2 1.0086e2
5.050504e2 7.372942e0 1.01573e2 1.01573e2
5.101008e2 7.372942e0 1.02286e2 1.02286e2
5.151512e2 7.372942e0 1.02997e2 1.02997e2
5.202016e2 7.372942e0 1.0371e2 1.0371e2
5.25252e2 7.372942e0 1.04422e2 1.04422e2
5.303024e2 7.372942e0 1.05133e2 1.05133e2
5.353528e2 7.372942e0 1.05846e2 1.05846e2
5.404032e2 7.372942e0 1.06558e2 1.06558e2
5.454536e2 7.372942e0 1.0727e2 1.0727e2
5.50504e2 7.372942e0 1.07982e2 1.07982e2
5.555544e2 7.372942e0 1.08694e2 1.08694e2
5.606048e2 7.372942e0 1.09406e2 1.09406e2
5.656552e2 7.372942e0 1.10118e2 1.10118e2
5.707056e2 7.372942e0 1.10829e2 1.10829e2
5.75756e2 7.372942e0 1.11542e2 1.11542e2
5.808064e2 7.372942e0 1.12254e2 1.12254e2
5.858568e2 7.372942e0 1.12965e2 1.12965e2
5.909072e2 7.372942e0 1.13678e2 1.13678e2
5.959576e2 7.372942e0 1.1439e2 1.1439e2
6.01008e2 7.372942e0 1.15102e2 1.15102e2
6.060584e2 7.372942e0 1.15814e2 1.15814e2
6.111088e2 7.372942e0 1.16527e2 1.16527e2
6.161592e2 7.372942e0 1.17238e2 1.17238e2
6.212096e2 7.372942e0 1.1795e2 1.1795e2
6.2626e2 7.372942e0 1.18663e2 1.18663e2
6.313104e2 7.372942e0 1.19374e2 1.19374e2
6.363608e2 7.372942e0 1.20087e2 1.20087e2
6.414112e2 7.372942e0 1.20798e2 1.20798e2
6.464616e2 7.372942e0 1.2151e2 1.2151e2
6.51512e2 7.372942e0 1.22223e2 1.22223e2
6.565624e2 7.372942e0 1.22934e2 1.22934e2
6.616128e2 7.372942e0 1.23647e2 1.23647e2
6.666632e2 7.372942e0 1.24359e2 1.24359e2
6.717136e2 7.372942e0 1.2507e2 1.2507e2
6.7676399e2 7.372942e0 1.25783e2 1.25783e2
6.8181439e2 7.372942e0 1.26495e2 1.26495e2
6.8686479e2 7.372942e0 1.27206e2 1.27206e2
6.9191519e2 7.372942e0 1.27919e2 1.27919e2
6.9696559e2 7.372942e0 1.28632e2 1.28632e2
7.0201599e2 7.372942e0 1.29343e2 1.29343e2
7.0706639e2 7.372942e0 1.30055e2 1.30055e2
7.1211679e2 7.372942e0 1.30766e2 1.30766e2
7.1716719e2 7.372942e0 1.31479e2 1.31479e2
7.2221759e2 7.372942e0 1.32191e2 1.32191e2
7.2726799e2 7.372942e0 1.32903e2 1.32903e2
7.3231839e2 7.372942e0 1.33615e2 1.33615e2
7.3736879e2 7.372942e0 1.34328e2 1.34328e2
7.4241919e2 7.372942e0 1.35039e2 1.35039e2
7.4746959e2 7.372942e0 1.35751e2 1.35751e2
7.5251999e2 7.372942e0 1.36464e2 1.36464e2
7.5757039e2 7.372942e0 1.37175e2 1.37175e2
7.6262079e2 7.372942e0 1.37888e2 1.37888e2
7.6767119e2 7.372942e0 1.386e2 1.386e2
7.7272159e2 7.372942e0 1.39311e2 1.39311e2
7.7777199e2 7.372942e0 1.40024e2 1.40024e2
7.8282239e2 7.372942e0 1.40735e2 1.40735e2
7.8787279e2 7.372942e0 1.41447e2 1.41447e2
7.9292319e2 7.372942e0 1.4216e2 1.4216e2
7.9797359e2 7.372942e0 1.42871e2 1.42871e2
8.0302399e2 7.372942e0 1.43584e2 1.43584e2
8.0807439e2 7.372942e0 1.44296e2 1.44296e2
8.1312479e2 7.372942e0 1.45007e2 1.45007e2
8.1817519e2 7.372942e0 1.4572e2 1.4572e2
8.2322559e2 7.372942e0 1.46432e2 1.46432e2
8.2827599e2 7.372942e0 1.47144e2 1.47144e2
8.3332639e2 7.372942e0 1.47856e2 1.47856e2
8.3837679e2 7.372942e0 1.48569e2 1.48569e2
8.4342719e2 7.372942e0 1.4928e2 1.4928e2
8.4847758e2 7.372942e0 1.49992e2 1.49992e2
8.5352798e2 7.372942e0 1.50703e2 1.50703e2
8.5857838e2 7.372942e0 1.51416e2 1.51416e2
8.6362878e2 7.372942e0 1.52129e2 1.52129e2
8.6867918e2 7.372942e0 1.5284e2 1.5284e2
8.7372958e2 7.372942e0 1.53552e2 1.53552e2
8.7877998e2 7.372942e0 1.54265e2 1.54265e2
8.8383038e2 7.372942e0 1.54976e2 1.54976e2
8.8888078e2 7.372942e0 1.55688e2 1.55688e2
8.9393118e2 7.372942e0 1.56401e2 1.56401e2
8.9898158e2 7.372942e0 1.57112e2 1.57112e2
9.0403198e2 7.372942e0 1.57825e2 1.57825e2
9.0908238e2 7.372942e0 1.58537e2 1.58537e2
9.1413278e2 7.372942e0 1.59248e2 1.59248e2
9.1918318e2 7.372942e0 1.59961e2 1.59961e2
9.2423358e2 7.372942e0 1.60672e2 1.60672e2
9.2928398e2 7.372942e0 1.61385e2 1.61385e2
9.3433438e2 7.372942e0 1.62097e2 1.62097e2
9.3938478e2 7.372942e0 1.62808e2 1.62808e2
9.4443518e2 7.372942e0 1.63521e2 1.63521e2
9.4948558e2 7.372942e0 1.64233e2 1.64233e2
9.5453598e2 7.372942e0 1.64944e2 1.64944e2
9.5958638e2 7.372942e0 1.65657e2 1.65657e2
9.6463678e2 7.372942e0 1.6637e2 1.6637e2
9.6968718e2 7.372942e0 1.6708e2 1.6708e2
9.7473758e2 7.372942e0 1.67793e2 1.67793e2
9.7978798e2 7.372942e0 1.68506e2 1.68506e2
9.8483838e2 7.372942e0 1.69217e2 1.69217e2
9.8988878e2 7.372942e0 1.6993e2 1.6993e2
9.9493918e2 7.372942e0 1.7064e2 1.7064e2
9.9998958e2 7.372942e0 1.71353e2 1.71353e2

5.0e2 7.574953e0 1.02803e2 1.02803e2
5.050504e2 7.574953e0 1.03534e2 1.03534e2
5.101008e2 7.574953e0 1.04266e2 1.04266e2
5.151512e2 7.574953e0 1.04997e2 1.04997e2
5.202016e2 7.574953e0 1.0573e2 1.0573e2
5.25252e2 7.574953e0 1.0646e2 1.0646e2
5.303024e2 7.574953e0 1.07191e2 1.07191e2
5.353528e2 7.574953e0 1.07924e2 1.07924e2
5.404032e2 7.574953e0 1.08655e2 1.08655e2
5.454536e2 7.574953e0 1.09387e2 1.09387e2
5.50504e2 7.574953e0 1.10118e2 1.10118e2
5.555544e2 7.574953e0 1.1085e2 1.1085e2
5.606048e2 7.574953e0 1.11581e2 1.11581e2
5.656552e2 7.574953e0 1.12312e2 1.12312e2
5.707056e2 7.574953e0 1.13045e2 1.13045e2
5.75756e2 7.574953e0 1.13776e2 1.13776e2
5.808064e2 7.574953e0 1.14508e2 1.14508e2
5.858568e2 7.574953e0 1.15239e2 1.15239e2
5.909072e2 7.574953e0 1.15971e2 1.15971e2
5.959576e2 7.574953e0 1.16702e2 1.16702e2
6.01008e2 7.574953e0 1.17433e2 1.17433e2
6.060584e2 7.574953e0 1.18166e2 1.18166e2
6.111088e2 7.574953e0 1.18896e2 1.18896e2
6.161592e2 7.574953e0 1.19629e2 1.19629e2
6.212096e2 7.574953e0 1.2036e2 1.2036e2
6.2626e2 7.574953e0 1.21092e2 1.21092e2
6.313104e2 7.574953e0 1.21823e2 1.21823e2
6.363608e2 7.574953e0 1.22554e2 1.22554e2
6.414112e2 7.574953e0 1.23286e2 1.23286e2
6.464616e2 7.574953e0 1.24017e2 1.24017e2
6.51512e2 7.574953e0 1.2475e2 1.2475e2
6.565624e2 7.574953e0 1.2548e2 1.2548e2
6.616128e2 7.574953e0 1.26213e2 1.26213e2
6.666632e2 7.574953e0 1.26944e2 1.26944e2
6.717136e2 7.574953e0 1.27675e2 1.27675e2
6.7676399e2 7.574953e0 1.28407e2 1.28407e2
6.8181439e2 7.574953e0 1.29138e2 1.29138e2
6.8686479e2 7.574953e0 1.2987e2 1.2987e2
6.9191519e2 7.574953e0 1.30602e2 1.30602e2
6.9696559e2 7.574953e0 1.31334e2 1.31334e2
7.0201599e2 7.574953e0 1.32065e2 1.32065e2
7.0706639e2 7.574953e0 1.32796e2 1.32796e2
7.1211679e2 7.574953e0 1.33528e2 1.33528e2
7.1716719e2 7.574953e0 1.34259e2 1.34259e2
7.2221759e2 7.574953e0 1.34991e2 1.34991e2
7.2726799e2 7.574953e0 1.35722e2 1.35722e2
7.3231839e2 7.574953e0 1.36455e2 1.36455e2
7.3736879e2 7.574953e0 1.37186e2 1.37186e2
7.4241919e2 7.574953e0 1.37917e2 1.37917e2
7.4746959e2 7.574953e0 1.38649e2 1.38649e2
7.5251999e2 7.574953e0 1.3938e2 1.3938e2
7.5757039e2 7.574953e0 1.40112e2 1.40112e2
7.6262079e2 7.574953e0 1.40843e2 1.40843e2
7.6767119e2 7.574953e0 1.41576e2 1.41576e2
7.7272159e2 7.574953e0 1.42307e2 1.42307e2
7.7777199e2 7.574953e0 1.43037e2 1.43037e2
7.8282239e2 7.574953e0 1.4377e2 1.4377e2
7.8787279e2 7.574953e0 1.445e2 1.445e2
7.9292319e2 7.574953e0 1.45233e2 1.45233e2
7.9797359e2 7.574953e0 1.45964e2 1.45964e2
8.0302399e2 7.574953e0 1.46696e2 1.46696e2
8.0807439e2 7.574953e0 1.47427e2 1.47427e2
8.1312479e2 7.574953e0 1.48158e2 1.48158e2
8.1817519e2 7.574953e0 1.4889e2 1.4889e2
8.2322559e2 7.574953e0 1.49622e2 1.49622e2
8.2827599e2 7.574953e0 1.50354e2 1.50354e2
8.3332639e2 7.574953e0 1.51085e2 1.51085e2
8.3837679e2 7.574953e0 1.51817e2 1.51817e2
8.4342719e2 7.574953e0 1.52548e2 1.52548e2
8.4847758e2 7.574953e0 1.53279e2 1.53279e2
8.5352798e2 7.574953e0 1.54012e2 1.54012e2
8.5857838e2 7.574953e0 1.54742e2 1.54742e2
8.6362878e2 7.574953e0 1.55475e2 1.55475e2
8.6867918e2 7.574953e0 1.56206e2 1.56206e2
8.7372958e2 7.574953e0 1.56938e2 1.56938e2
8.7877998e2 7.574953e0 1.57669e2 1.57669e2
8.8383038e2 7.574953e0 1.584e2 1.584e2
8.8888078e2 7.574953e0 1.59132e2 1.59132e2
8.9393118e2 7.574953e0 1.59863e2 1.59863e2
8.9898158e2 7.574953e0 1.60596e2 1.60596e2
9.0403198e2 7.574953e0 1.61327e2 1.61327e2
9.0908238e2 7.574953e0 1.62059e2 1.62059e2
9.1413278e2 7.574953e0 1.6279e2 1.6279e2
9.1918318e2 7.574953e0 1.63521e2 1.63521e2
9.2423358e2 7.574953e0 1.64253e2 1.64253e2
9.2928398e2 7.574953e0 1.64984e2 1.64984e2
9.3433438e2 7.574953e0 1.65717e2 1.65717e2
9.3938478e2 7.574953e0 1.66447e2 1.66447e2
9.4443518e2 7.574953e0 1.6718e2 1.6718e2
9.4948558e2 7.574953e0 1.67911e2 1.67911e2
9.5453598e2 7.574953e0 1.68642e2 1.68642e2
9.5958638e2 7.574953e0 1.69374e2 1.69374e2
9.6463678e2 7.574953e0 1.70105e2 1.70105e2
9.6968718e2 7.574953e0 1.70837e2 1.70837e2
9.7473758e2 7.574953e0 1.71568e2 1.71568e2
9.7978798e2 7.574953e0 1.723e2 1.723e2
9.8483838e2 7.574953e0 1.73032e2 1.73032e2
9.8988878e2 7.574953e0 1.73763e2 1.73763e2
9.9493918e2 7.574953e0 1.74495e2 1.74495e2
9.9998958e2 7.574953e0 1.75226e2 1.75226e2

5.0e2 7.776964e0 1.04744e2 1.04744e2
5.050504e2 7.776964e0 1.05496e2 1.05496e2
5.101008e2 7.776964e0 1.06247e2 1.06247e2
5.151512e2 7.776964e0 1.06998e2 1.06998e2
5.202016e2 7.776964e0 1.07748e2 1.07748e2
5.25252e2 7.776964e0 1.08499e2 1.08499e2
5.303024e2 7.776964e0 1.09251e2 1.09251e2
5.353528e2 7.776964e0 1.10002e2 1.10002e2
5.404032e2 7.776964e0 1.10753e2 1.10753e2
5.454536e2 7.776964e0 1.11504e2 1.11504e2
5.50504e2 7.776964e0 1.12254e2 1.12254e2
5.555544e2 7.776964e0 1.13007e2 1.13007e2
5.606048e2 7.776964e0 1.13757e2 1.13757e2
5.656552e2 7.776964e0 1.14508e2 1.14508e2
5.707056e2 7.776964e0 1.15259e2 1.15259e2
5.75756e2 7.776964e0 1.16011e2 1.16011e2
5.808064e2 7.776964e0 1.16762e2 1.16762e2
5.858568e2 7.776964e0 1.17513e2 1.17513e2
5.909072e2 7.776964e0 1.18263e2 1.18263e2
5.959576e2 7.776964e0 1.19014e2 1.19014e2
6.01008e2 7.776964e0 1.19766e2 1.19766e2
6.060584e2 7.776964e0 1.20517e2 1.20517e2
6.111088e2 7.776964e0 1.21268e2 1.21268e2
6.161592e2 7.776964e0 1.22018e2 1.22018e2
6.212096e2 7.776964e0 1.22769e2 1.22769e2
6.2626e2 7.776964e0 1.23521e2 1.23521e2
6.313104e2 7.776964e0 1.24272e2 1.24272e2
6.363608e2 7.776964e0 1.25023e2 1.25023e2
6.414112e2 7.776964e0 1.25774e2 1.25774e2
6.464616e2 7.776964e0 1.26526e2 1.26526e2
6.51512e2 7.776964e0 1.27277e2 1.27277e2
6.565624e2 7.776964e0 1.28027e2 1.28027e2
6.616128e2 7.776964e0 1.28778e2 1.28778e2
6.666632e2 7.776964e0 1.29529e2 1.29529e2
6.717136e2 7.776964e0 1.30281e2 1.30281e2
6.7676399e2 7.776964e0 1.31032e2 1.31032e2
6.8181439e2 7.776964e0 1.31783e2 1.31783e2
6.8686479e2 7.776964e0 1.32533e2 1.32533e2
6.9191519e2 7.776964e0 1.33284e2 1.33284e2
6.9696559e2 7.776964e0 1.34036e2 1.34036e2
7.0201599e2 7.776964e0 1.34787e2 1.34787e2
7.0706639e2 7.776964e0 1.35538e2 1.35538e2
7.1211679e2 7.776964e0 1.36288e2 1.36288e2
7.1716719e2 7.776964e0 1.3704e2 1.3704e2
7.2221759e2 7.776964e0 1.37791e2 1.37791e2
7.2726799e2 7.776964e0 1.38542e2 1.38542e2
7.3231839e2 7.776964e0 1.39293e2 1.39293e2
7.3736879e2 7.776964e0 1.40044e2 1.40044e2
7.4241919e2 7.776964e0 1.40796e2 1.40796e2
7.4746959e2 7.776964e0 1.41547e2 1.41547e2
7.5251999e2 7.776964e0 1.42297e2 1.42297e2
7.5757039e2 7.776964e0 1.43048e2 1.43048e2
7.6262079e2 7.776964e0 1.43799e2 1.43799e2
7.6767119e2 7.776964e0 1.44551e2 1.44551e2
7.7272159e2 7.776964e0 1.45302e2 1.45302e2
7.7777199e2 7.776964e0 1.46053e2 1.46053e2
7.8282239e2 7.776964e0 1.46803e2 1.46803e2
7.8787279e2 7.776964e0 1.47556e2 1.47556e2
7.9292319e2 7.776964e0 1.48306e2 1.48306e2
7.9797359e2 7.776964e0 1.49057e2 1.49057e2
8.0302399e2 7.776964e0 1.49808e2 1.49808e2
8.0807439e2 7.776964e0 1.50558e2 1.50558e2
8.1312479e2 7.776964e0 1.5131e2 1.5131e2
8.1817519e2 7.776964e0 1.52061e2 1.52061e2
8.2322559e2 7.776964e0 1.52812e2 1.52812e2
8.2827599e2 7.776964e0 1.53563e2 1.53563e2
8.3332639e2 7.776964e0 1.54314e2 1.54314e2
8.3837679e2 7.776964e0 1.55066e2 1.55066e2
8.4342719e2 7.776964e0 1.55817e2 1.55817e2
8.4847758e2 7.776964e0 1.56567e2 1.56567e2
8.5352798e2 7.776964e0 1.57318e2 1.57318e2
8.5857838e2 7.776964e0 1.58069e2 1.58069e2
8.6362878e2 7.776964e0 1.58821e2 1.58821e2
8.6867918e2 7.776964e0 1.59572e2 1.59572e2
8.7372958e2 7.776964e0 1.60323e2 1.60323e2
8.7877998e2 7.776964e0 1.61073e2 1.61073e2
8.8383038e2 7.776964e0 1.61826e2 1.61826e2
8.8888078e2 7.776964e0 1.62576e2 1.62576e2
8.9393118e2 7.776964e0 1.63327e2 1.63327e2
8.9898158e2 7.776964e0 1.64078e2 1.64078e2
9.0403198e2 7.776964e0 1.64828e2 1.64828e2
9.0908238e2 7.776964e0 1.6558e2 1.6558e2
9.1413278e2 7.776964e0 1.66331e2 1.66331e2
9.1918318e2 7.776964e0 1.67082e2 1.67082e2
9.2423358e2 7.776964e0 1.67833e2 1.67833e2
9.2928398e2 7.776964e0 1.68584e2 1.68584e2
9.3433438e2 7.776964e0 1.69336e2 1.69336e2
9.3938478e2 7.776964e0 1.70087e2 1.70087e2
9.4443518e2 7.776964e0 1.70837e2 1.70837e2
9.4948558e2 7.776964e0 1.71588e2 1.71588e2
9.5453598e2 7.776964e0 1.7234e2 1.7234e2
9.5958638e2 7.776964e0 1.73091e2 1.73091e2
9.6463678e2 7.776964e0 1.73842e2 1.73842e2
9.6968718e2 7.776964e0 1.74593e2 1.74593e2
9.7473758e2 7.776964e0 1.75343e2 1.75343e2
9.7978798e2 7.776964e0 1.76096e2 1.76096e2
9.8483838e2 7.776964e0 1.76846e2 1.76846e2
9.8988878e2 7.776964e0 1.77597e2 1.77597e2
9.9493918e2 7.776964e0 1.78348e2 1.78348e2
9.9998958e2 7.776964e0 1.79099e2 1.79099e2

5.0e2 7.978975e0 1.06686e2 1.06686e2
5.050504e2 7.978975e0 1.07457e2 1.07457e2
5.101008e2 7.978975e0 1.08228e2 1.08228e2
5.151512e2 7.978975e0 1.08998e2 1.08998e2
5.202016e2 7.978975e0 1.09769e2 1.09769e2
5.25252e2 7.978975e0 1.1054e2 1.1054e2
5.303024e2 7.978975e0 1.1131e2 1.1131e2
5.353528e2 7.978975e0 1.1208e2 1.1208e2
5.404032e2 7.978975e0 1.12851e2 1.12851e2
5.454536e2 7.978975e0 1.13622e2 1.13622e2
5.50504e2 7.978975e0 1.14392e2 1.14392e2
5.555544e2 7.978975e0 1.15163e2 1.15163e2
5.606048e2 7.978975e0 1.15933e2 1.15933e2
5.656552e2 7.978975e0 1.16704e2 1.16704e2
5.707056e2 7.978975e0 1.17474e2 1.17474e2
5.75756e2 7.978975e0 1.18245e2 1.18245e2
5.808064e2 7.978975e0 1.19016e2 1.19016e2
5.858568e2 7.978975e0 1.19786e2 1.19786e2
5.909072e2 7.978975e0 1.20557e2 1.20557e2
5.959576e2 7.978975e0 1.21327e2 1.21327e2
6.01008e2 7.978975e0 1.22098e2 1.22098e2
6.060584e2 7.978975e0 1.22868e2 1.22868e2
6.111088e2 7.978975e0 1.23639e2 1.23639e2
6.161592e2 7.978975e0 1.2441e2 1.2441e2
6.212096e2 7.978975e0 1.2518e2 1.2518e2
6.2626e2 7.978975e0 1.2595e2 1.2595e2
6.313104e2 7.978975e0 1.26721e2 1.26721e2
6.363608e2 7.978975e0 1.27492e2 1.27492e2
6.414112e2 7.978975e0 1.28262e2 1.28262e2
6.464616e2 7.978975e0 1.29033e2 1.29033e2
6.51512e2 7.978975e0 1.29803e2 1.29803e2
6.565624e2 7.978975e0 1.30574e2 1.30574e2
6.616128e2 7.978975e0 1.31345e2 1.31345e2
6.666632e2 7.978975e0 1.32115e2 1.32115e2
6.717136e2 7.978975e0 1.32886e2 1.32886e2
6.7676399e2 7.978975e0 1.33656e2 1.33656e2
6.8181439e2 7.978975e0 1.34427e2 1.34427e2
6.8686479e2 7.978975e0 1.35197e2 1.35197e2
6.9191519e2 7.978975e0 1.35968e2 1.35968e2
6.9696559e2 7.978975e0 1.36739e2 1.36739e2
7.0201599e2 7.978975e0 1.37509e2 1.37509e2
7.0706639e2 7.978975e0 1.3828e2 1.3828e2
7.1211679e2 7.978975e0 1.3905e2 1.3905e2
7.1716719e2 7.978975e0 1.39821e2 1.39821e2
7.2221759e2 7.978975e0 1.40591e2 1.40591e2
7.2726799e2 7.978975e0 1.41362e2 1.41362e2
7.3231839e2 7.978975e0 1.42133e2 1.42133e2
7.3736879e2 7.978975e0 1.42903e2 1.42903e2
7.4241919e2 7.978975e0 1.43674e2 1.43674e2
7.4746959e2 7.978975e0 1.44444e2 1.44444e2
7.5251999e2 7.978975e0 1.45215e2 1.45215e2
7.5757039e2 7.978975e0 1.45985e2 1.45985e2
7.6262079e2 7.978975e0 1.46756e2 1.46756e2
7.6767119e2 7.978975e0 1.47527e2 1.47527e2
7.7272159e2 7.978975e0 1.48297e2 1.48297e2
7.7777199e2 7.978975e0 1.49068e2 1.49068e2
7.8282239e2 7.978975e0 1.49838e2 1.49838e2
7.8787279e2 7.978975e0 1.50609e2 1.50609e2
7.9292319e2 7.978975e0 1.5138e2 1.5138e2
7.9797359e2 7.978975e0 1.5215e2 1.5215e2
8.0302399e2 7.978975e0 1.5292e2 1.5292e2
8.0807439e2 7.978975e0 1.53691e2 1.53691e2
8.1312479e2 7.978975e0 1.54462e2 1.54462e2
8.1817519e2 7.978975e0 1.55232e2 1.55232e2
8.2322559e2 7.978975e0 1.56003e2 1.56003e2
8.2827599e2 7.978975e0 1.56773e2 1.56773e2
8.3332639e2 7.978975e0 1.57544e2 1.57544e2
8.3837679e2 7.978975e0 1.58315e2 1.58315e2
8.4342719e2 7.978975e0 1.59085e2 1.59085e2
8.4847758e2 7.978975e0 1.59856e2 1.59856e2
8.5352798e2 7.978975e0 1.60626e2 1.60626e2
8.5857838e2 7.978975e0 1.61397e2 1.61397e2
8.6362878e2 7.978975e0 1.62167e2 1.62167e2
8.6867918e2 7.978975e0 1.62938e2 1.62938e2
8.7372958e2 7.978975e0 1.63708e2 1.63708e2
8.7877998e2 7.978975e0 1.64479e2 1.64479e2
8.8383038e2 7.978975e0 1.6525e2 1.6525e2
8.8888078e2 7.978975e0 1.6602e2 1.6602e2
8.9393118e2 7.978975e0 1.66791e2 1.66791e2
8.9898158e2 7.978975e0 1.67561e2 1.67561e2
9.0403198e2 7.978975e0 1.68332e2 1.68332e2
9.0908238e2 7.978975e0 1.69102e2 1.69102e2
9.1413278e2 7.978975e0 1.69873e2 1.69873e2
9.1918318e2 7.978975e0 1.70644e2 1.70644e2
9.2423358e2 7.978975e0 1.71414e2 1.71414e2
9.2928398e2 7.978975e0 1.72185e2 1.72185e2
9.3433438e2 7.978975e0 1.72955e2 1.72955e2
9.3938478e2 7.978975e0 1.73726e2 1.73726e2
9.4443518e2 7.978975e0 1.74496e2 1.74496e2
9.4948558e2 7.978975e0 1.75267e2 1.75267e2
9.5453598e2 7.978975e0 1.76038e2 1.76038e2
9.5958638e2 7.978975e0 1.76808e2 1.76808e2
9.6463678e2 7.978975e0 1.77579e2 1.77579e2
9.6968718e2 7.978975e0 1.7835e2 1.7835e2
9.7473758e2 7.978975e0 1.7912e2 1.7912e2
9.7978798e2 7.978975e0 1.7989e2 1.7989e2
9.8483838e2 7.978975e0 1.80661e2 1.80661e2
9.8988878e2 7.978975e0 1.81432e2 1.81432e2
9.9493918e2 7.978975e0 1.82202e2 1.82202e2
9.9998958e2 7.978975e0 1.82973e2 1.82973e2

5.0e2 8.180986e0 1.08627e2 1.08627e2
5.050504e2 8.180986e0 1.09418e2 1.09418e2
5.101008e2 8.180986e0 1.10208e2 1.10208e2
5.151512e2 8.180986e0 1.10999e2 1.10999e2
5.202016e2 8.180986e0 1.11787e2 1.11787e2
5.25252e2 8.180986e0 1.12578e2 1.12578e2
5.303024e2 8.180986e0 1.13368e2 1.13368e2
5.353528e2 8.180986e0 1.14159e2 1.14159e2
5.404032e2 8.180986e0 1.14948e2 1.14948e2
5.454536e2 8.180986e0 1.15738e2 1.15738e2
5.50504e2 8.180986e0 1.16528e2 1.16528e2
5.555544e2 8.180986e0 1.17319e2 1.17319e2
5.606048e2 8.180986e0 1.18109e2 1.18109e2
5.656552e2 8.180986e0 1.18898e2 1.18898e2
5.707056e2 8.180986e0 1.19688e2 1.19688e2
5.75756e2 8.180986e0 1.20479e2 1.20479e2
5.808064e2 8.180986e0 1.21269e2 1.21269e2
5.858568e2 8.180986e0 1.2206e2 1.2206e2
5.909072e2 8.180986e0 1.22849e2 1.22849e2
5.959576e2 8.180986e0 1.23639e2 1.23639e2
6.01008e2 8.180986e0 1.2443e2 1.2443e2
6.060584e2 8.180986e0 1.2522e2 1.2522e2
6.111088e2 8.180986e0 1.26009e2 1.26009e2
6.161592e2 8.180986e0 1.26799e2 1.26799e2
6.212096e2 8.180986e0 1.2759e2 1.2759e2
6.2626e2 8.180986e0 1.2838e2 1.2838e2
6.313104e2 8.180986e0 1.2917e2 1.2917e2
6.363608e2 8.180986e0 1.29959e2 1.29959e2
6.414112e2 8.180986e0 1.3075e2 1.3075e2
6.464616e2 8.180986e0 1.3154e2 1.3154e2
6.51512e2 8.180986e0 1.3233e2 1.3233e2
6.565624e2 8.180986e0 1.33119e2 1.33119e2
6.616128e2 8.180986e0 1.3391e2 1.3391e2
6.666632e2 8.180986e0 1.347e2 1.347e2
6.717136e2 8.180986e0 1.3549e2 1.3549e2
6.7676399e2 8.180986e0 1.36281e2 1.36281e2
6.8181439e2 8.180986e0 1.3707e2 1.3707e2
6.8686479e2 8.180986e0 1.3786e2 1.3786e2
6.9191519e2 8.180986e0 1.3865e2 1.3865e2
6.9696559e2 8.180986e0 1.39441e2 1.39441e2
7.0201599e2 8.180986e0 1.40231e2 1.40231e2
7.0706639e2 8.180986e0 1.4102e2 1.4102e2
7.1211679e2 8.180986e0 1.4181e2 1.4181e2
7.1716719e2 8.180986e0 1.42601e2 1.42601e2
7.2221759e2 8.180986e0 1.43391e2 1.43391e2
7.2726799e2 8.180986e0 1.4418e2 1.4418e2
7.3231839e2 8.180986e0 1.4497e2 1.4497e2
7.3736879e2 8.180986e0 1.45761e2 1.45761e2
7.4241919e2 8.180986e0 1.46552e2 1.46552e2
7.4746959e2 8.180986e0 1.47342e2 1.47342e2
7.5251999e2 8.180986e0 1.48131e2 1.48131e2
7.5757039e2 8.180986e0 1.48921e2 1.48921e2
7.6262079e2 8.180986e0 1.49712e2 1.49712e2
7.6767119e2 8.180986e0 1.50502e2 1.50502e2
7.7272159e2 8.180986e0 1.51292e2 1.51292e2
7.7777199e2 8.180986e0 1.52081e2 1.52081e2
7.8282239e2 8.180986e0 1.52872e2 1.52872e2
7.8787279e2 8.180986e0 1.53662e2 1.53662e2
7.9292319e2 8.180986e0 1.54453e2 1.54453e2
7.9797359e2 8.180986e0 1.55241e2 1.55241e2
8.0302399e2 8.180986e0 1.56032e2 1.56032e2
8.0807439e2 8.180986e0 1.56822e2 1.56822e2
8.1312479e2 8.180986e0 1.57613e2 1.57613e2
8.1817519e2 8.180986e0 1.58403e2 1.58403e2
8.2322559e2 8.180986e0 1.59192e2 1.59192e2
8.2827599e2 8.180986e0 1.59982e2 1.59982e2
8.3332639e2 8.180986e0 1.60773e2 1.60773e2
8.3837679e2 8.180986e0 1.61563e2 1.61563e2
8.4342719e2 8.180986e0 1.62354e2 1.62354e2
8.4847758e2 8.180986e0 1.63142e2 1.63142e2
8.5352798e2 8.180986e0 1.63933e2 1.63933e2
8.5857838e2 8.180986e0 1.64723e2 1.64723e2
8.6362878e2 8.180986e0 1.65514e2 1.65514e2
8.6867918e2 8.180986e0 1.66302e2 1.66302e2
8.7372958e2 8.180986e0 1.67093e2 1.67093e2
8.7877998e2 8.180986e0 1.67883e2 1.67883e2
8.8383038e2 8.180986e0 1.68674e2 1.68674e2
8.8888078e2 8.180986e0 1.69464e2 1.69464e2
8.9393118e2 8.180986e0 1.70253e2 1.70253e2
8.9898158e2 8.180986e0 1.71043e2 1.71043e2
9.0403198e2 8.180986e0 1.71834e2 1.71834e2
9.0908238e2 8.180986e0 1.72624e2 1.72624e2
9.1413278e2 8.180986e0 1.73415e2 1.73415e2
9.1918318e2 8.180986e0 1.74203e2 1.74203e2
9.2423358e2 8.180986e0 1.74994e2 1.74994e2
9.2928398e2 8.180986e0 1.75784e2 1.75784e2
9.3433438e2 8.180986e0 1.76575e2 1.76575e2
9.3938478e2 8.180986e0 1.77364e2 1.77364e2
9.4443518e2 8.180986e0 1.78154e2 1.78154e2
9.4948558e2 8.180986e0 1.78944e2 1.78944e2
9.5453598e2 8.180986e0 1.79735e2 1.79735e2
9.5958638e2 8.180986e0 1.80525e2 1.80525e2
9.6463678e2 8.180986e0 1.81314e2 1.81314e2
9.6968718e2 8.180986e0 1.82104e2 1.82104e2
9.7473758e2 8.180986e0 1.82895e2 1.82895e2
9.7978798e2 8.180986e0 1.83685e2 1.83685e2
9.8483838e2 8.180986e0 1.84474e2 1.84474e2
9.8988878e2 8.180986e0 1.85265e2 1.85265e2
9.9493918e2 8.180986e0 1.86055e2 1.86055e2
9.9998958e2 8.180986e0 1.86845e2 1.86845e2

5.0e2 8.382997e0 1.1057e2 1.1057e2
5.050504e2 8.382997e0 1.11378e2 1.11378e2
5.101008e2 8.382997e0 1.12189e2 1.12189e2
5.151512e2 8.382997e0 1.12997e2 1.12997e2
5.202016e2 8.382997e0 1.13808e2 1.13808e2
5.25252e2 8.382997e0 1.14616e2 1.14616e2
5.303024e2 8.382997e0 1.15427e2 1.15427e2
5.353528e2 8.382997e0 1.16237e2 1.16237e2
5.404032e2 8.382997e0 1.17046e2 1.17046e2
5.454536e2 8.382997e0 1.17856e2 1.17856e2
5.50504e2 8.382997e0 1.18665e2 1.18665e2
5.555544e2 8.382997e0 1.19475e2 1.19475e2
5.606048e2 8.382997e0 1.20284e2 1.20284e2
5.656552e2 8.382997e0 1.21094e2 1.21094e2
5.707056e2 8.382997e0 1.21904e2 1.21904e2
5.75756e2 8.382997e0 1.22713e2 1.22713e2
5.808064e2 8.382997e0 1.23523e2 1.23523e2
5.858568e2 8.382997e0 1.24332e2 1.24332e2
5.909072e2 8.382997e0 1.25142e2 1.25142e2
5.959576e2 8.382997e0 1.2595e2 1.2595e2
6.01008e2 8.382997e0 1.26761e2 1.26761e2
6.060584e2 8.382997e0 1.27571e2 1.27571e2
6.111088e2 8.382997e0 1.2838e2 1.2838e2
6.161592e2 8.382997e0 1.2919e2 1.2919e2
6.212096e2 8.382997e0 1.29999e2 1.29999e2
6.2626e2 8.382997e0 1.30809e2 1.30809e2
6.313104e2 8.382997e0 1.31618e2 1.31618e2
6.363608e2 8.382997e0 1.32428e2 1.32428e2
6.414112e2 8.382997e0 1.33237e2 1.33237e2
6.464616e2 8.382997e0 1.34047e2 1.34047e2
6.51512e2 8.382997e0 1.34857e2 1.34857e2
6.565624e2 8.382997e0 1.35666e2 1.35666e2
6.616128e2 8.382997e0 1.36476e2 1.36476e2
6.666632e2 8.382997e0 1.37285e2 1.37285e2
6.717136e2 8.382997e0 1.38095e2 1.38095e2
6.7676399e2 8.382997e0 1.38904e2 1.38904e2
6.8181439e2 8.382997e0 1.39714e2 1.39714e2
6.8686479e2 8.382997e0 1.40524e2 1.40524e2
6.9191519e2 8.382997e0 1.41333e2 1.41333e2
6.9696559e2 8.382997e0 1.42143e2 1.42143e2
7.0201599e2 8.382997e0 1.42952e2 1.42952e2
7.0706639e2 8.382997e0 1.43762e2 1.43762e2
7.1211679e2 8.382997e0 1.44571e2 1.44571e2
7.1716719e2 8.382997e0 1.45381e2 1.45381e2
7.2221759e2 8.382997e0 1.46191e2 1.46191e2
7.2726799e2 8.382997e0 1.47e2 1.47e2
7.3231839e2 8.382997e0 1.4781e2 1.4781e2
7.3736879e2 8.382997e0 1.48619e2 1.48619e2
7.4241919e2 8.382997e0 1.4943e2 1.4943e2
7.4746959e2 8.382997e0 1.50238e2 1.50238e2
7.5251999e2 8.382997e0 1.51048e2 1.51048e2
7.5757039e2 8.382997e0 1.51859e2 1.51859e2
7.6262079e2 8.382997e0 1.52667e2 1.52667e2
7.6767119e2 8.382997e0 1.53477e2 1.53477e2
7.7272159e2 8.382997e0 1.54286e2 1.54286e2
7.7777199e2 8.382997e0 1.55096e2 1.55096e2
7.8282239e2 8.382997e0 1.55905e2 1.55905e2
7.8787279e2 8.382997e0 1.56715e2 1.56715e2
7.9292319e2 8.382997e0 1.57526e2 1.57526e2
7.9797359e2 8.382997e0 1.58334e2 1.58334e2
8.0302399e2 8.382997e0 1.59145e2 1.59145e2
8.0807439e2 8.382997e0 1.59953e2 1.59953e2
8.1312479e2 8.382997e0 1.60764e2 1.60764e2
8.1817519e2 8.382997e0 1.61572e2 1.61572e2
8.2322559e2 8.382997e0 1.62383e2 1.62383e2
8.2827599e2 8.382997e0 1.63193e2 1.63193e2
8.3332639e2 8.382997e0 1.64001e2 1.64001e2
8.3837679e2 8.382997e0 1.64812e2 1.64812e2
8.4342719e2 8.382997e0 1.6562e2 1.6562e2
8.4847758e2 8.382997e0 1.6643e2 1.6643e2
8.5352798e2 8.382997e0 1.6724e2 1.6724e2
8.5857838e2 8.382997e0 1.6805e2 1.6805e2
8.6362878e2 8.382997e0 1.6886e2 1.6886e2
8.6867918e2 8.382997e0 1.69669e2 1.69669e2
8.7372958e2 8.382997e0 1.70479e2 1.70479e2
8.7877998e2 8.382997e0 1.71288e2 1.71288e2
8.8383038e2 8.382997e0 1.72098e2 1.72098e2
8.8888078e2 8.382997e0 1.72906e2 1.72906e2
8.9393118e2 8.382997e0 1.73717e2 1.73717e2
8.9898158e2 8.382997e0 1.74527e2 1.74527e2
9.0403198e2 8.382997e0 1.75336e2 1.75336e2
9.0908238e2 8.382997e0 1.76146e2 1.76146e2
9.1413278e2 8.382997e0 1.76955e2 1.76955e2
9.1918318e2 8.382997e0 1.77765e2 1.77765e2
9.2423358e2 8.382997e0 1.78574e2 1.78574e2
9.2928398e2 8.382997e0 1.79384e2 1.79384e2
9.3433438e2 8.382997e0 1.80194e2 1.80194e2
9.3938478e2 8.382997e0 1.81003e2 1.81003e2
9.4443518e2 8.382997e0 1.81813e2 1.81813e2
9.4948558e2 8.382997e0 1.82622e2 1.82622e2
9.5453598e2 8.382997e0 1.83432e2 1.83432e2
9.5958638e2 8.382997e0 1.8424e2 1.8424e2
9.6463678e2 8.382997e0 1.85051e2 1.85051e2
9.6968718e2 8.382997e0 1.85861e2 1.85861e2
9.7473758e2 8.382997e0 1.8667e2 1.8667e2
9.7978798e2 8.382997e0 1.8748e2 1.8748e2
9.8483838e2 8.382997e0 1.88289e2 1.88289e2
9.8988878e2 8.382997e0 1.89099e2 1.89099e2
9.9493918e2 8.382997e0 1.89908e2 1.89908e2
9.9998958e2 8.382997e0 1.90718e2 1.90718e2

5.0e2 8.585008e0 1.1251e2 1.1251e2
5.050504e2 8.585008e0 1.13339e2 1.13339e2
5.101008e2 8.585008e0 1.1417e2 1.1417e2
5.151512e2 8.585008e0 1.14998e2 1.14998e2
5.202016e2 8.585008e0 1.15826e2 1.15826e2
5.25252e2 8.585008e0 1.16656e2 1.16656e2
5.303024e2 8.585008e0 1.17485e2 1.17485e2
5.353528e2 8.585008e0 1.18314e2 1.18314e2
5.404032e2 8.585008e0 1.19144e2 1.19144e2
5.454536e2 8.585008e0 1.19972e2 1.19972e2
5.50504e2 8.585008e0 1.20802e2 1.20802e2
5.555544e2 8.585008e0 1.21631e2 1.21631e2
5.606048e2 8.585008e0 1.2246e2 1.2246e2
5.656552e2 8.585008e0 1.2329e2 1.2329e2
5.707056e2 8.585008e0 1.24118e2 1.24118e2
5.75756e2 8.585008e0 1.24947e2 1.24947e2
5.808064e2 8.585008e0 1.25777e2 1.25777e2
5.858568e2 8.585008e0 1.26605e2 1.26605e2
5.909072e2 8.585008e0 1.27434e2 1.27434e2
5.959576e2 8.585008e0 1.28264e2 1.28264e2
6.01008e2 8.585008e0 1.29092e2 1.29092e2
6.060584e2 8.585008e0 1.29921e2 1.29921e2
6.111088e2 8.585008e0 1.30751e2 1.30751e2
6.161592e2 8.585008e0 1.3158e2 1.3158e2
6.212096e2 8.585008e0 1.32408e2 1.32408e2
6.2626e2 8.585008e0 1.33238e2 1.33238e2
6.313104e2 8.585008e0 1.34067e2 1.34067e2
6.363608e2 8.585008e0 1.34897e2 1.34897e2
6.414112e2 8.585008e0 1.35725e2 1.35725e2
6.464616e2 8.585008e0 1.36554e2 1.36554e2
6.51512e2 8.585008e0 1.37384e2 1.37384e2
6.565624e2 8.585008e0 1.38213e2 1.38213e2
6.616128e2 8.585008e0 1.39041e2 1.39041e2
6.666632e2 8.585008e0 1.39871e2 1.39871e2
6.717136e2 8.585008e0 1.407e2 1.407e2
6.7676399e2 8.585008e0 1.41528e2 1.41528e2
6.8181439e2 8.585008e0 1.42358e2 1.42358e2
6.8686479e2 8.585008e0 1.43187e2 1.43187e2
6.9191519e2 8.585008e0 1.44016e2 1.44016e2
6.9696559e2 8.585008e0 1.44846e2 1.44846e2
7.0201599e2 8.585008e0 1.45674e2 1.45674e2
7.0706639e2 8.585008e0 1.46504e2 1.46504e2
7.1211679e2 8.585008e0 1.47333e2 1.47333e2
7.1716719e2 8.585008e0 1.48161e2 1.48161e2
7.2221759e2 8.585008e0 1.48991e2 1.48991e2
7.2726799e2 8.585008e0 1.4982e2 1.4982e2
7.3231839e2 8.585008e0 1.50648e2 1.50648e2
7.3736879e2 8.585008e0 1.51479e2 1.51479e2
7.4241919e2 8.585008e0 1.52307e2 1.52307e2
7.4746959e2 8.585008e0 1.53136e2 1.53136e2
7.5251999e2 8.585008e0 1.53966e2 1.53966e2
7.5757039e2 8.585008e0 1.54794e2 1.54794e2
7.6262079e2 8.585008e0 1.55623e2 1.55623e2
7.6767119e2 8.585008e0 1.56453e2 1.56453e2
7.7272159e2 8.585008e0 1.57281e2 1.57281e2
7.7777199e2 8.585008e0 1.58112e2 1.58112e2
7.8282239e2 8.585008e0 1.5894e2 1.5894e2
7.8787279e2 8.585008e0 1.59769e2 1.59769e2
7.9292319e2 8.585008e0 1.60599e2 1.60599e2
7.9797359e2 8.585008e0 1.61427e2 1.61427e2
8.0302399e2 8.585008e0 1.62256e2 1.62256e2
8.0807439e2 8.585008e0 1.63086e2 1.63086e2
8.1312479e2 8.585008e0 1.63914e2 1.63914e2
8.1817519e2 8.585008e0 1.64743e2 1.64743e2
8.2322559e2 8.585008e0 1.65573e2 1.65573e2
8.2827599e2 8.585008e0 1.66402e2 1.66402e2
8.3332639e2 8.585008e0 1.6723e2 1.6723e2
8.3837679e2 8.585008e0 1.6806e2 1.6806e2
8.4342719e2 8.585008e0 1.68889e2 1.68889e2
8.4847758e2 8.585008e0 1.69717e2 1.69717e2
8.5352798e2 8.585008e0 1.70547e2 1.70547e2
8.5857838e2 8.585008e0 1.71376e2 1.71376e2
8.6362878e2 8.585008e0 1.72206e2 1.72206e2
8.6867918e2 8.585008e0 1.73035e2 1.73035e2
8.7372958e2 8.585008e0 1.73863e2 1.73863e2
8.7877998e2 8.585008e0 1.74693e2 1.74693e2
8.8383038e2 8.585008e0 1.75522e2 1.75522e2
8.8888078e2 8.585008e0 1.7635e2 1.7635e2
8.9393118e2 8.585008e0 1.7718e2 1.7718e2
8.9898158e2 8.585008e0 1.78009e2 1.78009e2
9.0403198e2 8.585008e0 1.78838e2 1.78838e2
9.0908238e2 8.585008e0 1.79668e2 1.79668e2
9.1413278e2 8.585008e0 1.80496e2 1.80496e2
9.1918318e2 8.585008e0 1.81325e2 1.81325e2
9.2423358e2 8.585008e0 1.82155e2 1.82155e2
9.2928398e2 8.585008e0 1.82983e2 1.82983e2
9.3433438e2 8.585008e0 1.83813e2 1.83813e2
9.3938478e2 8.585008e0 1.84642e2 1.84642e2
9.4443518e2 8.585008e0 1.8547e2 1.8547e2
9.4948558e2 8.585008e0 1.863e2 1.863e2
9.5453598e2 8.585008e0 1.87129e2 1.87129e2
9.5958638e2 8.585008e0 1.87958e2 1.87958e2
9.6463678e2 8.585008e0 1.88788e2 1.88788e2
9.6968718e2 8.585008e0 1.89616e2 1.89616e2
9.7473758e2 8.585008e0 1.90445e2 1.90445e2
9.7978798e2 8.585008e0 1.91275e2 1.91275e2
9.8483838e2 8.585008e0 1.92104e2 1.92104e2
9.8988878e2 8.585008e0 1.92932e2 1.92932e2
9.9493918e2 8.585008e0 1.93762e2 1.93762e2
9.9998958e2 8.585008e0 1.9459e2 1.9459e2

5.0e2 8.78702e0 1.14452e2 1.14452e2
5.050504e2 8.78702e0 1.15302e2 1.15302e2
5.101008e2 8.78702e0 1.1615e2 1.1615e2
5.151512e2 8.78702e0 1.16998e2 1.16998e2
5.202016e2 8.78702e0 1.17847e2 1.17847e2
5.25252e2 8.78702e0 1.18695e2 1.18695e2
5.303024e2 8.78702e0 1.19543e2 1.19543e2
5.353528e2 8.78702e0 1.20392e2 1.20392e2
5.404032e2 8.78702e0 1.21242e2 1.21242e2
5.454536e2 8.78702e0 1.2209e2 1.2209e2
5.50504e2 8.78702e0 1.22939e2 1.22939e2
5.555544e2 8.78702e0 1.23787e2 1.23787e2
5.606048e2 8.78702e0 1.24635e2 1.24635e2
5.656552e2 8.78702e0 1.25484e2 1.25484e2
5.707056e2 8.78702e0 1.26332e2 1.26332e2
5.75756e2 8.78702e0 1.27182e2 1.27182e2
5.808064e2 8.78702e0 1.2803e2 1.2803e2
5.858568e2 8.78702e0 1.28879e2 1.28879e2
5.909072e2 8.78702e0 1.29727e2 1.29727e2
5.959576e2 8.78702e0 1.30576e2 1.30576e2
6.01008e2 8.78702e0 1.31424e2 1.31424e2
6.060584e2 8.78702e0 1.32272e2 1.32272e2
6.111088e2 8.78702e0 1.3312e2 1.3312e2
6.161592e2 8.78702e0 1.3397e2 1.3397e2
6.212096e2 8.78702e0 1.34819e2 1.34819e2
6.2626e2 8.78702e0 1.35667e2 1.35667e2
6.313104e2 8.78702e0 1.36516e2 1.36516e2
6.363608e2 8.78702e0 1.37364e2 1.37364e2
6.414112e2 8.78702e0 1.38213e2 1.38213e2
6.464616e2 8.78702e0 1.39061e2 1.39061e2
6.51512e2 8.78702e0 1.39911e2 1.39911e2
6.565624e2 8.78702e0 1.4076e2 1.4076e2
6.616128e2 8.78702e0 1.41608e2 1.41608e2
6.666632e2 8.78702e0 1.42456e2 1.42456e2
6.717136e2 8.78702e0 1.43304e2 1.43304e2
6.7676399e2 8.78702e0 1.44153e2 1.44153e2
6.8181439e2 8.78702e0 1.45001e2 1.45001e2
6.8686479e2 8.78702e0 1.45851e2 1.45851e2
6.9191519e2 8.78702e0 1.467e2 1.467e2
6.9696559e2 8.78702e0 1.47548e2 1.47548e2
7.0201599e2 8.78702e0 1.48396e2 1.48396e2
7.0706639e2 8.78702e0 1.49245e2 1.49245e2
7.1211679e2 8.78702e0 1.50093e2 1.50093e2
7.1716719e2 8.78702e0 1.50941e2 1.50941e2
7.2221759e2 8.78702e0 1.51791e2 1.51791e2
7.2726799e2 8.78702e0 1.5264e2 1.5264e2
7.3231839e2 8.78702e0 1.53488e2 1.53488e2
7.3736879e2 8.78702e0 1.54337e2 1.54337e2
7.4241919e2 8.78702e0 1.55185e2 1.55185e2
7.4746959e2 8.78702e0 1.56033e2 1.56033e2
7.5251999e2 8.78702e0 1.56882e2 1.56882e2
7.5757039e2 8.78702e0 1.57732e2 1.57732e2
7.6262079e2 8.78702e0 1.5858e2 1.5858e2
7.6767119e2 8.78702e0 1.59428e2 1.59428e2
7.7272159e2 8.78702e0 1.60277e2 1.60277e2
7.7777199e2 8.78702e0 1.61125e2 1.61125e2
7.8282239e2 8.78702e0 1.61974e2 1.61974e2
7.8787279e2 8.78702e0 1.62822e2 1.62822e2
7.9292319e2 8.78702e0 1.63672e2 1.63672e2
7.9797359e2 8.78702e0 1.6452e2 1.6452e2
8.0302399e2 8.78702e0 1.65369e2 1.65369e2
8.0807439e2 8.78702e0 1.66217e2 1.66217e2
8.1312479e2 8.78702e0 1.67065e2 1.67065e2
8.1817519e2 8.78702e0 1.67914e2 1.67914e2
8.2322559e2 8.78702e0 1.68762e2 1.68762e2
8.2827599e2 8.78702e0 1.69612e2 1.69612e2
8.3332639e2 8.78702e0 1.7046e2 1.7046e2
8.3837679e2 8.78702e0 1.71309e2 1.71309e2
8.4342719e2 8.78702e0 1.72157e2 1.72157e2
8.4847758e2 8.78702e0 1.73006e2 1.73006e2
8.5352798e2 8.78702e0 1.73854e2 1.73854e2
8.5857838e2 8.78702e0 1.74702e2 1.74702e2
8.6362878e2 8.78702e0 1.75552e2 1.75552e2
8.6867918e2 8.78702e0 1.764e2 1.764e2
8.7372958e2 8.78702e0 1.77249e2 1.77249e2
8.7877998e2 8.78702e0 1.78098e2 1.78098e2
8.8383038e2 8.78702e0 1.78946e2 1.78946e2
8.8888078e2 8.78702e0 1.79794e2 1.79794e2
8.9393118e2 8.78702e0 1.80643e2 1.80643e2
8.9898158e2 8.78702e0 1.81493e2 1.81493e2
9.0403198e2 8.78702e0 1.82341e2 1.82341e2
9.0908238e2 8.78702e0 1.8319e2 1.8319e2
9.1413278e2 8.78702e0 1.84038e2 1.84038e2
9.1918318e2 8.78702e0 1.84886e2 1.84886e2
9.2423358e2 8.78702e0 1.85735e2 1.85735e2
9.2928398e2 8.78702e0 1.86583e2 1.86583e2
9.3433438e2 8.78702e0 1.87433e2 1.87433e2
9.3938478e2 8.78702e0 1.88281e2 1.88281e2
9.4443518e2 8.78702e0 1.8913e2 1.8913e2
9.4948558e2 8.78702e0 1.89978e2 1.89978e2
9.5453598e2 8.78702e0 1.90826e2 1.90826e2
9.5958638e2 8.78702e0 1.91675e2 1.91675e2
9.6463678e2 8.78702e0 1.92523e2 1.92523e2
9.6968718e2 8.78702e0 1.93372e2 1.93372e2
9.7473758e2 8.78702e0 1.94221e2 1.94221e2
9.7978798e2 8.78702e0 1.9507e2 1.9507e2
9.8483838e2 8.78702e0 1.95918e2 1.95918e2
9.8988878e2 8.78702e0 1.96767e2 1.96767e2
9.9493918e2 8.78702e0 1.97615e2 1.97615e2
9.9998958e2 8.78702e0 1.98463e2 1.98463e2

5.0e2 8.98903e0 1.16394e2 1.16394e2
5.050504e2 8.98903e0 1.17262e2 1.17262e2
5.101008e2 8.98903e0 1.1813e2 1.1813e2
5.151512e2 8.98903e0 1.18999e2 1.18999e2
5.202016e2 8.98903e0 1.19867e2 1.19867e2
5.25252e2 8.98903e0 1.20734e2 1.20734e2
5.303024e2 8.98903e0 1.21602e2 1.21602e2
5.353528e2 8.98903e0 1.2247e2 1.2247e2
5.404032e2 8.98903e0 1.23338e2 1.23338e2
5.454536e2 8.98903e0 1.24207e2 1.24207e2
5.50504e2 8.98903e0 1.25075e2 1.25075e2
5.555544e2 8.98903e0 1.25943e2 1.25943e2
5.606048e2 8.98903e0 1.26811e2 1.26811e2
5.656552e2 8.98903e0 1.2768e2 1.2768e2
5.707056e2 8.98903e0 1.28548e2 1.28548e2
5.75756e2 8.98903e0 1.29416e2 1.29416e2
5.808064e2 8.98903e0 1.30284e2 1.30284e2
5.858568e2 8.98903e0 1.31152e2 1.31152e2
5.909072e2 8.98903e0 1.32019e2 1.32019e2
5.959576e2 8.98903e0 1.32887e2 1.32887e2
6.01008e2 8.98903e0 1.33755e2 1.33755e2
6.060584e2 8.98903e0 1.34624e2 1.34624e2
6.111088e2 8.98903e0 1.35492e2 1.35492e2
6.161592e2 8.98903e0 1.3636e2 1.3636e2
6.212096e2 8.98903e0 1.37228e2 1.37228e2
6.2626e2 8.98903e0 1.38097e2 1.38097e2
6.313104e2 8.98903e0 1.38965e2 1.38965e2
6.363608e2 8.98903e0 1.39833e2 1.39833e2
6.414112e2 8.98903e0 1.40701e2 1.40701e2
6.464616e2 8.98903e0 1.4157e2 1.4157e2
6.51512e2 8.98903e0 1.42438e2 1.42438e2
6.565624e2 8.98903e0 1.43306e2 1.43306e2
6.616128e2 8.98903e0 1.44173e2 1.44173e2
6.666632e2 8.98903e0 1.45041e2 1.45041e2
6.717136e2 8.98903e0 1.45909e2 1.45909e2
6.7676399e2 8.98903e0 1.46777e2 1.46777e2
6.8181439e2 8.98903e0 1.47646e2 1.47646e2
6.8686479e2 8.98903e0 1.48514e2 1.48514e2
6.9191519e2 8.98903e0 1.49382e2 1.49382e2
6.9696559e2 8.98903e0 1.5025e2 1.5025e2
7.0201599e2 8.98903e0 1.51118e2 1.51118e2
7.0706639e2 8.98903e0 1.51987e2 1.51987e2
7.1211679e2 8.98903e0 1.52855e2 1.52855e2
7.1716719e2 8.98903e0 1.53723e2 1.53723e2
7.2221759e2 8.98903e0 1.54591e2 1.54591e2
7.2726799e2 8.98903e0 1.55458e2 1.55458e2
7.3231839e2 8.98903e0 1.56326e2 1.56326e2
7.3736879e2 8.98903e0 1.57195e2 1.57195e2
7.4241919e2 8.98903e0 1.58063e2 1.58063e2
7.4746959e2 8.98903e0 1.58931e2 1.58931e2
7.5251999e2 8.98903e0 1.59799e2 1.59799e2
7.5757039e2 8.98903e0 1.60667e2 1.60667e2
7.6262079e2 8.98903e0 1.61536e2 1.61536e2
7.6767119e2 8.98903e0 1.62404e2 1.62404e2
7.7272159e2 8.98903e0 1.63272e2 1.63272e2
7.7777199e2 8.98903e0 1.6414e2 1.6414e2
7.8282239e2 8.98903e0 1.65009e2 1.65009e2
7.8787279e2 8.98903e0 1.65877e2 1.65877e2
7.9292319e2 8.98903e0 1.66745e2 1.66745e2
7.9797359e2 8.98903e0 1.67612e2 1.67612e2
8.0302399e2 8.98903e0 1.6848e2 1.6848e2
8.0807439e2 8.98903e0 1.69348e2 1.69348e2
8.1312479e2 8.98903e0 1.70216e2 1.70216e2
8.1817519e2 8.98903e0 1.71085e2 1.71085e2
8.2322559e2 8.98903e0 1.71953e2 1.71953e2
8.2827599e2 8.98903e0 1.72821e2 1.72821e2
8.3332639e2 8.98903e0 1.7369e2 1.7369e2
8.3837679e2 8.98903e0 1.74557e2 1.74557e2
8.4342719e2 8.98903e0 1.75426e2 1.75426e2
8.4847758e2 8.98903e0 1.76294e2 1.76294e2
8.5352798e2 8.98903e0 1.77162e2 1.77162e2
8.5857838e2 8.98903e0 1.7803e2 1.7803e2
8.6362878e2 8.98903e0 1.78899e2 1.78899e2
8.6867918e2 8.98903e0 1.79765e2 1.79765e2
8.7372958e2 8.98903e0 1.80634e2 1.80634e2
8.7877998e2 8.98903e0 1.81502e2 1.81502e2
8.8383038e2 8.98903e0 1.8237e2 1.8237e2
8.8888078e2 8.98903e0 1.83238e2 1.83238e2
8.9393118e2 8.98903e0 1.84106e2 1.84106e2
8.9898158e2 8.98903e0 1.84975e2 1.84975e2
9.0403198e2 8.98903e0 1.85843e2 1.85843e2
9.0908238e2 8.98903e0 1.86711e2 1.86711e2
9.1413278e2 8.98903e0 1.8758e2 1.8758e2
9.1918318e2 8.98903e0 1.88448e2 1.88448e2
9.2423358e2 8.98903e0 1.89316e2 1.89316e2
9.2928398e2 8.98903e0 1.90184e2 1.90184e2
9.3433438e2 8.98903e0 1.9105e2 1.9105e2
9.3938478e2 8.98903e0 1.91919e2 1.91919e2
9.4443518e2 8.98903e0 1.92787e2 1.92787e2
9.4948558e2 8.98903e0 1.93655e2 1.93655e2
9.5453598e2 8.98903e0 1.94524e2 1.94524e2
9.5958638e2 8.98903e0 1.95392e2 1.95392e2
9.6463678e2 8.98903e0 1.9626e2 1.9626e2
9.6968718e2 8.98903e0 1.97128e2 1.97128e2
9.7473758e2 8.98903e0 1.97997e2 1.97997e2
9.7978798e2 8.98903e0 1.98865e2 1.98865e2
9.8483838e2 8.98903e0 1.99733e2 1.99733e2
9.8988878e2 8.98903e0 2.00601e2 2.00601e2
9.9493918e2 8.98903e0 2.0147e2 2.0147e2
9.9998958e2 8.98903e0 2.02338e2 2.02338e2

5.0e2 9.19104e0 1.18335e2 1.18335e2
5.050504e2 9.19104e0 1.19223e2 1.19223e2
5.101008e2 9.19104e0 1.20111e2 1.20111e2
5.151512e2 9.19104e0 1.20998e2 1.20998e2
5.202016e2 9.19104e0 1.21886e2 1.21886e2
5.25252e2 9.19104e0 1.22774e2 1.22774e2
5.303024e2 9.19104e0 1.2366e2 1.2366e2
5.353528e2 9.19104e0 1.24548e2 1.24548e2
5.404032e2 9.19104e0 1.25436e2 1.25436e2
5.454536e2 9.19104e0 1.26324e2 1.26324e2
5.50504e2 9.19104e0 1.27211e2 1.27211e2
5.555544e2 9.19104e0 1.28099e2 1.28099e2
5.606048e2 9.19104e0 1.28987e2 1.28987e2
5.656552e2 9.19104e0 1.29874e2 1.29874e2
5.707056e2 9.19104e0 1.30762e2 1.30762e2
5.75756e2 9.19104e0 1.3165e2 1.3165e2
5.808064e2 9.19104e0 1.32538e2 1.32538e2
5.858568e2 9.19104e0 1.33424e2 1.33424e2
5.909072e2 9.19104e0 1.34312e2 1.34312e2
5.959576e2 9.19104e0 1.352e2 1.352e2
6.01008e2 9.19104e0 1.36087e2 1.36087e2
6.060584e2 9.19104e0 1.36975e2 1.36975e2
6.111088e2 9.19104e0 1.37863e2 1.37863e2
6.161592e2 9.19104e0 1.38751e2 1.38751e2
6.212096e2 9.19104e0 1.39638e2 1.39638e2
6.2626e2 9.19104e0 1.40526e2 1.40526e2
6.313104e2 9.19104e0 1.41414e2 1.41414e2
6.363608e2 9.19104e0 1.423e2 1.423e2
6.414112e2 9.19104e0 1.43188e2 1.43188e2
6.464616e2 9.19104e0 1.44077e2 1.44077e2
6.51512e2 9.19104e0 1.44965e2 1.44965e2
6.565624e2 9.19104e0 1.45851e2 1.45851e2
6.616128e2 9.19104e0 1.46739e2 1.46739e2
6.666632e2 9.19104e0 1.47627e2 1.47627e2
6.717136e2 9.19104e0 1.48514e2 1.48514e2
6.7676399e2 9.19104e0 1.49402e2 1.49402e2
6.8181439e2 9.19104e0 1.5029e2 1.5029e2
6.8686479e2 9.19104e0 1.51178e2 1.51178e2
6.9191519e2 9.19104e0 1.52065e2 1.52065e2
6.9696559e2 9.19104e0 1.52953e2 1.52953e2
7.0201599e2 9.19104e0 1.5384e2 1.5384e2
7.0706639e2 9.19104e0 1.54727e2 1.54727e2
7.1211679e2 9.19104e0 1.55615e2 1.55615e2
7.1716719e2 9.19104e0 1.56503e2 1.56503e2
7.2221759e2 9.19104e0 1.57391e2 1.57391e2
7.2726799e2 9.19104e0 1.58278e2 1.58278e2
7.3231839e2 9.19104e0 1.59166e2 1.59166e2
7.3736879e2 9.19104e0 1.60054e2 1.60054e2
7.4241919e2 9.19104e0 1.6094e2 1.6094e2
7.4746959e2 9.19104e0 1.61829e2 1.61829e2
7.5251999e2 9.19104e0 1.62717e2 1.62717e2
7.5757039e2 9.19104e0 1.63605e2 1.63605e2
7.6262079e2 9.19104e0 1.64491e2 1.64491e2
7.6767119e2 9.19104e0 1.6538e2 1.6538e2
7.7272159e2 9.19104e0 1.66267e2 1.66267e2
7.7777199e2 9.19104e0 1.67154e2 1.67154e2
7.8282239e2 9.19104e0 1.68042e2 1.68042e2
7.8787279e2 9.19104e0 1.6893e2 1.6893e2
7.9292319e2 9.19104e0 1.69818e2 1.69818e2
7.9797359e2 9.19104e0 1.70705e2 1.70705e2
8.0302399e2 9.19104e0 1.71593e2 1.71593e2
8.0807439e2 9.19104e0 1.72481e2 1.72481e2
8.1312479e2 9.19104e0 1.73367e2 1.73367e2
8.1817519e2 9.19104e0 1.74255e2 1.74255e2
8.2322559e2 9.19104e0 1.75143e2 1.75143e2
8.2827599e2 9.19104e0 1.76031e2 1.76031e2
8.3332639e2 9.19104e0 1.76918e2 1.76918e2
8.3837679e2 9.19104e0 1.77806e2 1.77806e2
8.4342719e2 9.19104e0 1.78694e2 1.78694e2
8.4847758e2 9.19104e0 1.7958e2 1.7958e2
8.5352798e2 9.19104e0 1.80469e2 1.80469e2
8.5857838e2 9.19104e0 1.81357e2 1.81357e2
8.6362878e2 9.19104e0 1.82245e2 1.82245e2
8.6867918e2 9.19104e0 1.83131e2 1.83131e2
8.7372958e2 9.19104e0 1.8402e2 1.8402e2
8.7877998e2 9.19104e0 1.84908e2 1.84908e2
8.8383038e2 9.19104e0 1.85794e2 1.85794e2
8.8888078e2 9.19104e0 1.86682e2 1.86682e2
8.9393118e2 9.19104e0 1.8757e2 1.8757e2
8.9898158e2 9.19104e0 1.88457e2 1.88457e2
9.0403198e2 9.19104e0 1.89345e2 1.89345e2
9.0908238e2 9.19104e0 1.90233e2 1.90233e2
9.1413278e2 9.19104e0 1.91121e2 1.91121e2
9.1918318e2 9.19104e0 1.92007e2 1.92007e2
9.2423358e2 9.19104e0 1.92896e2 1.92896e2
9.2928398e2 9.19104e0 1.93784e2 1.93784e2
9.3433438e2 9.19104e0 1.9467e2 1.9467e2
9.3938478e2 9.19104e0 1.95558e2 1.95558e2
9.4443518e2 9.19104e0 1.96446e2 1.96446e2
9.4948558e2 9.19104e0 1.97334e2 1.97334e2
9.5453598e2 9.19104e0 1.98221e2 1.98221e2
9.5958638e2 9.19104e0 1.99109e2 1.99109e2
9.6463678e2 9.19104e0 1.99997e2 1.99997e2
9.6968718e2 9.19104e0 2.00883e2 2.00883e2
9.7473758e2 9.19104e0 2.01772e2 2.01772e2
9.7978798e2 9.19104e0 2.0266e2 2.0266e2
9.8483838e2 9.19104e0 2.03548e2 2.03548e2
9.8988878e2 9.19104e0 2.04434e2 2.04434e2
9.9493918e2 9.19104e0 2.05322e2 2.05322e2
9.9998958e2 9.19104e0 2.0621e2 2.0621e2

5.0e2 9.393051e0 1.20277e2 1.20277e2
5.050504e2 9.393051e0 1.21184e2 1.21184e2
5.101008e2 9.393051e0 1.22092e2 1.22092e2
5.151512e2 9.393051e0 1.22998e2 1.22998e2
5.202016e2 9.393051e0 1.23906e2 1.23906e2
5.25252e2 9.393051e0 1.24812e2 1.24812e2
5.303024e2 9.393051e0 1.2572e2 1.2572e2
5.353528e2 9.393051e0 1.26627e2 1.26627e2
5.404032e2 9.393051e0 1.27534e2 1.27534e2
5.454536e2 9.393051e0 1.28441e2 1.28441e2
5.50504e2 9.393051e0 1.29349e2 1.29349e2
5.555544e2 9.393051e0 1.30255e2 1.30255e2
5.606048e2 9.393051e0 1.31163e2 1.31163e2
5.656552e2 9.393051e0 1.3207e2 1.3207e2
5.707056e2 9.393051e0 1.32977e2 1.32977e2
5.75756e2 9.393051e0 1.33884e2 1.33884e2
5.808064e2 9.393051e0 1.34792e2 1.34792e2
5.858568e2 9.393051e0 1.35698e2 1.35698e2
5.909072e2 9.393051e0 1.36606e2 1.36606e2
5.959576e2 9.393051e0 1.37512e2 1.37512e2
6.01008e2 9.393051e0 1.3842e2 1.3842e2
6.060584e2 9.393051e0 1.39326e2 1.39326e2
6.111088e2 9.393051e0 1.40234e2 1.40234e2
6.161592e2 9.393051e0 1.4114e2 1.4114e2
6.212096e2 9.393051e0 1.42049e2 1.42049e2
6.2626e2 9.393051e0 1.42955e2 1.42955e2
6.313104e2 9.393051e0 1.43863e2 1.43863e2
6.363608e2 9.393051e0 1.4477e2 1.4477e2
6.414112e2 9.393051e0 1.45677e2 1.45677e2
6.464616e2 9.393051e0 1.46584e2 1.46584e2
6.51512e2 9.393051e0 1.47491e2 1.47491e2
6.565624e2 9.393051e0 1.48398e2 1.48398e2
6.616128e2 9.393051e0 1.49306e2 1.49306e2
6.666632e2 9.393051e0 1.50212e2 1.50212e2
6.717136e2 9.393051e0 1.5112e2 1.5112e2
6.7676399e2 9.393051e0 1.52026e2 1.52026e2
6.8181439e2 9.393051e0 1.52934e2 1.52934e2
6.8686479e2 9.393051e0 1.5384e2 1.5384e2
6.9191519e2 9.393051e0 1.54749e2 1.54749e2
6.9696559e2 9.393051e0 1.55655e2 1.55655e2
7.0201599e2 9.393051e0 1.56563e2 1.56563e2
7.0706639e2 9.393051e0 1.57469e2 1.57469e2
7.1211679e2 9.393051e0 1.58377e2 1.58377e2
7.1716719e2 9.393051e0 1.59283e2 1.59283e2
7.2221759e2 9.393051e0 1.60191e2 1.60191e2
7.2726799e2 9.393051e0 1.61098e2 1.61098e2
7.3231839e2 9.393051e0 1.62006e2 1.62006e2
7.3736879e2 9.393051e0 1.62912e2 1.62912e2
7.4241919e2 9.393051e0 1.6382e2 1.6382e2
7.4746959e2 9.393051e0 1.64726e2 1.64726e2
7.5251999e2 9.393051e0 1.65634e2 1.65634e2
7.5757039e2 9.393051e0 1.6654e2 1.6654e2
7.6262079e2 9.393051e0 1.67448e2 1.67448e2
7.6767119e2 9.393051e0 1.68355e2 1.68355e2
7.7272159e2 9.393051e0 1.69263e2 1.69263e2
7.7777199e2 9.393051e0 1.70169e2 1.70169e2
7.8282239e2 9.393051e0 1.71077e2 1.71077e2
7.8787279e2 9.393051e0 1.71983e2 1.71983e2
7.9292319e2 9.393051e0 1.72891e2 1.72891e2
7.9797359e2 9.393051e0 1.73798e2 1.73798e2
8.0302399e2 9.393051e0 1.74706e2 1.74706e2
8.0807439e2 9.393051e0 1.75612e2 1.75612e2
8.1312479e2 9.393051e0 1.7652e2 1.7652e2
8.1817519e2 9.393051e0 1.77426e2 1.77426e2
8.2322559e2 9.393051e0 1.78333e2 1.78333e2
8.2827599e2 9.393051e0 1.7924e2 1.7924e2
8.3332639e2 9.393051e0 1.80147e2 1.80147e2
8.3837679e2 9.393051e0 1.81055e2 1.81055e2
8.4342719e2 9.393051e0 1.81961e2 1.81961e2
8.4847758e2 9.393051e0 1.82869e2 1.82869e2
8.5352798e2 9.393051e0 1.83775e2 1.83775e2
8.5857838e2 9.393051e0 1.84683e2 1.84683e2
8.6362878e2 9.393051e0 1.8559e2 1.8559e2
8.6867918e2 9.393051e0 1.86497e2 1.86497e2
8.7372958e2 9.393051e0 1.87404e2 1.87404e2
8.7877998e2 9.393051e0 1.88312e2 1.88312e2
8.8383038e2 9.393051e0 1.89218e2 1.89218e2
8.8888078e2 9.393051e0 1.90126e2 1.90126e2
8.9393118e2 9.393051e0 1.91032e2 1.91032e2
8.9898158e2 9.393051e0 1.9194e2 1.9194e2
9.0403198e2 9.393051e0 1.92847e2 1.92847e2
9.0908238e2 9.393051e0 1.93755e2 1.93755e2
9.1413278e2 9.393051e0 1.94661e2 1.94661e2
9.1918318e2 9.393051e0 1.95569e2 1.95569e2
9.2423358e2 9.393051e0 1.96475e2 1.96475e2
9.2928398e2 9.393051e0 1.97383e2 1.97383e2
9.3433438e2 9.393051e0 1.9829e2 1.9829e2
9.3938478e2 9.393051e0 1.99197e2 1.99197e2
9.4443518e2 9.393051e0 2.00104e2 2.00104e2
9.4948558e2 9.393051e0 2.01012e2 2.01012e2
9.5453598e2 9.393051e0 2.01918e2 2.01918e2
9.5958638e2 9.393051e0 2.02826e2 2.02826e2
9.6463678e2 9.393051e0 2.03732e2 2.03732e2
9.6968718e2 9.393051e0 2.0464e2 2.0464e2
9.7473758e2 9.393051e0 2.05547e2 2.05547e2
9.7978798e2 9.393051e0 2.06454e2 2.06454e2
9.8483838e2 9.393051e0 2.07361e2 2.07361e2
9.8988878e2 9.393051e0 2.08269e2 2.08269e2
9.9493918e2 9.393051e0 2.09175e2 2.09175e2
9.9998958e2 9.393051e0 2.10083e2 2.10083e2

5.0e2 9.595062e0 1.22218e2 1.22218e2
5.050504e2 9.595062e0 1.23145e2 1.23145e2
5.101008e2 9.595062e0 1.24072e2 1.24072e2
5.151512e2 9.595062e0 1.24998e2 1.24998e2
5.202016e2 9.595062e0 1.25925e2 1.25925e2
5.25252e2 9.595062e0 1.26851e2 1.26851e2
5.303024e2 9.595062e0 1.27779e2 1.27779e2
5.353528e2 9.595062e0 1.28705e2 1.28705e2
5.404032e2 9.595062e0 1.29631e2 1.29631e2
5.454536e2 9.595062e0 1.30559e2 1.30559e2
5.50504e2 9.595062e0 1.31485e2 1.31485e2
5.555544e2 9.595062e0 1.32411e2 1.32411e2
5.606048e2 9.595062e0 1.33337e2 1.33337e2
5.656552e2 9.595062e0 1.34265e2 1.34265e2
5.707056e2 9.595062e0 1.35191e2 1.35191e2
5.75756e2 9.595062e0 1.36118e2 1.36118e2
5.808064e2 9.595062e0 1.37045e2 1.37045e2
5.858568e2 9.595062e0 1.37971e2 1.37971e2
5.909072e2 9.595062e0 1.38898e2 1.38898e2
5.959576e2 9.595062e0 1.39824e2 1.39824e2
6.01008e2 9.595062e0 1.40752e2 1.40752e2
6.060584e2 9.595062e0 1.41678e2 1.41678e2
6.111088e2 9.595062e0 1.42604e2 1.42604e2
6.161592e2 9.595062e0 1.43532e2 1.43532e2
6.212096e2 9.595062e0 1.44458e2 1.44458e2
6.2626e2 9.595062e0 1.45384e2 1.45384e2
6.313104e2 9.595062e0 1.4631e2 1.4631e2
6.363608e2 9.595062e0 1.47238e2 1.47238e2
6.414112e2 9.595062e0 1.48164e2 1.48164e2
6.464616e2 9.595062e0 1.4909e2 1.4909e2
6.51512e2 9.595062e0 1.50018e2 1.50018e2
6.565624e2 9.595062e0 1.50945e2 1.50945e2
6.616128e2 9.595062e0 1.5187e2 1.5187e2
6.666632e2 9.595062e0 1.52797e2 1.52797e2
6.717136e2 9.595062e0 1.53725e2 1.53725e2
6.7676399e2 9.595062e0 1.54651e2 1.54651e2
6.8181439e2 9.595062e0 1.55577e2 1.55577e2
6.8686479e2 9.595062e0 1.56505e2 1.56505e2
6.9191519e2 9.595062e0 1.57431e2 1.57431e2
6.9696559e2 9.595062e0 1.58357e2 1.58357e2
7.0201599e2 9.595062e0 1.59283e2 1.59283e2
7.0706639e2 9.595062e0 1.60211e2 1.60211e2
7.1211679e2 9.595062e0 1.61137e2 1.61137e2
7.1716719e2 9.595062e0 1.62064e2 1.62064e2
7.2221759e2 9.595062e0 1.62991e2 1.62991e2
7.2726799e2 9.595062e0 1.63918e2 1.63918e2
7.3231839e2 9.595062e0 1.64844e2 1.64844e2
7.3736879e2 9.595062e0 1.6577e2 1.6577e2
7.4241919e2 9.595062e0 1.66698e2 1.66698e2
7.4746959e2 9.595062e0 1.67624e2 1.67624e2
7.5251999e2 9.595062e0 1.6855e2 1.6855e2
7.5757039e2 9.595062e0 1.69478e2 1.69478e2
7.6262079e2 9.595062e0 1.70404e2 1.70404e2
7.6767119e2 9.595062e0 1.7133e2 1.7133e2
7.7272159e2 9.595062e0 1.72256e2 1.72256e2
7.7777199e2 9.595062e0 1.73184e2 1.73184e2
7.8282239e2 9.595062e0 1.7411e2 1.7411e2
7.8787279e2 9.595062e0 1.75037e2 1.75037e2
7.9292319e2 9.595062e0 1.75963e2 1.75963e2
7.9797359e2 9.595062e0 1.7689e2 1.7689e2
8.0302399e2 9.595062e0 1.77817e2 1.77817e2
8.0807439e2 9.595062e0 1.78743e2 1.78743e2
8.1312479e2 9.595062e0 1.7967e2 1.7967e2
8.1817519e2 9.595062e0 1.80597e2 1.80597e2
8.2322559e2 9.595062e0 1.81523e2 1.81523e2
8.2827599e2 9.595062e0 1.8245e2 1.8245e2
8.3332639e2 9.595062e0 1.83377e2 1.83377e2
8.3837679e2 9.595062e0 1.84303e2 1.84303e2
8.4342719e2 9.595062e0 1.8523e2 1.8523e2
8.4847758e2 9.595062e0 1.86157e2 1.86157e2
8.5352798e2 9.595062e0 1.87083e2 1.87083e2
8.5857838e2 9.595062e0 1.8801e2 1.8801e2
8.6362878e2 9.595062e0 1.88936e2 1.88936e2
8.6867918e2 9.595062e0 1.89864e2 1.89864e2
8.7372958e2 9.595062e0 1.9079e2 1.9079e2
8.7877998e2 9.595062e0 1.91716e2 1.91716e2
8.8383038e2 9.595062e0 1.92644e2 1.92644e2
8.8888078e2 9.595062e0 1.9357e2 1.9357e2
8.9393118e2 9.595062e0 1.94496e2 1.94496e2
8.9898158e2 9.595062e0 1.95422e2 1.95422e2
9.0403198e2 9.595062e0 1.9635e2 1.9635e2
9.0908238e2 9.595062e0 1.97276e2 1.97276e2
9.1413278e2 9.595062e0 1.98203e2 1.98203e2
9.1918318e2 9.595062e0 1.9913e2 1.9913e2
9.2423358e2 9.595062e0 2.00056e2 2.00056e2
9.2928398e2 9.595062e0 2.00983e2 2.00983e2
9.3433438e2 9.595062e0 2.01909e2 2.01909e2
9.3938478e2 9.595062e0 2.02837e2 2.02837e2
9.4443518e2 9.595062e0 2.03763e2 2.03763e2
9.4948558e2 9.595062e0 2.04689e2 2.04689e2
9.5453598e2 9.595062e0 2.05617e2 2.05617e2
9.5958638e2 9.595062e0 2.06543e2 2.06543e2
9.6463678e2 9.595062e0 2.07469e2 2.07469e2
9.6968718e2 9.595062e0 2.08395e2 2.08395e2
9.7473758e2 9.595062e0 2.09323e2 2.09323e2
9.7978798e2 9.595062e0 2.1025e2 2.1025e2
9.8483838e2 9.595062e0 2.11176e2 2.11176e2
9.8988878e2 9.595062e0 2.12103e2 2.12103e2
9.9493918e2 9.595062e0 2.1303e2 2.1303e2
9.9998958e2 9.595062e0 2.13956e2 2.13956e2

5.0e2 9.797073e0 1.2416e2 1.2416e2
5.050504e2 9.797073e0 1.25105e2 1.25105e2
5.101008e2 9.797073e0 1.26053e2 1.26053e2
5.151512e2 9.797073e0 1.26999e2 1.26999e2
5.202016e2 9.797073e0 1.27945e2 1.27945e2
5.25252e2 9.797073e0 1.28891e2 1.28891e2
5.303024e2 9.797073e0 1.29837e2 1.29837e2
5.353528e2 9.797073e0 1.30783e2 1.30783e2
5.404032e2 9.797073e0 1.31729e2 1.31729e2
5.454536e2 9.797073e0 1.32675e2 1.32675e2
5.50504e2 9.797073e0 1.33621e2 1.33621e2
5.555544e2 9.797073e0 1.34567e2 1.34567e2
5.606048e2 9.797073e0 1.35513e2 1.35513e2
5.656552e2 9.797073e0 1.3646e2 1.3646e2
5.707056e2 9.797073e0 1.37405e2 1.37405e2
5.75756e2 9.797073e0 1.38351e2 1.38351e2
5.808064e2 9.797073e0 1.39299e2 1.39299e2
5.858568e2 9.797073e0 1.40245e2 1.40245e2
5.909072e2 9.797073e0 1.41191e2 1.41191e2
5.959576e2 9.797073e0 1.42137e2 1.42137e2
6.01008e2 9.797073e0 1.43083e2 1.43083e2
6.060584e2 9.797073e0 1.44029e2 1.44029e2
6.111088e2 9.797073e0 1.44975e2 1.44975e2
6.161592e2 9.797073e0 1.45921e2 1.45921e2
6.212096e2 9.797073e0 1.46867e2 1.46867e2
6.2626e2 9.797073e0 1.47813e2 1.47813e2
6.313104e2 9.797073e0 1.4876e2 1.4876e2
6.363608e2 9.797073e0 1.49706e2 1.49706e2
6.414112e2 9.797073e0 1.50652e2 1.50652e2
6.464616e2 9.797073e0 1.51598e2 1.51598e2
6.51512e2 9.797073e0 1.52544e2 1.52544e2
6.565624e2 9.797073e0 1.53491e2 1.53491e2
6.616128e2 9.797073e0 1.54437e2 1.54437e2
6.666632e2 9.797073e0 1.55383e2 1.55383e2
6.717136e2 9.797073e0 1.5633e2 1.5633e2
6.7676399e2 9.797073e0 1.57275e2 1.57275e2
6.8181439e2 9.797073e0 1.58221e2 1.58221e2
6.8686479e2 9.797073e0 1.59167e2 1.59167e2
6.9191519e2 9.797073e0 1.60114e2 1.60114e2
6.9696559e2 9.797073e0 1.6106e2 1.6106e2
7.0201599e2 9.797073e0 1.62006e2 1.62006e2
7.0706639e2 9.797073e0 1.62952e2 1.62952e2
7.1211679e2 9.797073e0 1.63898e2 1.63898e2
7.1716719e2 9.797073e0 1.64844e2 1.64844e2
7.2221759e2 9.797073e0 1.6579e2 1.6579e2
7.2726799e2 9.797073e0 1.66737e2 1.66737e2
7.3231839e2 9.797073e0 1.67683e2 1.67683e2
7.3736879e2 9.797073e0 1.6863e2 1.6863e2
7.4241919e2 9.797073e0 1.69576e2 1.69576e2
7.4746959e2 9.797073e0 1.70522e2 1.70522e2
7.5251999e2 9.797073e0 1.71468e2 1.71468e2
7.5757039e2 9.797073e0 1.72414e2 1.72414e2
7.6262079e2 9.797073e0 1.7336e2 1.7336e2
7.6767119e2 9.797073e0 1.74306e2 1.74306e2
7.7272159e2 9.797073e0 1.75252e2 1.75252e2
7.7777199e2 9.797073e0 1.76198e2 1.76198e2
7.8282239e2 9.797073e0 1.77144e2 1.77144e2
7.8787279e2 9.797073e0 1.7809e2 1.7809e2
7.9292319e2 9.797073e0 1.79036e2 1.79036e2
7.9797359e2 9.797073e0 1.79982e2 1.79982e2
8.0302399e2 9.797073e0 1.8093e2 1.8093e2
8.0807439e2 9.797073e0 1.81876e2 1.81876e2
8.1312479e2 9.797073e0 1.82822e2 1.82822e2
8.1817519e2 9.797073e0 1.83768e2 1.83768e2
8.2322559e2 9.797073e0 1.84714e2 1.84714e2
8.2827599e2 9.797073e0 1.8566e2 1.8566e2
8.3332639e2 9.797073e0 1.86606e2 1.86606e2
8.3837679e2 9.797073e0 1.87552e2 1.87552e2
8.4342719e2 9.797073e0 1.88498e2 1.88498e2
8.4847758e2 9.797073e0 1.89444e2 1.89444e2
8.5352798e2 9.797073e0 1.9039e2 1.9039e2
8.5857838e2 9.797073e0 1.91336e2 1.91336e2
8.6362878e2 9.797073e0 1.92282e2 1.92282e2
8.6867918e2 9.797073e0 1.93228e2 1.93228e2
8.7372958e2 9.797073e0 1.94174e2 1.94174e2
8.7877998e2 9.797073e0 1.95122e2 1.95122e2
8.8383038e2 9.797073e0 1.96068e2 1.96068e2
8.8888078e2 9.797073e0 1.97014e2 1.97014e2
8.9393118e2 9.797073e0 1.9796e2 1.9796e2
8.9898158e2 9.797073e0 1.98906e2 1.98906e2
9.0403198e2 9.797073e0 1.99852e2 1.99852e2
9.0908238e2 9.797073e0 2.00798e2 2.00798e2
9.1413278e2 9.797073e0 2.01744e2 2.01744e2
9.1918318e2 9.797073e0 2.0269e2 2.0269e2
9.2423358e2 9.797073e0 2.03636e2 2.03636e2
9.2928398e2 9.797073e0 2.04582e2 2.04582e2
9.3433438e2 9.797073e0 2.05528e2 2.05528e2
9.3938478e2 9.797073e0 2.06474e2 2.06474e2
9.4443518e2 9.797073e0 2.0742e2 2.0742e2
9.4948558e2 9.797073e0 2.08368e2 2.08368e2
9.5453598e2 9.797073e0 2.09314e2 2.09314e2
9.5958638e2 9.797073e0 2.1026e2 2.1026e2
9.6463678e2 9.797073e0 2.11206e2 2.11206e2
9.6968718e2 9.797073e0 2.12152e2 2.12152e2
9.7473758e2 9.797073e0 2.13098e2 2.13098e2
9.7978798e2 9.797073e0 2.14044e2 2.14044e2
9.8483838e2 9.797073e0 2.1499e2 2.1499e2
9.8988878e2 9.797073e0 2.15936e2 2.15936e2
9.9493918e2 9.797073e0 2.16882e2 2.16882e2
9.9998958e2 9.797073e0 2.17828e2 2.17828e2

5.0e2 9.999084e0 1.26102e2 1.26102e2
5.050504e2 9.999084e0 1.27068e2 1.27068e2
5.101008e2 9.999084e0 1.28033e2 1.28033e2
5.151512e2 9.999084e0 1.28998e2 1.28998e2
5.202016e2 9.999084e0 1.29964e2 1.29964e2
5.25252e2 9.999084e0 1.3093e2 1.3093e2
5.303024e2 9.999084e0 1.31895e2 1.31895e2
5.353528e2 9.999084e0 1.32861e2 1.32861e2
5.404032e2 9.999084e0 1.33827e2 1.33827e2
5.454536e2 9.999084e0 1.34793e2 1.34793e2
5.50504e2 9.999084e0 1.35757e2 1.35757e2
5.555544e2 9.999084e0 1.36723e2 1.36723e2
5.606048e2 9.999084e0 1.37689e2 1.37689e2
5.656552e2 9.999084e0 1.38655e2 1.38655e2
5.707056e2 9.999084e0 1.39621e2 1.39621e2
5.75756e2 9.999084e0 1.40587e2 1.40587e2
5.808064e2 9.999084e0 1.41553e2 1.41553e2
5.858568e2 9.999084e0 1.42517e2 1.42517e2
5.909072e2 9.999084e0 1.43483e2 1.43483e2
5.959576e2 9.999084e0 1.44449e2 1.44449e2
6.01008e2 9.999084e0 1.45415e2 1.45415e2
6.060584e2 9.999084e0 1.4638e2 1.4638e2
6.111088e2 9.999084e0 1.47346e2 1.47346e2
6.161592e2 9.999084e0 1.48311e2 1.48311e2
6.212096e2 9.999084e0 1.49277e2 1.49277e2
6.2626e2 9.999084e0 1.50243e2 1.50243e2
6.313104e2 9.999084e0 1.51208e2 1.51208e2
6.363608e2 9.999084e0 1.52174e2 1.52174e2
6.414112e2 9.999084e0 1.5314e2 1.5314e2
6.464616e2 9.999084e0 1.54106e2 1.54106e2
6.51512e2 9.999084e0 1.5507e2 1.5507e2
6.565624e2 9.999084e0 1.56036e2 1.56036e2
6.616128e2 9.999084e0 1.57002e2 1.57002e2
6.666632e2 9.999084e0 1.57968e2 1.57968e2
6.717136e2 9.999084e0 1.58934e2 1.58934e2
6.7676399e2 9.999084e0 1.599e2 1.599e2
6.8181439e2 9.999084e0 1.60866e2 1.60866e2
6.8686479e2 9.999084e0 1.6183e2 1.6183e2
6.9191519e2 9.999084e0 1.62796e2 1.62796e2
6.9696559e2 9.999084e0 1.63762e2 1.63762e2
7.0201599e2 9.999084e0 1.64728e2 1.64728e2
7.0706639e2 9.999084e0 1.65694e2 1.65694e2
7.1211679e2 9.999084e0 1.6666e2 1.6666e2
7.1716719e2 9.999084e0 1.67625e2 1.67625e2
7.2221759e2 9.999084e0 1.6859e2 1.6859e2
7.2726799e2 9.999084e0 1.69556e2 1.69556e2
7.3231839e2 9.999084e0 1.70522e2 1.70522e2
7.3736879e2 9.999084e0 1.71487e2 1.71487e2
7.4241919e2 9.999084e0 1.72453e2 1.72453e2
7.4746959e2 9.999084e0 1.73419e2 1.73419e2
7.5251999e2 9.999084e0 1.74385e2 1.74385e2
7.5757039e2 9.999084e0 1.7535e2 1.7535e2
7.6262079e2 9.999084e0 1.76315e2 1.76315e2
7.6767119e2 9.999084e0 1.77281e2 1.77281e2
7.7272159e2 9.999084e0 1.78247e2 1.78247e2
7.7777199e2 9.999084e0 1.79213e2 1.79213e2
7.8282239e2 9.999084e0 1.80179e2 1.80179e2
7.8787279e2 9.999084e0 1.81145e2 1.81145e2
7.9292319e2 9.999084e0 1.82109e2 1.82109e2
7.9797359e2 9.999084e0 1.83075e2 1.83075e2
8.0302399e2 9.999084e0 1.84041e2 1.84041e2
8.0807439e2 9.999084e0 1.85007e2 1.85007e2
8.1312479e2 9.999084e0 1.85973e2 1.85973e2
8.1817519e2 9.999084e0 1.86938e2 1.86938e2
8.2322559e2 9.999084e0 1.87903e2 1.87903e2
8.2827599e2 9.999084e0 1.88869e2 1.88869e2
8.3332639e2 9.999084e0 1.89835e2 1.89835e2
8.3837679e2 9.999084e0 1.908e2 1.908e2
8.4342719e2 9.999084e0 1.91766e2 1.91766e2
8.4847758e2 9.999084e0 1.92732e2 1.92732e2
8.5352798e2 9.999084e0 1.93698e2 1.93698e2
8.5857838e2 9.999084e0 1.94662e2 1.94662e2
8.6362878e2 9.999084e0 1.95628e2 1.95628e2
8.6867918e2 9.999084e0 1.96594e2 1.96594e2
8.7372958e2 9.999084e0 1.9756e2 1.9756e2
8.7877998e2 9.999084e0 1.98526e2 1.98526e2
8.8383038e2 9.999084e0 1.99492e2 1.99492e2
8.8888078e2 9.999084e0 2.00458e2 2.00458e2
8.9393118e2 9.999084e0 2.01422e2 2.01422e2
8.9898158e2 9.999084e0 2.02388e2 2.02388e2
9.0403198e2 9.999084e0 2.03354e2 2.03354e2
9.0908238e2 9.999084e0 2.0432e2 2.0432e2
9.1413278e2 9.999084e0 2.05286e2 2.05286e2
9.1918318e2 9.999084e0 2.06252e2 2.06252e2
9.2423358e2 9.999084e0 2.07217e2 2.07217e2
9.2928398e2 9.999084e0 2.08182e2 2.08182e2
9.3433438e2 9.999084e0 2.09148e2 2.09148e2
9.3938478e2 9.999084e0 2.10114e2 2.10114e2
9.4443518e2 9.999084e0 2.1108e2 2.1108e2
9.4948558e2 9.999084e0 2.12045e2 2.12045e2
9.5453598e2 9.999084e0 2.13011e2 2.13011e2
9.5958638e2 9.999084e0 2.13977e2 2.13977e2
9.6463678e2 9.999084e0 2.14941e2 2.14941e2
9.6968718e2 9.999084e0 2.15907e2 2.15907e2
9.7473758e2 9.999084e0 2.16873e2 2.16873e2
9.7978798e2 9.999084e0 2.17839e2 2.17839e2
9.8483838e2 9.999084e0 2.18805e2 2.18805e2
9.8988878e2 9.999084e0 2.19771e2 2.19771e2
9.9493918e2 9.999084e0 2.20737e2 2.20737e2
9.9998958e2 9.999084e0 2.21701e2 2.21701e2
